[0.000000] (-) TimerEvent: {}
[0.003036] (gps_message) JobQueued: {'identifier': 'gps_message', 'dependencies': OrderedDict()}
[0.003090] (imu_msg) JobQueued: {'identifier': 'imu_msg', 'dependencies': OrderedDict()}
[0.003106] (gps_driver) JobQueued: {'identifier': 'gps_driver', 'dependencies': OrderedDict([('gps_message', '/home/savannah/EECE5554/LAB4/install/gps_message')])}
[0.003119] (imu_driver) JobQueued: {'identifier': 'imu_driver', 'dependencies': OrderedDict([('imu_msg', '/home/savannah/EECE5554/LAB4/install/imu_msg')])}
[0.003130] (fusion_driver) JobQueued: {'identifier': 'fusion_driver', 'dependencies': OrderedDict([('gps_message', '/home/savannah/EECE5554/LAB4/install/gps_message'), ('imu_msg', '/home/savannah/EECE5554/LAB4/install/imu_msg'), ('gps_driver', '/home/savannah/EECE5554/LAB4/install/gps_driver'), ('imu_driver', '/home/savannah/EECE5554/LAB4/install/imu_driver')])}
[0.003144] (gps_message) JobStarted: {'identifier': 'gps_message'}
[0.006574] (imu_msg) JobStarted: {'identifier': 'imu_msg'}
[0.011463] (gps_message) JobProgress: {'identifier': 'gps_message', 'progress': 'cmake'}
[0.012232] (gps_message) JobProgress: {'identifier': 'gps_message', 'progress': 'build'}
[0.012948] (gps_message) Command: {'cmd': ['/usr/bin/cmake', '--build', '/home/savannah/EECE5554/LAB4/build/gps_message', '--', '-j4', '-l4'], 'cwd': '/home/savannah/EECE5554/LAB4/build/gps_message', 'env': OrderedDict([('LESSOPEN', '| /usr/bin/lesspipe %s'), ('USER', 'savannah'), ('XDG_SESSION_TYPE', 'wayland'), ('SHLVL', '2'), ('LD_LIBRARY_PATH', '/home/savannah/EECE5554/LAB1/install/gps_message/lib:/home/savannah/EECE5554/LAB4/install/imu_msg/lib:/home/savannah/EECE5554/LAB4/install/gps_message/lib:/opt/ros/humble/opt/rviz_ogre_vendor/lib:/opt/ros/humble/lib/x86_64-linux-gnu:/opt/ros/humble/lib'), ('HOME', '/home/savannah'), ('OLDPWD', '/home/savannah/EECE5554/LAB4/src'), ('DESKTOP_SESSION', 'ubuntu'), ('ROS_PYTHON_VERSION', '3'), ('GNOME_SHELL_SESSION_MODE', 'ubuntu'), ('GTK_MODULES', 'gail:atk-bridge'), ('SYSTEMD_EXEC_PID', '1701'), ('DBUS_SESSION_BUS_ADDRESS', 'unix:path=/run/user/1000/bus'), ('COLORTERM', 'truecolor'), ('TERMINATOR_DBUS_NAME', 'net.tenshu.Terminator25ef4b219e3b005583550f2b0f9f990c3'), ('IM_CONFIG_PHASE', '1'), ('WAYLAND_DISPLAY', 'wayland-0'), ('COLCON_PREFIX_PATH', '/home/savannah/EECE5554/LAB4/install:/home/savannah/EECE5554/LAB1/install'), ('ROS_DISTRO', 'humble'), ('LOGNAME', 'savannah'), ('_', '/usr/bin/colcon'), ('ROS_VERSION', '2'), ('XDG_SESSION_CLASS', 'user'), ('USERNAME', 'savannah'), ('TERM', 'xterm-256color'), ('GNOME_DESKTOP_SESSION_ID', 'this-is-deprecated'), ('ROS_LOCALHOST_ONLY', '0'), ('PATH', '/opt/ros/humble/bin:/home/savannah/.local/bin:/usr/local/sbin:/usr/local/bin:/usr/sbin:/usr/bin:/sbin:/bin:/usr/games:/usr/local/games:/snap/bin:/snap/bin'), ('SESSION_MANAGER', 'local/savannah-VirtualBox:@/tmp/.ICE-unix/1661,unix/savannah-VirtualBox:/tmp/.ICE-unix/1661'), ('XDG_MENU_PREFIX', 'gnome-'), ('GNOME_TERMINAL_SCREEN', '/org/gnome/Terminal/screen/115b0915_29a3_46f0_93e7_838b2bbe1923'), ('GNOME_SETUP_DISPLAY', ':1'), ('XDG_RUNTIME_DIR', '/run/user/1000'), ('DISPLAY', ':0'), ('TERMINATOR_DBUS_PATH', '/net/tenshu/Terminator2'), ('LANG', 'en_US.UTF-8'), ('XDG_CURRENT_DESKTOP', 'ubuntu:GNOME'), ('IBUS_DISABLE_SNOOPER', '1'), ('XMODIFIERS', '@im=ibus'), ('XDG_SESSION_DESKTOP', 'ubuntu'), ('XAUTHORITY', '/run/user/1000/.mutter-Xwaylandauth.FJW132'), ('LS_COLORS', 'rs=0:di=01;34:ln=01;36:mh=00:pi=40;33:so=01;35:do=01;35:bd=40;33;01:cd=40;33;01:or=40;31;01:mi=00:su=37;41:sg=30;43:ca=30;41:tw=30;42:ow=34;42:st=37;44:ex=01;32:*.tar=01;31:*.tgz=01;31:*.arc=01;31:*.arj=01;31:*.taz=01;31:*.lha=01;31:*.lz4=01;31:*.lzh=01;31:*.lzma=01;31:*.tlz=01;31:*.txz=01;31:*.tzo=01;31:*.t7z=01;31:*.zip=01;31:*.z=01;31:*.dz=01;31:*.gz=01;31:*.lrz=01;31:*.lz=01;31:*.lzo=01;31:*.xz=01;31:*.zst=01;31:*.tzst=01;31:*.bz2=01;31:*.bz=01;31:*.tbz=01;31:*.tbz2=01;31:*.tz=01;31:*.deb=01;31:*.rpm=01;31:*.jar=01;31:*.war=01;31:*.ear=01;31:*.sar=01;31:*.rar=01;31:*.alz=01;31:*.ace=01;31:*.zoo=01;31:*.cpio=01;31:*.7z=01;31:*.rz=01;31:*.cab=01;31:*.wim=01;31:*.swm=01;31:*.dwm=01;31:*.esd=01;31:*.jpg=01;35:*.jpeg=01;35:*.mjpg=01;35:*.mjpeg=01;35:*.gif=01;35:*.bmp=01;35:*.pbm=01;35:*.pgm=01;35:*.ppm=01;35:*.tga=01;35:*.xbm=01;35:*.xpm=01;35:*.tif=01;35:*.tiff=01;35:*.png=01;35:*.svg=01;35:*.svgz=01;35:*.mng=01;35:*.pcx=01;35:*.mov=01;35:*.mpg=01;35:*.mpeg=01;35:*.m2v=01;35:*.mkv=01;35:*.webm=01;35:*.webp=01;35:*.ogm=01;35:*.mp4=01;35:*.m4v=01;35:*.mp4v=01;35:*.vob=01;35:*.qt=01;35:*.nuv=01;35:*.wmv=01;35:*.asf=01;35:*.rm=01;35:*.rmvb=01;35:*.flc=01;35:*.avi=01;35:*.fli=01;35:*.flv=01;35:*.gl=01;35:*.dl=01;35:*.xcf=01;35:*.xwd=01;35:*.yuv=01;35:*.cgm=01;35:*.emf=01;35:*.ogv=01;35:*.ogx=01;35:*.aac=00;36:*.au=00;36:*.flac=00;36:*.m4a=00;36:*.mid=00;36:*.midi=00;36:*.mka=00;36:*.mp3=00;36:*.mpc=00;36:*.ogg=00;36:*.ra=00;36:*.wav=00;36:*.oga=00;36:*.opus=00;36:*.spx=00;36:*.xspf=00;36:'), ('GNOME_TERMINAL_SERVICE', ':1.104'), ('SSH_AGENT_LAUNCHER', 'gnome-keyring'), ('SSH_AUTH_SOCK', '/run/user/1000/keyring/ssh'), ('AMENT_PREFIX_PATH', '/home/savannah/EECE5554/LAB1/install/gps_driver:/home/savannah/EECE5554/LAB1/install/gps_message:/home/savannah/EECE5554/LAB4/install/fusion_driver:/home/savannah/EECE5554/LAB4/install/imu_driver:/home/savannah/EECE5554/LAB4/install/imu_msg:/home/savannah/EECE5554/LAB4/install/gps_driver:/home/savannah/EECE5554/LAB4/install/gps_message:/opt/ros/humble'), ('SHELL', '/bin/bash'), ('TERMINATOR_UUID', 'urn:uuid:f90c821d-3786-4772-96da-b6768894ea90'), ('QT_ACCESSIBILITY', '1'), ('GDMSESSION', 'ubuntu'), ('LESSCLOSE', '/usr/bin/lesspipe %s %s'), ('QT_IM_MODULE', 'ibus'), ('PWD', '/home/savannah/EECE5554/LAB4/build/gps_message'), ('LC_ALL', 'en_US.UTF-8'), ('XDG_CONFIG_DIRS', '/etc/xdg/xdg-ubuntu:/etc/xdg'), ('XDG_DATA_DIRS', '/usr/share/ubuntu:/usr/local/share/:/usr/share/:/var/lib/snapd/desktop'), ('PYTHONPATH', '/home/savannah/EECE5554/LAB1/install/gps_driver/lib/python3.10/site-packages:/home/savannah/EECE5554/LAB1/install/gps_message/local/lib/python3.10/dist-packages:/home/savannah/EECE5554/LAB4/install/fusion_driver/lib/python3.10/site-packages:/home/savannah/EECE5554/LAB4/install/imu_driver/lib/python3.10/site-packages:/home/savannah/EECE5554/LAB4/install/imu_msg/local/lib/python3.10/dist-packages:/home/savannah/EECE5554/LAB4/install/gps_driver/lib/python3.10/site-packages:/home/savannah/EECE5554/LAB4/install/gps_message/local/lib/python3.10/dist-packages:/opt/ros/humble/lib/python3.10/site-packages:/opt/ros/humble/local/lib/python3.10/dist-packages'), ('COLCON', '1'), ('VTE_VERSION', '6800'), ('CMAKE_PREFIX_PATH', '/home/savannah/EECE5554/LAB1/install/gps_message:/home/savannah/EECE5554/LAB4/install/imu_msg:/home/savannah/EECE5554/LAB4/install/gps_message:/home/savannah/EECE5554/LAB1/install/gps_driver:/home/savannah/EECE5554/LAB4/install/fusion_driver:/home/savannah/EECE5554/LAB4/install/imu_driver:/home/savannah/EECE5554/LAB4/install/gps_driver:/opt/ros/humble')]), 'shell': False}
[0.020612] (imu_msg) JobProgress: {'identifier': 'imu_msg', 'progress': 'cmake'}
[0.020712] (imu_msg) JobProgress: {'identifier': 'imu_msg', 'progress': 'build'}
[0.020740] (imu_msg) Command: {'cmd': ['/usr/bin/cmake', '--build', '/home/savannah/EECE5554/LAB4/build/imu_msg', '--', '-j4', '-l4'], 'cwd': '/home/savannah/EECE5554/LAB4/build/imu_msg', 'env': OrderedDict([('LESSOPEN', '| /usr/bin/lesspipe %s'), ('USER', 'savannah'), ('XDG_SESSION_TYPE', 'wayland'), ('SHLVL', '2'), ('LD_LIBRARY_PATH', '/home/savannah/EECE5554/LAB1/install/gps_message/lib:/home/savannah/EECE5554/LAB4/install/imu_msg/lib:/home/savannah/EECE5554/LAB4/install/gps_message/lib:/opt/ros/humble/opt/rviz_ogre_vendor/lib:/opt/ros/humble/lib/x86_64-linux-gnu:/opt/ros/humble/lib'), ('HOME', '/home/savannah'), ('OLDPWD', '/home/savannah/EECE5554/LAB4/src'), ('DESKTOP_SESSION', 'ubuntu'), ('ROS_PYTHON_VERSION', '3'), ('GNOME_SHELL_SESSION_MODE', 'ubuntu'), ('GTK_MODULES', 'gail:atk-bridge'), ('SYSTEMD_EXEC_PID', '1701'), ('DBUS_SESSION_BUS_ADDRESS', 'unix:path=/run/user/1000/bus'), ('COLORTERM', 'truecolor'), ('TERMINATOR_DBUS_NAME', 'net.tenshu.Terminator25ef4b219e3b005583550f2b0f9f990c3'), ('IM_CONFIG_PHASE', '1'), ('WAYLAND_DISPLAY', 'wayland-0'), ('COLCON_PREFIX_PATH', '/home/savannah/EECE5554/LAB4/install:/home/savannah/EECE5554/LAB1/install'), ('ROS_DISTRO', 'humble'), ('LOGNAME', 'savannah'), ('_', '/usr/bin/colcon'), ('ROS_VERSION', '2'), ('XDG_SESSION_CLASS', 'user'), ('USERNAME', 'savannah'), ('TERM', 'xterm-256color'), ('GNOME_DESKTOP_SESSION_ID', 'this-is-deprecated'), ('ROS_LOCALHOST_ONLY', '0'), ('PATH', '/opt/ros/humble/bin:/home/savannah/.local/bin:/usr/local/sbin:/usr/local/bin:/usr/sbin:/usr/bin:/sbin:/bin:/usr/games:/usr/local/games:/snap/bin:/snap/bin'), ('SESSION_MANAGER', 'local/savannah-VirtualBox:@/tmp/.ICE-unix/1661,unix/savannah-VirtualBox:/tmp/.ICE-unix/1661'), ('XDG_MENU_PREFIX', 'gnome-'), ('GNOME_TERMINAL_SCREEN', '/org/gnome/Terminal/screen/115b0915_29a3_46f0_93e7_838b2bbe1923'), ('GNOME_SETUP_DISPLAY', ':1'), ('XDG_RUNTIME_DIR', '/run/user/1000'), ('DISPLAY', ':0'), ('TERMINATOR_DBUS_PATH', '/net/tenshu/Terminator2'), ('LANG', 'en_US.UTF-8'), ('XDG_CURRENT_DESKTOP', 'ubuntu:GNOME'), ('IBUS_DISABLE_SNOOPER', '1'), ('XMODIFIERS', '@im=ibus'), ('XDG_SESSION_DESKTOP', 'ubuntu'), ('XAUTHORITY', '/run/user/1000/.mutter-Xwaylandauth.FJW132'), ('LS_COLORS', 'rs=0:di=01;34:ln=01;36:mh=00:pi=40;33:so=01;35:do=01;35:bd=40;33;01:cd=40;33;01:or=40;31;01:mi=00:su=37;41:sg=30;43:ca=30;41:tw=30;42:ow=34;42:st=37;44:ex=01;32:*.tar=01;31:*.tgz=01;31:*.arc=01;31:*.arj=01;31:*.taz=01;31:*.lha=01;31:*.lz4=01;31:*.lzh=01;31:*.lzma=01;31:*.tlz=01;31:*.txz=01;31:*.tzo=01;31:*.t7z=01;31:*.zip=01;31:*.z=01;31:*.dz=01;31:*.gz=01;31:*.lrz=01;31:*.lz=01;31:*.lzo=01;31:*.xz=01;31:*.zst=01;31:*.tzst=01;31:*.bz2=01;31:*.bz=01;31:*.tbz=01;31:*.tbz2=01;31:*.tz=01;31:*.deb=01;31:*.rpm=01;31:*.jar=01;31:*.war=01;31:*.ear=01;31:*.sar=01;31:*.rar=01;31:*.alz=01;31:*.ace=01;31:*.zoo=01;31:*.cpio=01;31:*.7z=01;31:*.rz=01;31:*.cab=01;31:*.wim=01;31:*.swm=01;31:*.dwm=01;31:*.esd=01;31:*.jpg=01;35:*.jpeg=01;35:*.mjpg=01;35:*.mjpeg=01;35:*.gif=01;35:*.bmp=01;35:*.pbm=01;35:*.pgm=01;35:*.ppm=01;35:*.tga=01;35:*.xbm=01;35:*.xpm=01;35:*.tif=01;35:*.tiff=01;35:*.png=01;35:*.svg=01;35:*.svgz=01;35:*.mng=01;35:*.pcx=01;35:*.mov=01;35:*.mpg=01;35:*.mpeg=01;35:*.m2v=01;35:*.mkv=01;35:*.webm=01;35:*.webp=01;35:*.ogm=01;35:*.mp4=01;35:*.m4v=01;35:*.mp4v=01;35:*.vob=01;35:*.qt=01;35:*.nuv=01;35:*.wmv=01;35:*.asf=01;35:*.rm=01;35:*.rmvb=01;35:*.flc=01;35:*.avi=01;35:*.fli=01;35:*.flv=01;35:*.gl=01;35:*.dl=01;35:*.xcf=01;35:*.xwd=01;35:*.yuv=01;35:*.cgm=01;35:*.emf=01;35:*.ogv=01;35:*.ogx=01;35:*.aac=00;36:*.au=00;36:*.flac=00;36:*.m4a=00;36:*.mid=00;36:*.midi=00;36:*.mka=00;36:*.mp3=00;36:*.mpc=00;36:*.ogg=00;36:*.ra=00;36:*.wav=00;36:*.oga=00;36:*.opus=00;36:*.spx=00;36:*.xspf=00;36:'), ('GNOME_TERMINAL_SERVICE', ':1.104'), ('SSH_AGENT_LAUNCHER', 'gnome-keyring'), ('SSH_AUTH_SOCK', '/run/user/1000/keyring/ssh'), ('AMENT_PREFIX_PATH', '/home/savannah/EECE5554/LAB1/install/gps_driver:/home/savannah/EECE5554/LAB1/install/gps_message:/home/savannah/EECE5554/LAB4/install/fusion_driver:/home/savannah/EECE5554/LAB4/install/imu_driver:/home/savannah/EECE5554/LAB4/install/imu_msg:/home/savannah/EECE5554/LAB4/install/gps_driver:/home/savannah/EECE5554/LAB4/install/gps_message:/opt/ros/humble'), ('SHELL', '/bin/bash'), ('TERMINATOR_UUID', 'urn:uuid:f90c821d-3786-4772-96da-b6768894ea90'), ('QT_ACCESSIBILITY', '1'), ('GDMSESSION', 'ubuntu'), ('LESSCLOSE', '/usr/bin/lesspipe %s %s'), ('QT_IM_MODULE', 'ibus'), ('PWD', '/home/savannah/EECE5554/LAB4/build/imu_msg'), ('LC_ALL', 'en_US.UTF-8'), ('XDG_CONFIG_DIRS', '/etc/xdg/xdg-ubuntu:/etc/xdg'), ('XDG_DATA_DIRS', '/usr/share/ubuntu:/usr/local/share/:/usr/share/:/var/lib/snapd/desktop'), ('PYTHONPATH', '/home/savannah/EECE5554/LAB1/install/gps_driver/lib/python3.10/site-packages:/home/savannah/EECE5554/LAB1/install/gps_message/local/lib/python3.10/dist-packages:/home/savannah/EECE5554/LAB4/install/fusion_driver/lib/python3.10/site-packages:/home/savannah/EECE5554/LAB4/install/imu_driver/lib/python3.10/site-packages:/home/savannah/EECE5554/LAB4/install/imu_msg/local/lib/python3.10/dist-packages:/home/savannah/EECE5554/LAB4/install/gps_driver/lib/python3.10/site-packages:/home/savannah/EECE5554/LAB4/install/gps_message/local/lib/python3.10/dist-packages:/opt/ros/humble/lib/python3.10/site-packages:/opt/ros/humble/local/lib/python3.10/dist-packages'), ('COLCON', '1'), ('VTE_VERSION', '6800'), ('CMAKE_PREFIX_PATH', '/home/savannah/EECE5554/LAB1/install/gps_message:/home/savannah/EECE5554/LAB4/install/imu_msg:/home/savannah/EECE5554/LAB4/install/gps_message:/home/savannah/EECE5554/LAB1/install/gps_driver:/home/savannah/EECE5554/LAB4/install/fusion_driver:/home/savannah/EECE5554/LAB4/install/imu_driver:/home/savannah/EECE5554/LAB4/install/gps_driver:/opt/ros/humble')]), 'shell': False}
[0.070060] (imu_msg) StdoutLine: {'line': b'\x1b[35m\x1b[1mConsolidate compiler generated dependencies of target imu_msg__rosidl_generator_c\x1b[0m\n'}
[0.078989] (gps_message) StdoutLine: {'line': b'\x1b[35m\x1b[1mConsolidate compiler generated dependencies of target gps_message__rosidl_generator_c\x1b[0m\n'}
[0.085460] (imu_msg) StdoutLine: {'line': b'[  3%] Built target imu_msg__cpp\n'}
[0.087090] (imu_msg) StdoutLine: {'line': b'[ 12%] Built target imu_msg__rosidl_generator_c\n'}
[0.088978] (gps_message) StdoutLine: {'line': b'[  3%] Built target gps_message__cpp\n'}
[0.091329] (gps_message) StdoutLine: {'line': b'[ 12%] Built target gps_message__rosidl_generator_c\n'}
[0.093126] (imu_msg) StdoutLine: {'line': b'[ 12%] Built target ament_cmake_python_copy_imu_msg\n'}
[0.100421] (-) TimerEvent: {}
[0.105299] (imu_msg) StdoutLine: {'line': b'\x1b[35m\x1b[1mConsolidate compiler generated dependencies of target imu_msg__rosidl_typesupport_introspection_c\x1b[0m\n'}
[0.106947] (imu_msg) StdoutLine: {'line': b'\x1b[35m\x1b[1mConsolidate compiler generated dependencies of target imu_msg__rosidl_typesupport_cpp\x1b[0m\n'}
[0.109046] (imu_msg) StdoutLine: {'line': b'\x1b[35m\x1b[1mConsolidate compiler generated dependencies of target imu_msg__rosidl_typesupport_fastrtps_cpp\x1b[0m\n'}
[0.109162] (imu_msg) StdoutLine: {'line': b'\x1b[35m\x1b[1mConsolidate compiler generated dependencies of target imu_msg__rosidl_typesupport_c\x1b[0m\n'}
[0.114148] (gps_message) StdoutLine: {'line': b'\x1b[35m\x1b[1mConsolidate compiler generated dependencies of target gps_message__rosidl_typesupport_introspection_cpp\x1b[0m\n'}
[0.114289] (gps_message) StdoutLine: {'line': b'\x1b[35m\x1b[1mConsolidate compiler generated dependencies of target gps_message__rosidl_typesupport_fastrtps_cpp\x1b[0m\n'}
[0.123969] (gps_message) StdoutLine: {'line': b'\x1b[35m\x1b[1mConsolidate compiler generated dependencies of target gps_message__rosidl_typesupport_cpp\x1b[0m\n'}
[0.124132] (gps_message) StdoutLine: {'line': b'[ 12%] Built target ament_cmake_python_copy_gps_message\n'}
[0.133925] (gps_message) StdoutLine: {'line': b'[ 22%] Built target gps_message__rosidl_typesupport_introspection_cpp\n'}
[0.144938] (gps_message) StdoutLine: {'line': b'[ 32%] Built target gps_message__rosidl_typesupport_fastrtps_cpp\n'}
[0.147762] (gps_message) StdoutLine: {'line': b'\x1b[35m\x1b[1mConsolidate compiler generated dependencies of target gps_message__rosidl_typesupport_fastrtps_c\x1b[0m\n'}
[0.149628] (imu_msg) StdoutLine: {'line': b'[ 22%] Built target imu_msg__rosidl_typesupport_introspection_c\n'}
[0.149769] (imu_msg) StdoutLine: {'line': b'[ 32%] Built target imu_msg__rosidl_typesupport_c\n'}
[0.155979] (gps_message) StdoutLine: {'line': b'[ 41%] Built target gps_message__rosidl_typesupport_cpp\n'}
[0.156194] (imu_msg) StdoutLine: {'line': b'[ 41%] Built target imu_msg__rosidl_typesupport_cpp\n'}
[0.156277] (imu_msg) StdoutLine: {'line': b'[ 51%] Built target imu_msg__rosidl_typesupport_fastrtps_cpp\n'}
[0.161739] (gps_message) StdoutLine: {'line': b'\x1b[35m\x1b[1mConsolidate compiler generated dependencies of target gps_message__rosidl_typesupport_introspection_c\x1b[0m\n'}
[0.165960] (gps_message) StdoutLine: {'line': b'\x1b[35m\x1b[1mConsolidate compiler generated dependencies of target gps_message__rosidl_typesupport_c\x1b[0m\n'}
[0.169897] (gps_message) StdoutLine: {'line': b'[ 51%] Built target gps_message__rosidl_typesupport_fastrtps_c\n'}
[0.170096] (imu_msg) StdoutLine: {'line': b'\x1b[35m\x1b[1mConsolidate compiler generated dependencies of target imu_msg__rosidl_typesupport_fastrtps_c\x1b[0m\n'}
[0.170162] (imu_msg) StdoutLine: {'line': b'\x1b[35m\x1b[1mConsolidate compiler generated dependencies of target imu_msg__rosidl_typesupport_introspection_cpp\x1b[0m\n'}
[0.176846] (gps_message) StdoutLine: {'line': b'[ 61%] Built target gps_message__rosidl_typesupport_introspection_c\n'}
[0.187851] (imu_msg) StdoutLine: {'line': b'[ 61%] Built target imu_msg__rosidl_typesupport_introspection_cpp\n'}
[0.188162] (imu_msg) StdoutLine: {'line': b'[ 70%] Built target imu_msg__rosidl_typesupport_fastrtps_c\n'}
[0.188879] (gps_message) StdoutLine: {'line': b'[ 70%] Built target gps_message__rosidl_typesupport_c\n'}
[0.200798] (-) TimerEvent: {}
[0.210908] (gps_message) StdoutLine: {'line': b'[ 70%] Built target gps_message\n'}
[0.216411] (imu_msg) StdoutLine: {'line': b'[ 70%] Built target imu_msg\n'}
[0.242931] (imu_msg) StdoutLine: {'line': b'[ 74%] Built target imu_msg__py\n'}
[0.251546] (gps_message) StdoutLine: {'line': b'[ 74%] Built target gps_message__py\n'}
[0.264133] (imu_msg) StdoutLine: {'line': b'\x1b[35m\x1b[1mConsolidate compiler generated dependencies of target imu_msg__rosidl_generator_py\x1b[0m\n'}
[0.271064] (gps_message) StdoutLine: {'line': b'\x1b[35m\x1b[1mConsolidate compiler generated dependencies of target gps_message__rosidl_generator_py\x1b[0m\n'}
[0.293842] (imu_msg) StdoutLine: {'line': b'[ 80%] Built target imu_msg__rosidl_generator_py\n'}
[0.300916] (-) TimerEvent: {}
[0.310963] (gps_message) StdoutLine: {'line': b'[ 80%] Built target gps_message__rosidl_generator_py\n'}
[0.314333] (imu_msg) StdoutLine: {'line': b'\x1b[35m\x1b[1mConsolidate compiler generated dependencies of target imu_msg__rosidl_typesupport_introspection_c__pyext\x1b[0m\n'}
[0.318970] (imu_msg) StdoutLine: {'line': b'\x1b[35m\x1b[1mConsolidate compiler generated dependencies of target imu_msg__rosidl_typesupport_fastrtps_c__pyext\x1b[0m\n'}
[0.319411] (imu_msg) StdoutLine: {'line': b'\x1b[35m\x1b[1mConsolidate compiler generated dependencies of target imu_msg__rosidl_typesupport_c__pyext\x1b[0m\n'}
[0.341976] (gps_message) StdoutLine: {'line': b'\x1b[35m\x1b[1mConsolidate compiler generated dependencies of target gps_message__rosidl_typesupport_fastrtps_c__pyext\x1b[0m\n'}
[0.350692] (imu_msg) StdoutLine: {'line': b'[ 87%] Built target imu_msg__rosidl_typesupport_introspection_c__pyext\n'}
[0.350869] (gps_message) StdoutLine: {'line': b'\x1b[35m\x1b[1mConsolidate compiler generated dependencies of target gps_message__rosidl_typesupport_c__pyext\x1b[0m\n'}
[0.357252] (gps_message) StdoutLine: {'line': b'\x1b[35m\x1b[1mConsolidate compiler generated dependencies of target gps_message__rosidl_typesupport_introspection_c__pyext\x1b[0m\n'}
[0.364365] (imu_msg) StdoutLine: {'line': b'[ 93%] Built target imu_msg__rosidl_typesupport_c__pyext\n'}
[0.364539] (imu_msg) StdoutLine: {'line': b'[100%] Built target imu_msg__rosidl_typesupport_fastrtps_c__pyext\n'}
[0.373632] (gps_message) StdoutLine: {'line': b'[ 87%] Built target gps_message__rosidl_typesupport_c__pyext\n'}
[0.379016] (gps_message) StdoutLine: {'line': b'[ 93%] Built target gps_message__rosidl_typesupport_fastrtps_c__pyext\n'}
[0.379906] (gps_message) StdoutLine: {'line': b'[100%] Built target gps_message__rosidl_typesupport_introspection_c__pyext\n'}
[0.401035] (-) TimerEvent: {}
[0.484753] (gps_message) StdoutLine: {'line': b'running egg_info\n'}
[0.487360] (gps_message) StdoutLine: {'line': b'writing gps_message.egg-info/PKG-INFO\n'}
[0.487972] (gps_message) StdoutLine: {'line': b'writing dependency_links to gps_message.egg-info/dependency_links.txt\n'}
[0.488146] (gps_message) StdoutLine: {'line': b'writing top-level names to gps_message.egg-info/top_level.txt\n'}
[0.490561] (gps_message) StdoutLine: {'line': b"reading manifest file 'gps_message.egg-info/SOURCES.txt'\n"}
[0.492985] (gps_message) StdoutLine: {'line': b"writing manifest file 'gps_message.egg-info/SOURCES.txt'\n"}
[0.501285] (-) TimerEvent: {}
[0.505361] (imu_msg) StdoutLine: {'line': b'running egg_info\n'}
[0.505538] (imu_msg) StdoutLine: {'line': b'writing imu_msg.egg-info/PKG-INFO\n'}
[0.505587] (imu_msg) StdoutLine: {'line': b'writing dependency_links to imu_msg.egg-info/dependency_links.txt\n'}
[0.507206] (imu_msg) StdoutLine: {'line': b'writing top-level names to imu_msg.egg-info/top_level.txt\n'}
[0.509982] (imu_msg) StdoutLine: {'line': b"reading manifest file 'imu_msg.egg-info/SOURCES.txt'\n"}
[0.510148] (imu_msg) StdoutLine: {'line': b"writing manifest file 'imu_msg.egg-info/SOURCES.txt'\n"}
[0.518944] (gps_message) StdoutLine: {'line': b'[100%] Built target ament_cmake_python_build_gps_message_egg\n'}
[0.538320] (gps_message) CommandEnded: {'returncode': 0}
[0.538664] (gps_message) JobProgress: {'identifier': 'gps_message', 'progress': 'install'}
[0.541137] (imu_msg) StdoutLine: {'line': b'[100%] Built target ament_cmake_python_build_imu_msg_egg\n'}
[0.546071] (gps_message) Command: {'cmd': ['/usr/bin/cmake', '--install', '/home/savannah/EECE5554/LAB4/build/gps_message'], 'cwd': '/home/savannah/EECE5554/LAB4/build/gps_message', 'env': OrderedDict([('LESSOPEN', '| /usr/bin/lesspipe %s'), ('USER', 'savannah'), ('XDG_SESSION_TYPE', 'wayland'), ('SHLVL', '2'), ('LD_LIBRARY_PATH', '/home/savannah/EECE5554/LAB1/install/gps_message/lib:/home/savannah/EECE5554/LAB4/install/imu_msg/lib:/home/savannah/EECE5554/LAB4/install/gps_message/lib:/opt/ros/humble/opt/rviz_ogre_vendor/lib:/opt/ros/humble/lib/x86_64-linux-gnu:/opt/ros/humble/lib'), ('HOME', '/home/savannah'), ('OLDPWD', '/home/savannah/EECE5554/LAB4/src'), ('DESKTOP_SESSION', 'ubuntu'), ('ROS_PYTHON_VERSION', '3'), ('GNOME_SHELL_SESSION_MODE', 'ubuntu'), ('GTK_MODULES', 'gail:atk-bridge'), ('SYSTEMD_EXEC_PID', '1701'), ('DBUS_SESSION_BUS_ADDRESS', 'unix:path=/run/user/1000/bus'), ('COLORTERM', 'truecolor'), ('TERMINATOR_DBUS_NAME', 'net.tenshu.Terminator25ef4b219e3b005583550f2b0f9f990c3'), ('IM_CONFIG_PHASE', '1'), ('WAYLAND_DISPLAY', 'wayland-0'), ('COLCON_PREFIX_PATH', '/home/savannah/EECE5554/LAB4/install:/home/savannah/EECE5554/LAB1/install'), ('ROS_DISTRO', 'humble'), ('LOGNAME', 'savannah'), ('_', '/usr/bin/colcon'), ('ROS_VERSION', '2'), ('XDG_SESSION_CLASS', 'user'), ('USERNAME', 'savannah'), ('TERM', 'xterm-256color'), ('GNOME_DESKTOP_SESSION_ID', 'this-is-deprecated'), ('ROS_LOCALHOST_ONLY', '0'), ('PATH', '/opt/ros/humble/bin:/home/savannah/.local/bin:/usr/local/sbin:/usr/local/bin:/usr/sbin:/usr/bin:/sbin:/bin:/usr/games:/usr/local/games:/snap/bin:/snap/bin'), ('SESSION_MANAGER', 'local/savannah-VirtualBox:@/tmp/.ICE-unix/1661,unix/savannah-VirtualBox:/tmp/.ICE-unix/1661'), ('XDG_MENU_PREFIX', 'gnome-'), ('GNOME_TERMINAL_SCREEN', '/org/gnome/Terminal/screen/115b0915_29a3_46f0_93e7_838b2bbe1923'), ('GNOME_SETUP_DISPLAY', ':1'), ('XDG_RUNTIME_DIR', '/run/user/1000'), ('DISPLAY', ':0'), ('TERMINATOR_DBUS_PATH', '/net/tenshu/Terminator2'), ('LANG', 'en_US.UTF-8'), ('XDG_CURRENT_DESKTOP', 'ubuntu:GNOME'), ('IBUS_DISABLE_SNOOPER', '1'), ('XMODIFIERS', '@im=ibus'), ('XDG_SESSION_DESKTOP', 'ubuntu'), ('XAUTHORITY', '/run/user/1000/.mutter-Xwaylandauth.FJW132'), ('LS_COLORS', 'rs=0:di=01;34:ln=01;36:mh=00:pi=40;33:so=01;35:do=01;35:bd=40;33;01:cd=40;33;01:or=40;31;01:mi=00:su=37;41:sg=30;43:ca=30;41:tw=30;42:ow=34;42:st=37;44:ex=01;32:*.tar=01;31:*.tgz=01;31:*.arc=01;31:*.arj=01;31:*.taz=01;31:*.lha=01;31:*.lz4=01;31:*.lzh=01;31:*.lzma=01;31:*.tlz=01;31:*.txz=01;31:*.tzo=01;31:*.t7z=01;31:*.zip=01;31:*.z=01;31:*.dz=01;31:*.gz=01;31:*.lrz=01;31:*.lz=01;31:*.lzo=01;31:*.xz=01;31:*.zst=01;31:*.tzst=01;31:*.bz2=01;31:*.bz=01;31:*.tbz=01;31:*.tbz2=01;31:*.tz=01;31:*.deb=01;31:*.rpm=01;31:*.jar=01;31:*.war=01;31:*.ear=01;31:*.sar=01;31:*.rar=01;31:*.alz=01;31:*.ace=01;31:*.zoo=01;31:*.cpio=01;31:*.7z=01;31:*.rz=01;31:*.cab=01;31:*.wim=01;31:*.swm=01;31:*.dwm=01;31:*.esd=01;31:*.jpg=01;35:*.jpeg=01;35:*.mjpg=01;35:*.mjpeg=01;35:*.gif=01;35:*.bmp=01;35:*.pbm=01;35:*.pgm=01;35:*.ppm=01;35:*.tga=01;35:*.xbm=01;35:*.xpm=01;35:*.tif=01;35:*.tiff=01;35:*.png=01;35:*.svg=01;35:*.svgz=01;35:*.mng=01;35:*.pcx=01;35:*.mov=01;35:*.mpg=01;35:*.mpeg=01;35:*.m2v=01;35:*.mkv=01;35:*.webm=01;35:*.webp=01;35:*.ogm=01;35:*.mp4=01;35:*.m4v=01;35:*.mp4v=01;35:*.vob=01;35:*.qt=01;35:*.nuv=01;35:*.wmv=01;35:*.asf=01;35:*.rm=01;35:*.rmvb=01;35:*.flc=01;35:*.avi=01;35:*.fli=01;35:*.flv=01;35:*.gl=01;35:*.dl=01;35:*.xcf=01;35:*.xwd=01;35:*.yuv=01;35:*.cgm=01;35:*.emf=01;35:*.ogv=01;35:*.ogx=01;35:*.aac=00;36:*.au=00;36:*.flac=00;36:*.m4a=00;36:*.mid=00;36:*.midi=00;36:*.mka=00;36:*.mp3=00;36:*.mpc=00;36:*.ogg=00;36:*.ra=00;36:*.wav=00;36:*.oga=00;36:*.opus=00;36:*.spx=00;36:*.xspf=00;36:'), ('GNOME_TERMINAL_SERVICE', ':1.104'), ('SSH_AGENT_LAUNCHER', 'gnome-keyring'), ('SSH_AUTH_SOCK', '/run/user/1000/keyring/ssh'), ('AMENT_PREFIX_PATH', '/home/savannah/EECE5554/LAB1/install/gps_driver:/home/savannah/EECE5554/LAB1/install/gps_message:/home/savannah/EECE5554/LAB4/install/fusion_driver:/home/savannah/EECE5554/LAB4/install/imu_driver:/home/savannah/EECE5554/LAB4/install/imu_msg:/home/savannah/EECE5554/LAB4/install/gps_driver:/home/savannah/EECE5554/LAB4/install/gps_message:/opt/ros/humble'), ('SHELL', '/bin/bash'), ('TERMINATOR_UUID', 'urn:uuid:f90c821d-3786-4772-96da-b6768894ea90'), ('QT_ACCESSIBILITY', '1'), ('GDMSESSION', 'ubuntu'), ('LESSCLOSE', '/usr/bin/lesspipe %s %s'), ('QT_IM_MODULE', 'ibus'), ('PWD', '/home/savannah/EECE5554/LAB4/build/gps_message'), ('LC_ALL', 'en_US.UTF-8'), ('XDG_CONFIG_DIRS', '/etc/xdg/xdg-ubuntu:/etc/xdg'), ('XDG_DATA_DIRS', '/usr/share/ubuntu:/usr/local/share/:/usr/share/:/var/lib/snapd/desktop'), ('PYTHONPATH', '/home/savannah/EECE5554/LAB1/install/gps_driver/lib/python3.10/site-packages:/home/savannah/EECE5554/LAB1/install/gps_message/local/lib/python3.10/dist-packages:/home/savannah/EECE5554/LAB4/install/fusion_driver/lib/python3.10/site-packages:/home/savannah/EECE5554/LAB4/install/imu_driver/lib/python3.10/site-packages:/home/savannah/EECE5554/LAB4/install/imu_msg/local/lib/python3.10/dist-packages:/home/savannah/EECE5554/LAB4/install/gps_driver/lib/python3.10/site-packages:/home/savannah/EECE5554/LAB4/install/gps_message/local/lib/python3.10/dist-packages:/opt/ros/humble/lib/python3.10/site-packages:/opt/ros/humble/local/lib/python3.10/dist-packages'), ('COLCON', '1'), ('VTE_VERSION', '6800'), ('CMAKE_PREFIX_PATH', '/home/savannah/EECE5554/LAB1/install/gps_message:/home/savannah/EECE5554/LAB4/install/imu_msg:/home/savannah/EECE5554/LAB4/install/gps_message:/home/savannah/EECE5554/LAB1/install/gps_driver:/home/savannah/EECE5554/LAB4/install/fusion_driver:/home/savannah/EECE5554/LAB4/install/imu_driver:/home/savannah/EECE5554/LAB4/install/gps_driver:/opt/ros/humble')]), 'shell': False}
[0.552517] (gps_message) StdoutLine: {'line': b'-- Install configuration: ""\n'}
[0.552958] (gps_message) StdoutLine: {'line': b'-- Up-to-date: /home/savannah/EECE5554/LAB4/install/gps_message/share/ament_index/resource_index/rosidl_interfaces/gps_message\n'}
[0.553056] (gps_message) StdoutLine: {'line': b'-- Up-to-date: /home/savannah/EECE5554/LAB4/install/gps_message/include/gps_message/gps_message\n'}
[0.553199] (gps_message) StdoutLine: {'line': b'-- Up-to-date: /home/savannah/EECE5554/LAB4/install/gps_message/include/gps_message/gps_message/msg\n'}
[0.553264] (gps_message) StdoutLine: {'line': b'-- Up-to-date: /home/savannah/EECE5554/LAB4/install/gps_message/include/gps_message/gps_message/msg/gps_msg.h\n'}
[0.553322] (gps_message) StdoutLine: {'line': b'-- Up-to-date: /home/savannah/EECE5554/LAB4/install/gps_message/include/gps_message/gps_message/msg/detail\n'}
[0.553414] (gps_message) StdoutLine: {'line': b'-- Up-to-date: /home/savannah/EECE5554/LAB4/install/gps_message/include/gps_message/gps_message/msg/detail/gps_msg__functions.h\n'}
[0.553479] (gps_message) StdoutLine: {'line': b'-- Up-to-date: /home/savannah/EECE5554/LAB4/install/gps_message/include/gps_message/gps_message/msg/detail/gps_msg__type_support.h\n'}
[0.553536] (gps_message) StdoutLine: {'line': b'-- Up-to-date: /home/savannah/EECE5554/LAB4/install/gps_message/include/gps_message/gps_message/msg/detail/gps_msg__functions.c\n'}
[0.553607] (gps_message) StdoutLine: {'line': b'-- Up-to-date: /home/savannah/EECE5554/LAB4/install/gps_message/include/gps_message/gps_message/msg/detail/gps_msg__struct.h\n'}
[0.553668] (gps_message) StdoutLine: {'line': b'-- Up-to-date: /home/savannah/EECE5554/LAB4/install/gps_message/include/gps_message/gps_message/msg/rosidl_generator_c__visibility_control.h\n'}
[0.553730] (gps_message) StdoutLine: {'line': b'-- Up-to-date: /home/savannah/EECE5554/LAB4/install/gps_message/share/gps_message/environment/library_path.sh\n'}
[0.553792] (gps_message) StdoutLine: {'line': b'-- Up-to-date: /home/savannah/EECE5554/LAB4/install/gps_message/share/gps_message/environment/library_path.dsv\n'}
[0.553951] (gps_message) StdoutLine: {'line': b'-- Up-to-date: /home/savannah/EECE5554/LAB4/install/gps_message/lib/libgps_message__rosidl_generator_c.so\n'}
[0.554082] (gps_message) StdoutLine: {'line': b'-- Up-to-date: /home/savannah/EECE5554/LAB4/install/gps_message/include/gps_message/gps_message\n'}
[0.554193] (gps_message) StdoutLine: {'line': b'-- Up-to-date: /home/savannah/EECE5554/LAB4/install/gps_message/include/gps_message/gps_message/msg\n'}
[0.554354] (gps_message) StdoutLine: {'line': b'-- Up-to-date: /home/savannah/EECE5554/LAB4/install/gps_message/include/gps_message/gps_message/msg/detail\n'}
[0.554414] (gps_message) StdoutLine: {'line': b'-- Up-to-date: /home/savannah/EECE5554/LAB4/install/gps_message/include/gps_message/gps_message/msg/detail/gps_msg__rosidl_typesupport_fastrtps_c.h\n'}
[0.554581] (gps_message) StdoutLine: {'line': b'-- Up-to-date: /home/savannah/EECE5554/LAB4/install/gps_message/include/gps_message/gps_message/msg/rosidl_typesupport_fastrtps_c__visibility_control.h\n'}
[0.554642] (gps_message) StdoutLine: {'line': b'-- Up-to-date: /home/savannah/EECE5554/LAB4/install/gps_message/lib/libgps_message__rosidl_typesupport_fastrtps_c.so\n'}
[0.554759] (gps_message) StdoutLine: {'line': b'-- Up-to-date: /home/savannah/EECE5554/LAB4/install/gps_message/include/gps_message/gps_message\n'}
[0.554826] (gps_message) StdoutLine: {'line': b'-- Up-to-date: /home/savannah/EECE5554/LAB4/install/gps_message/include/gps_message/gps_message/msg\n'}
[0.555057] (gps_message) StdoutLine: {'line': b'-- Up-to-date: /home/savannah/EECE5554/LAB4/install/gps_message/include/gps_message/gps_message/msg/detail\n'}
[0.555318] (gps_message) StdoutLine: {'line': b'-- Up-to-date: /home/savannah/EECE5554/LAB4/install/gps_message/include/gps_message/gps_message/msg/detail/gps_msg__rosidl_typesupport_introspection_c.h\n'}
[0.555386] (gps_message) StdoutLine: {'line': b'-- Up-to-date: /home/savannah/EECE5554/LAB4/install/gps_message/include/gps_message/gps_message/msg/detail/gps_msg__type_support.c\n'}
[0.555558] (gps_message) StdoutLine: {'line': b'-- Up-to-date: /home/savannah/EECE5554/LAB4/install/gps_message/include/gps_message/gps_message/msg/rosidl_typesupport_introspection_c__visibility_control.h\n'}
[0.555740] (gps_message) StdoutLine: {'line': b'-- Up-to-date: /home/savannah/EECE5554/LAB4/install/gps_message/lib/libgps_message__rosidl_typesupport_introspection_c.so\n'}
[0.555791] (gps_message) StdoutLine: {'line': b'-- Up-to-date: /home/savannah/EECE5554/LAB4/install/gps_message/lib/libgps_message__rosidl_typesupport_c.so\n'}
[0.555943] (gps_message) StdoutLine: {'line': b'-- Up-to-date: /home/savannah/EECE5554/LAB4/install/gps_message/include/gps_message/gps_message\n'}
[0.556014] (gps_message) StdoutLine: {'line': b'-- Up-to-date: /home/savannah/EECE5554/LAB4/install/gps_message/include/gps_message/gps_message/msg\n'}
[0.556088] (gps_message) StdoutLine: {'line': b'-- Up-to-date: /home/savannah/EECE5554/LAB4/install/gps_message/include/gps_message/gps_message/msg/gps_msg.hpp\n'}
[0.556155] (gps_message) StdoutLine: {'line': b'-- Up-to-date: /home/savannah/EECE5554/LAB4/install/gps_message/include/gps_message/gps_message/msg/detail\n'}
[0.556350] (gps_message) StdoutLine: {'line': b'-- Up-to-date: /home/savannah/EECE5554/LAB4/install/gps_message/include/gps_message/gps_message/msg/detail/gps_msg__struct.hpp\n'}
[0.556750] (gps_message) StdoutLine: {'line': b'-- Up-to-date: /home/savannah/EECE5554/LAB4/install/gps_message/include/gps_message/gps_message/msg/detail/gps_msg__traits.hpp\n'}
[0.556880] (gps_message) StdoutLine: {'line': b'-- Up-to-date: /home/savannah/EECE5554/LAB4/install/gps_message/include/gps_message/gps_message/msg/detail/gps_msg__builder.hpp\n'}
[0.557304] (gps_message) StdoutLine: {'line': b'-- Up-to-date: /home/savannah/EECE5554/LAB4/install/gps_message/include/gps_message/gps_message/msg/detail/gps_msg__type_support.hpp\n'}
[0.561354] (gps_message) StdoutLine: {'line': b'-- Up-to-date: /home/savannah/EECE5554/LAB4/install/gps_message/include/gps_message/gps_message/msg/rosidl_generator_cpp__visibility_control.hpp\n'}
[0.561541] (gps_message) StdoutLine: {'line': b'-- Up-to-date: /home/savannah/EECE5554/LAB4/install/gps_message/include/gps_message/gps_message\n'}
[0.561639] (gps_message) StdoutLine: {'line': b'-- Up-to-date: /home/savannah/EECE5554/LAB4/install/gps_message/include/gps_message/gps_message/msg\n'}
[0.561689] (gps_message) StdoutLine: {'line': b'-- Up-to-date: /home/savannah/EECE5554/LAB4/install/gps_message/include/gps_message/gps_message/msg/detail\n'}
[0.561731] (gps_message) StdoutLine: {'line': b'-- Up-to-date: /home/savannah/EECE5554/LAB4/install/gps_message/include/gps_message/gps_message/msg/detail/gps_msg__rosidl_typesupport_fastrtps_cpp.hpp\n'}
[0.561768] (gps_message) StdoutLine: {'line': b'-- Up-to-date: /home/savannah/EECE5554/LAB4/install/gps_message/include/gps_message/gps_message/msg/detail/dds_fastrtps\n'}
[0.561837] (gps_message) StdoutLine: {'line': b'-- Up-to-date: /home/savannah/EECE5554/LAB4/install/gps_message/include/gps_message/gps_message/msg/rosidl_typesupport_fastrtps_cpp__visibility_control.h\n'}
[0.561880] (gps_message) StdoutLine: {'line': b'-- Up-to-date: /home/savannah/EECE5554/LAB4/install/gps_message/lib/libgps_message__rosidl_typesupport_fastrtps_cpp.so\n'}
[0.561916] (gps_message) StdoutLine: {'line': b'-- Up-to-date: /home/savannah/EECE5554/LAB4/install/gps_message/include/gps_message/gps_message\n'}
[0.561951] (gps_message) StdoutLine: {'line': b'-- Up-to-date: /home/savannah/EECE5554/LAB4/install/gps_message/include/gps_message/gps_message/msg\n'}
[0.561987] (gps_message) StdoutLine: {'line': b'-- Up-to-date: /home/savannah/EECE5554/LAB4/install/gps_message/include/gps_message/gps_message/msg/detail\n'}
[0.562022] (gps_message) StdoutLine: {'line': b'-- Up-to-date: /home/savannah/EECE5554/LAB4/install/gps_message/include/gps_message/gps_message/msg/detail/gps_msg__type_support.cpp\n'}
[0.562059] (gps_message) StdoutLine: {'line': b'-- Up-to-date: /home/savannah/EECE5554/LAB4/install/gps_message/include/gps_message/gps_message/msg/detail/gps_msg__rosidl_typesupport_introspection_cpp.hpp\n'}
[0.562094] (gps_message) StdoutLine: {'line': b'-- Up-to-date: /home/savannah/EECE5554/LAB4/install/gps_message/lib/libgps_message__rosidl_typesupport_introspection_cpp.so\n'}
[0.562141] (gps_message) StdoutLine: {'line': b'-- Up-to-date: /home/savannah/EECE5554/LAB4/install/gps_message/lib/libgps_message__rosidl_typesupport_cpp.so\n'}
[0.562178] (imu_msg) CommandEnded: {'returncode': 0}
[0.562399] (gps_message) StdoutLine: {'line': b'-- Up-to-date: /home/savannah/EECE5554/LAB4/install/gps_message/share/gps_message/environment/pythonpath.sh\n'}
[0.562444] (gps_message) StdoutLine: {'line': b'-- Up-to-date: /home/savannah/EECE5554/LAB4/install/gps_message/share/gps_message/environment/pythonpath.dsv\n'}
[0.562482] (gps_message) StdoutLine: {'line': b'-- Up-to-date: /home/savannah/EECE5554/LAB4/install/gps_message/local/lib/python3.10/dist-packages/gps_message-0.0.0-py3.10.egg-info\n'}
[0.562520] (gps_message) StdoutLine: {'line': b'-- Installing: /home/savannah/EECE5554/LAB4/install/gps_message/local/lib/python3.10/dist-packages/gps_message-0.0.0-py3.10.egg-info/top_level.txt\n'}
[0.562556] (gps_message) StdoutLine: {'line': b'-- Installing: /home/savannah/EECE5554/LAB4/install/gps_message/local/lib/python3.10/dist-packages/gps_message-0.0.0-py3.10.egg-info/dependency_links.txt\n'}
[0.562598] (gps_message) StdoutLine: {'line': b'-- Installing: /home/savannah/EECE5554/LAB4/install/gps_message/local/lib/python3.10/dist-packages/gps_message-0.0.0-py3.10.egg-info/SOURCES.txt\n'}
[0.562634] (gps_message) StdoutLine: {'line': b'-- Installing: /home/savannah/EECE5554/LAB4/install/gps_message/local/lib/python3.10/dist-packages/gps_message-0.0.0-py3.10.egg-info/PKG-INFO\n'}
[0.562671] (imu_msg) JobProgress: {'identifier': 'imu_msg', 'progress': 'install'}
[0.562685] (imu_msg) Command: {'cmd': ['/usr/bin/cmake', '--install', '/home/savannah/EECE5554/LAB4/build/imu_msg'], 'cwd': '/home/savannah/EECE5554/LAB4/build/imu_msg', 'env': OrderedDict([('LESSOPEN', '| /usr/bin/lesspipe %s'), ('USER', 'savannah'), ('XDG_SESSION_TYPE', 'wayland'), ('SHLVL', '2'), ('LD_LIBRARY_PATH', '/home/savannah/EECE5554/LAB1/install/gps_message/lib:/home/savannah/EECE5554/LAB4/install/imu_msg/lib:/home/savannah/EECE5554/LAB4/install/gps_message/lib:/opt/ros/humble/opt/rviz_ogre_vendor/lib:/opt/ros/humble/lib/x86_64-linux-gnu:/opt/ros/humble/lib'), ('HOME', '/home/savannah'), ('OLDPWD', '/home/savannah/EECE5554/LAB4/src'), ('DESKTOP_SESSION', 'ubuntu'), ('ROS_PYTHON_VERSION', '3'), ('GNOME_SHELL_SESSION_MODE', 'ubuntu'), ('GTK_MODULES', 'gail:atk-bridge'), ('SYSTEMD_EXEC_PID', '1701'), ('DBUS_SESSION_BUS_ADDRESS', 'unix:path=/run/user/1000/bus'), ('COLORTERM', 'truecolor'), ('TERMINATOR_DBUS_NAME', 'net.tenshu.Terminator25ef4b219e3b005583550f2b0f9f990c3'), ('IM_CONFIG_PHASE', '1'), ('WAYLAND_DISPLAY', 'wayland-0'), ('COLCON_PREFIX_PATH', '/home/savannah/EECE5554/LAB4/install:/home/savannah/EECE5554/LAB1/install'), ('ROS_DISTRO', 'humble'), ('LOGNAME', 'savannah'), ('_', '/usr/bin/colcon'), ('ROS_VERSION', '2'), ('XDG_SESSION_CLASS', 'user'), ('USERNAME', 'savannah'), ('TERM', 'xterm-256color'), ('GNOME_DESKTOP_SESSION_ID', 'this-is-deprecated'), ('ROS_LOCALHOST_ONLY', '0'), ('PATH', '/opt/ros/humble/bin:/home/savannah/.local/bin:/usr/local/sbin:/usr/local/bin:/usr/sbin:/usr/bin:/sbin:/bin:/usr/games:/usr/local/games:/snap/bin:/snap/bin'), ('SESSION_MANAGER', 'local/savannah-VirtualBox:@/tmp/.ICE-unix/1661,unix/savannah-VirtualBox:/tmp/.ICE-unix/1661'), ('XDG_MENU_PREFIX', 'gnome-'), ('GNOME_TERMINAL_SCREEN', '/org/gnome/Terminal/screen/115b0915_29a3_46f0_93e7_838b2bbe1923'), ('GNOME_SETUP_DISPLAY', ':1'), ('XDG_RUNTIME_DIR', '/run/user/1000'), ('DISPLAY', ':0'), ('TERMINATOR_DBUS_PATH', '/net/tenshu/Terminator2'), ('LANG', 'en_US.UTF-8'), ('XDG_CURRENT_DESKTOP', 'ubuntu:GNOME'), ('IBUS_DISABLE_SNOOPER', '1'), ('XMODIFIERS', '@im=ibus'), ('XDG_SESSION_DESKTOP', 'ubuntu'), ('XAUTHORITY', '/run/user/1000/.mutter-Xwaylandauth.FJW132'), ('LS_COLORS', 'rs=0:di=01;34:ln=01;36:mh=00:pi=40;33:so=01;35:do=01;35:bd=40;33;01:cd=40;33;01:or=40;31;01:mi=00:su=37;41:sg=30;43:ca=30;41:tw=30;42:ow=34;42:st=37;44:ex=01;32:*.tar=01;31:*.tgz=01;31:*.arc=01;31:*.arj=01;31:*.taz=01;31:*.lha=01;31:*.lz4=01;31:*.lzh=01;31:*.lzma=01;31:*.tlz=01;31:*.txz=01;31:*.tzo=01;31:*.t7z=01;31:*.zip=01;31:*.z=01;31:*.dz=01;31:*.gz=01;31:*.lrz=01;31:*.lz=01;31:*.lzo=01;31:*.xz=01;31:*.zst=01;31:*.tzst=01;31:*.bz2=01;31:*.bz=01;31:*.tbz=01;31:*.tbz2=01;31:*.tz=01;31:*.deb=01;31:*.rpm=01;31:*.jar=01;31:*.war=01;31:*.ear=01;31:*.sar=01;31:*.rar=01;31:*.alz=01;31:*.ace=01;31:*.zoo=01;31:*.cpio=01;31:*.7z=01;31:*.rz=01;31:*.cab=01;31:*.wim=01;31:*.swm=01;31:*.dwm=01;31:*.esd=01;31:*.jpg=01;35:*.jpeg=01;35:*.mjpg=01;35:*.mjpeg=01;35:*.gif=01;35:*.bmp=01;35:*.pbm=01;35:*.pgm=01;35:*.ppm=01;35:*.tga=01;35:*.xbm=01;35:*.xpm=01;35:*.tif=01;35:*.tiff=01;35:*.png=01;35:*.svg=01;35:*.svgz=01;35:*.mng=01;35:*.pcx=01;35:*.mov=01;35:*.mpg=01;35:*.mpeg=01;35:*.m2v=01;35:*.mkv=01;35:*.webm=01;35:*.webp=01;35:*.ogm=01;35:*.mp4=01;35:*.m4v=01;35:*.mp4v=01;35:*.vob=01;35:*.qt=01;35:*.nuv=01;35:*.wmv=01;35:*.asf=01;35:*.rm=01;35:*.rmvb=01;35:*.flc=01;35:*.avi=01;35:*.fli=01;35:*.flv=01;35:*.gl=01;35:*.dl=01;35:*.xcf=01;35:*.xwd=01;35:*.yuv=01;35:*.cgm=01;35:*.emf=01;35:*.ogv=01;35:*.ogx=01;35:*.aac=00;36:*.au=00;36:*.flac=00;36:*.m4a=00;36:*.mid=00;36:*.midi=00;36:*.mka=00;36:*.mp3=00;36:*.mpc=00;36:*.ogg=00;36:*.ra=00;36:*.wav=00;36:*.oga=00;36:*.opus=00;36:*.spx=00;36:*.xspf=00;36:'), ('GNOME_TERMINAL_SERVICE', ':1.104'), ('SSH_AGENT_LAUNCHER', 'gnome-keyring'), ('SSH_AUTH_SOCK', '/run/user/1000/keyring/ssh'), ('AMENT_PREFIX_PATH', '/home/savannah/EECE5554/LAB1/install/gps_driver:/home/savannah/EECE5554/LAB1/install/gps_message:/home/savannah/EECE5554/LAB4/install/fusion_driver:/home/savannah/EECE5554/LAB4/install/imu_driver:/home/savannah/EECE5554/LAB4/install/imu_msg:/home/savannah/EECE5554/LAB4/install/gps_driver:/home/savannah/EECE5554/LAB4/install/gps_message:/opt/ros/humble'), ('SHELL', '/bin/bash'), ('TERMINATOR_UUID', 'urn:uuid:f90c821d-3786-4772-96da-b6768894ea90'), ('QT_ACCESSIBILITY', '1'), ('GDMSESSION', 'ubuntu'), ('LESSCLOSE', '/usr/bin/lesspipe %s %s'), ('QT_IM_MODULE', 'ibus'), ('PWD', '/home/savannah/EECE5554/LAB4/build/imu_msg'), ('LC_ALL', 'en_US.UTF-8'), ('XDG_CONFIG_DIRS', '/etc/xdg/xdg-ubuntu:/etc/xdg'), ('XDG_DATA_DIRS', '/usr/share/ubuntu:/usr/local/share/:/usr/share/:/var/lib/snapd/desktop'), ('PYTHONPATH', '/home/savannah/EECE5554/LAB1/install/gps_driver/lib/python3.10/site-packages:/home/savannah/EECE5554/LAB1/install/gps_message/local/lib/python3.10/dist-packages:/home/savannah/EECE5554/LAB4/install/fusion_driver/lib/python3.10/site-packages:/home/savannah/EECE5554/LAB4/install/imu_driver/lib/python3.10/site-packages:/home/savannah/EECE5554/LAB4/install/imu_msg/local/lib/python3.10/dist-packages:/home/savannah/EECE5554/LAB4/install/gps_driver/lib/python3.10/site-packages:/home/savannah/EECE5554/LAB4/install/gps_message/local/lib/python3.10/dist-packages:/opt/ros/humble/lib/python3.10/site-packages:/opt/ros/humble/local/lib/python3.10/dist-packages'), ('COLCON', '1'), ('VTE_VERSION', '6800'), ('CMAKE_PREFIX_PATH', '/home/savannah/EECE5554/LAB1/install/gps_message:/home/savannah/EECE5554/LAB4/install/imu_msg:/home/savannah/EECE5554/LAB4/install/gps_message:/home/savannah/EECE5554/LAB1/install/gps_driver:/home/savannah/EECE5554/LAB4/install/fusion_driver:/home/savannah/EECE5554/LAB4/install/imu_driver:/home/savannah/EECE5554/LAB4/install/gps_driver:/opt/ros/humble')]), 'shell': False}
[0.562883] (gps_message) StdoutLine: {'line': b'-- Up-to-date: /home/savannah/EECE5554/LAB4/install/gps_message/local/lib/python3.10/dist-packages/gps_message\n'}
[0.562926] (gps_message) StdoutLine: {'line': b'-- Up-to-date: /home/savannah/EECE5554/LAB4/install/gps_message/local/lib/python3.10/dist-packages/gps_message/_gps_message_s.ep.rosidl_typesupport_c.c\n'}
[0.562965] (gps_message) StdoutLine: {'line': b'-- Up-to-date: /home/savannah/EECE5554/LAB4/install/gps_message/local/lib/python3.10/dist-packages/gps_message/libgps_message__rosidl_generator_py.so\n'}
[0.563001] (gps_message) StdoutLine: {'line': b'-- Up-to-date: /home/savannah/EECE5554/LAB4/install/gps_message/local/lib/python3.10/dist-packages/gps_message/gps_message_s__rosidl_typesupport_fastrtps_c.cpython-310-x86_64-linux-gnu.so\n'}
[0.563038] (gps_message) StdoutLine: {'line': b'-- Up-to-date: /home/savannah/EECE5554/LAB4/install/gps_message/local/lib/python3.10/dist-packages/gps_message/gps_message_s__rosidl_typesupport_c.cpython-310-x86_64-linux-gnu.so\n'}
[0.563074] (gps_message) StdoutLine: {'line': b'-- Up-to-date: /home/savannah/EECE5554/LAB4/install/gps_message/local/lib/python3.10/dist-packages/gps_message/gps_message_s__rosidl_typesupport_introspection_c.cpython-310-x86_64-linux-gnu.so\n'}
[0.563172] (gps_message) StdoutLine: {'line': b'-- Up-to-date: /home/savannah/EECE5554/LAB4/install/gps_message/local/lib/python3.10/dist-packages/gps_message/_gps_message_s.ep.rosidl_typesupport_fastrtps_c.c\n'}
[0.563215] (gps_message) StdoutLine: {'line': b'-- Up-to-date: /home/savannah/EECE5554/LAB4/install/gps_message/local/lib/python3.10/dist-packages/gps_message/msg\n'}
[0.563252] (gps_message) StdoutLine: {'line': b'-- Up-to-date: /home/savannah/EECE5554/LAB4/install/gps_message/local/lib/python3.10/dist-packages/gps_message/msg/_gps_msg_s.c\n'}
[0.563288] (gps_message) StdoutLine: {'line': b'-- Up-to-date: /home/savannah/EECE5554/LAB4/install/gps_message/local/lib/python3.10/dist-packages/gps_message/msg/_gps_msg.py\n'}
[0.563327] (gps_message) StdoutLine: {'line': b'-- Up-to-date: /home/savannah/EECE5554/LAB4/install/gps_message/local/lib/python3.10/dist-packages/gps_message/msg/__init__.py\n'}
[0.563381] (gps_message) StdoutLine: {'line': b'-- Up-to-date: /home/savannah/EECE5554/LAB4/install/gps_message/local/lib/python3.10/dist-packages/gps_message/__init__.py\n'}
[0.563419] (gps_message) StdoutLine: {'line': b'-- Up-to-date: /home/savannah/EECE5554/LAB4/install/gps_message/local/lib/python3.10/dist-packages/gps_message/_gps_message_s.ep.rosidl_typesupport_introspection_c.c\n'}
[0.565976] (imu_msg) StdoutLine: {'line': b'-- Install configuration: ""\n'}
[0.566137] (imu_msg) StdoutLine: {'line': b'-- Up-to-date: /home/savannah/EECE5554/LAB4/install/imu_msg/share/ament_index/resource_index/rosidl_interfaces/imu_msg\n'}
[0.566184] (imu_msg) StdoutLine: {'line': b'-- Up-to-date: /home/savannah/EECE5554/LAB4/install/imu_msg/include/imu_msg/imu_msg\n'}
[0.566222] (imu_msg) StdoutLine: {'line': b'-- Up-to-date: /home/savannah/EECE5554/LAB4/install/imu_msg/include/imu_msg/imu_msg/msg\n'}
[0.566273] (imu_msg) StdoutLine: {'line': b'-- Up-to-date: /home/savannah/EECE5554/LAB4/install/imu_msg/include/imu_msg/imu_msg/msg/imu_msg.h\n'}
[0.566310] (imu_msg) StdoutLine: {'line': b'-- Up-to-date: /home/savannah/EECE5554/LAB4/install/imu_msg/include/imu_msg/imu_msg/msg/detail\n'}
[0.566354] (imu_msg) StdoutLine: {'line': b'-- Up-to-date: /home/savannah/EECE5554/LAB4/install/imu_msg/include/imu_msg/imu_msg/msg/detail/imu_msg__functions.c\n'}
[0.566390] (imu_msg) StdoutLine: {'line': b'-- Up-to-date: /home/savannah/EECE5554/LAB4/install/imu_msg/include/imu_msg/imu_msg/msg/detail/imu_msg__struct.h\n'}
[0.566426] (imu_msg) StdoutLine: {'line': b'-- Up-to-date: /home/savannah/EECE5554/LAB4/install/imu_msg/include/imu_msg/imu_msg/msg/detail/imu_msg__type_support.h\n'}
[0.566461] (imu_msg) StdoutLine: {'line': b'-- Up-to-date: /home/savannah/EECE5554/LAB4/install/imu_msg/include/imu_msg/imu_msg/msg/detail/imu_msg__functions.h\n'}
[0.566497] (imu_msg) StdoutLine: {'line': b'-- Up-to-date: /home/savannah/EECE5554/LAB4/install/imu_msg/include/imu_msg/imu_msg/msg/rosidl_generator_c__visibility_control.h\n'}
[0.566533] (imu_msg) StdoutLine: {'line': b'-- Up-to-date: /home/savannah/EECE5554/LAB4/install/imu_msg/share/imu_msg/environment/library_path.sh\n'}
[0.566569] (imu_msg) StdoutLine: {'line': b'-- Up-to-date: /home/savannah/EECE5554/LAB4/install/imu_msg/share/imu_msg/environment/library_path.dsv\n'}
[0.566604] (imu_msg) StdoutLine: {'line': b'-- Up-to-date: /home/savannah/EECE5554/LAB4/install/imu_msg/lib/libimu_msg__rosidl_generator_c.so\n'}
[0.566640] (imu_msg) StdoutLine: {'line': b'-- Up-to-date: /home/savannah/EECE5554/LAB4/install/imu_msg/include/imu_msg/imu_msg\n'}
[0.566676] (imu_msg) StdoutLine: {'line': b'-- Up-to-date: /home/savannah/EECE5554/LAB4/install/imu_msg/include/imu_msg/imu_msg/msg\n'}
[0.566712] (imu_msg) StdoutLine: {'line': b'-- Up-to-date: /home/savannah/EECE5554/LAB4/install/imu_msg/include/imu_msg/imu_msg/msg/detail\n'}
[0.566748] (imu_msg) StdoutLine: {'line': b'-- Up-to-date: /home/savannah/EECE5554/LAB4/install/imu_msg/include/imu_msg/imu_msg/msg/detail/imu_msg__rosidl_typesupport_fastrtps_c.h\n'}
[0.566793] (imu_msg) StdoutLine: {'line': b'-- Up-to-date: /home/savannah/EECE5554/LAB4/install/imu_msg/include/imu_msg/imu_msg/msg/rosidl_typesupport_fastrtps_c__visibility_control.h\n'}
[0.566906] (imu_msg) StdoutLine: {'line': b'-- Up-to-date: /home/savannah/EECE5554/LAB4/install/imu_msg/lib/libimu_msg__rosidl_typesupport_fastrtps_c.so\n'}
[0.567035] (imu_msg) StdoutLine: {'line': b'-- Up-to-date: /home/savannah/EECE5554/LAB4/install/imu_msg/include/imu_msg/imu_msg\n'}
[0.567075] (imu_msg) StdoutLine: {'line': b'-- Up-to-date: /home/savannah/EECE5554/LAB4/install/imu_msg/include/imu_msg/imu_msg/msg\n'}
[0.567115] (imu_msg) StdoutLine: {'line': b'-- Up-to-date: /home/savannah/EECE5554/LAB4/install/imu_msg/include/imu_msg/imu_msg/msg/imu_msg.hpp\n'}
[0.567311] (imu_msg) StdoutLine: {'line': b'-- Up-to-date: /home/savannah/EECE5554/LAB4/install/imu_msg/include/imu_msg/imu_msg/msg/detail\n'}
[0.567376] (imu_msg) StdoutLine: {'line': b'-- Up-to-date: /home/savannah/EECE5554/LAB4/install/imu_msg/include/imu_msg/imu_msg/msg/detail/imu_msg__struct.hpp\n'}
[0.567447] (imu_msg) StdoutLine: {'line': b'-- Up-to-date: /home/savannah/EECE5554/LAB4/install/imu_msg/include/imu_msg/imu_msg/msg/detail/imu_msg__traits.hpp\n'}
[0.567548] (imu_msg) StdoutLine: {'line': b'-- Up-to-date: /home/savannah/EECE5554/LAB4/install/imu_msg/include/imu_msg/imu_msg/msg/detail/imu_msg__type_support.hpp\n'}
[0.567595] (imu_msg) StdoutLine: {'line': b'-- Up-to-date: /home/savannah/EECE5554/LAB4/install/imu_msg/include/imu_msg/imu_msg/msg/detail/imu_msg__builder.hpp\n'}
[0.567639] (imu_msg) StdoutLine: {'line': b'-- Up-to-date: /home/savannah/EECE5554/LAB4/install/imu_msg/include/imu_msg/imu_msg/msg/rosidl_generator_cpp__visibility_control.hpp\n'}
[0.567683] (imu_msg) StdoutLine: {'line': b'-- Up-to-date: /home/savannah/EECE5554/LAB4/install/imu_msg/include/imu_msg/imu_msg\n'}
[0.567727] (imu_msg) StdoutLine: {'line': b'-- Up-to-date: /home/savannah/EECE5554/LAB4/install/imu_msg/include/imu_msg/imu_msg/msg\n'}
[0.567768] (imu_msg) StdoutLine: {'line': b'-- Up-to-date: /home/savannah/EECE5554/LAB4/install/imu_msg/include/imu_msg/imu_msg/msg/detail\n'}
[0.567804] (imu_msg) StdoutLine: {'line': b'-- Up-to-date: /home/savannah/EECE5554/LAB4/install/imu_msg/include/imu_msg/imu_msg/msg/detail/dds_fastrtps\n'}
[0.567883] (imu_msg) StdoutLine: {'line': b'-- Up-to-date: /home/savannah/EECE5554/LAB4/install/imu_msg/include/imu_msg/imu_msg/msg/detail/imu_msg__rosidl_typesupport_fastrtps_cpp.hpp\n'}
[0.567928] (imu_msg) StdoutLine: {'line': b'-- Up-to-date: /home/savannah/EECE5554/LAB4/install/imu_msg/include/imu_msg/imu_msg/msg/rosidl_typesupport_fastrtps_cpp__visibility_control.h\n'}
[0.567983] (imu_msg) StdoutLine: {'line': b'-- Up-to-date: /home/savannah/EECE5554/LAB4/install/imu_msg/lib/libimu_msg__rosidl_typesupport_fastrtps_cpp.so\n'}
[0.568024] (imu_msg) StdoutLine: {'line': b'-- Up-to-date: /home/savannah/EECE5554/LAB4/install/imu_msg/include/imu_msg/imu_msg\n'}
[0.568065] (imu_msg) StdoutLine: {'line': b'-- Up-to-date: /home/savannah/EECE5554/LAB4/install/imu_msg/include/imu_msg/imu_msg/msg\n'}
[0.568159] (imu_msg) StdoutLine: {'line': b'-- Up-to-date: /home/savannah/EECE5554/LAB4/install/imu_msg/include/imu_msg/imu_msg/msg/detail\n'}
[0.568204] (imu_msg) StdoutLine: {'line': b'-- Up-to-date: /home/savannah/EECE5554/LAB4/install/imu_msg/include/imu_msg/imu_msg/msg/detail/imu_msg__rosidl_typesupport_introspection_c.h\n'}
[0.568240] (imu_msg) StdoutLine: {'line': b'-- Up-to-date: /home/savannah/EECE5554/LAB4/install/imu_msg/include/imu_msg/imu_msg/msg/detail/imu_msg__type_support.c\n'}
[0.568277] (imu_msg) StdoutLine: {'line': b'-- Up-to-date: /home/savannah/EECE5554/LAB4/install/imu_msg/include/imu_msg/imu_msg/msg/rosidl_typesupport_introspection_c__visibility_control.h\n'}
[0.568312] (imu_msg) StdoutLine: {'line': b'-- Up-to-date: /home/savannah/EECE5554/LAB4/install/imu_msg/lib/libimu_msg__rosidl_typesupport_introspection_c.so\n'}
[0.568349] (imu_msg) StdoutLine: {'line': b'-- Up-to-date: /home/savannah/EECE5554/LAB4/install/imu_msg/lib/libimu_msg__rosidl_typesupport_c.so\n'}
[0.568384] (imu_msg) StdoutLine: {'line': b'-- Up-to-date: /home/savannah/EECE5554/LAB4/install/imu_msg/include/imu_msg/imu_msg\n'}
[0.568420] (imu_msg) StdoutLine: {'line': b'-- Up-to-date: /home/savannah/EECE5554/LAB4/install/imu_msg/include/imu_msg/imu_msg/msg\n'}
[0.568455] (imu_msg) StdoutLine: {'line': b'-- Up-to-date: /home/savannah/EECE5554/LAB4/install/imu_msg/include/imu_msg/imu_msg/msg/detail\n'}
[0.568495] (imu_msg) StdoutLine: {'line': b'-- Up-to-date: /home/savannah/EECE5554/LAB4/install/imu_msg/include/imu_msg/imu_msg/msg/detail/imu_msg__type_support.cpp\n'}
[0.568537] (imu_msg) StdoutLine: {'line': b'-- Up-to-date: /home/savannah/EECE5554/LAB4/install/imu_msg/include/imu_msg/imu_msg/msg/detail/imu_msg__rosidl_typesupport_introspection_cpp.hpp\n'}
[0.568579] (imu_msg) StdoutLine: {'line': b'-- Up-to-date: /home/savannah/EECE5554/LAB4/install/imu_msg/lib/libimu_msg__rosidl_typesupport_introspection_cpp.so\n'}
[0.568624] (imu_msg) StdoutLine: {'line': b'-- Up-to-date: /home/savannah/EECE5554/LAB4/install/imu_msg/lib/libimu_msg__rosidl_typesupport_cpp.so\n'}
[0.568664] (imu_msg) StdoutLine: {'line': b'-- Up-to-date: /home/savannah/EECE5554/LAB4/install/imu_msg/share/imu_msg/environment/pythonpath.sh\n'}
[0.568700] (imu_msg) StdoutLine: {'line': b'-- Up-to-date: /home/savannah/EECE5554/LAB4/install/imu_msg/share/imu_msg/environment/pythonpath.dsv\n'}
[0.568737] (imu_msg) StdoutLine: {'line': b'-- Up-to-date: /home/savannah/EECE5554/LAB4/install/imu_msg/local/lib/python3.10/dist-packages/imu_msg-0.0.0-py3.10.egg-info\n'}
[0.568895] (imu_msg) StdoutLine: {'line': b'-- Installing: /home/savannah/EECE5554/LAB4/install/imu_msg/local/lib/python3.10/dist-packages/imu_msg-0.0.0-py3.10.egg-info/top_level.txt\n'}
[0.568948] (imu_msg) StdoutLine: {'line': b'-- Installing: /home/savannah/EECE5554/LAB4/install/imu_msg/local/lib/python3.10/dist-packages/imu_msg-0.0.0-py3.10.egg-info/dependency_links.txt\n'}
[0.568994] (imu_msg) StdoutLine: {'line': b'-- Installing: /home/savannah/EECE5554/LAB4/install/imu_msg/local/lib/python3.10/dist-packages/imu_msg-0.0.0-py3.10.egg-info/SOURCES.txt\n'}
[0.569049] (imu_msg) StdoutLine: {'line': b'-- Installing: /home/savannah/EECE5554/LAB4/install/imu_msg/local/lib/python3.10/dist-packages/imu_msg-0.0.0-py3.10.egg-info/PKG-INFO\n'}
[0.569085] (imu_msg) StdoutLine: {'line': b'-- Up-to-date: /home/savannah/EECE5554/LAB4/install/imu_msg/local/lib/python3.10/dist-packages/imu_msg\n'}
[0.569125] (imu_msg) StdoutLine: {'line': b'-- Up-to-date: /home/savannah/EECE5554/LAB4/install/imu_msg/local/lib/python3.10/dist-packages/imu_msg/_imu_msg_s.ep.rosidl_typesupport_c.c\n'}
[0.569160] (imu_msg) StdoutLine: {'line': b'-- Up-to-date: /home/savannah/EECE5554/LAB4/install/imu_msg/local/lib/python3.10/dist-packages/imu_msg/libimu_msg__rosidl_generator_py.so\n'}
[0.569197] (imu_msg) StdoutLine: {'line': b'-- Up-to-date: /home/savannah/EECE5554/LAB4/install/imu_msg/local/lib/python3.10/dist-packages/imu_msg/_imu_msg_s.ep.rosidl_typesupport_introspection_c.c\n'}
[0.569232] (imu_msg) StdoutLine: {'line': b'-- Up-to-date: /home/savannah/EECE5554/LAB4/install/imu_msg/local/lib/python3.10/dist-packages/imu_msg/_imu_msg_s.ep.rosidl_typesupport_fastrtps_c.c\n'}
[0.569267] (imu_msg) StdoutLine: {'line': b'-- Up-to-date: /home/savannah/EECE5554/LAB4/install/imu_msg/local/lib/python3.10/dist-packages/imu_msg/imu_msg_s__rosidl_typesupport_fastrtps_c.cpython-310-x86_64-linux-gnu.so\n'}
[0.569302] (imu_msg) StdoutLine: {'line': b'-- Up-to-date: /home/savannah/EECE5554/LAB4/install/imu_msg/local/lib/python3.10/dist-packages/imu_msg/imu_msg_s__rosidl_typesupport_c.cpython-310-x86_64-linux-gnu.so\n'}
[0.569339] (imu_msg) StdoutLine: {'line': b'-- Up-to-date: /home/savannah/EECE5554/LAB4/install/imu_msg/local/lib/python3.10/dist-packages/imu_msg/imu_msg_s__rosidl_typesupport_introspection_c.cpython-310-x86_64-linux-gnu.so\n'}
[0.569376] (imu_msg) StdoutLine: {'line': b'-- Up-to-date: /home/savannah/EECE5554/LAB4/install/imu_msg/local/lib/python3.10/dist-packages/imu_msg/msg\n'}
[0.569413] (imu_msg) StdoutLine: {'line': b'-- Up-to-date: /home/savannah/EECE5554/LAB4/install/imu_msg/local/lib/python3.10/dist-packages/imu_msg/msg/_imu_msg_s.c\n'}
[0.569448] (imu_msg) StdoutLine: {'line': b'-- Up-to-date: /home/savannah/EECE5554/LAB4/install/imu_msg/local/lib/python3.10/dist-packages/imu_msg/msg/_imu_msg.py\n'}
[0.569490] (imu_msg) StdoutLine: {'line': b'-- Up-to-date: /home/savannah/EECE5554/LAB4/install/imu_msg/local/lib/python3.10/dist-packages/imu_msg/msg/__init__.py\n'}
[0.569530] (imu_msg) StdoutLine: {'line': b'-- Up-to-date: /home/savannah/EECE5554/LAB4/install/imu_msg/local/lib/python3.10/dist-packages/imu_msg/__init__.py\n'}
[0.591596] (gps_message) StdoutLine: {'line': b"Listing '/home/savannah/EECE5554/LAB4/install/gps_message/local/lib/python3.10/dist-packages/gps_message'...\n"}
[0.591811] (gps_message) StdoutLine: {'line': b"Listing '/home/savannah/EECE5554/LAB4/install/gps_message/local/lib/python3.10/dist-packages/gps_message/msg'...\n"}
[0.595542] (gps_message) StdoutLine: {'line': b'-- Up-to-date: /home/savannah/EECE5554/LAB4/install/gps_message/local/lib/python3.10/dist-packages/gps_message/gps_message_s__rosidl_typesupport_fastrtps_c.cpython-310-x86_64-linux-gnu.so\n'}
[0.595700] (gps_message) StdoutLine: {'line': b'-- Up-to-date: /home/savannah/EECE5554/LAB4/install/gps_message/local/lib/python3.10/dist-packages/gps_message/gps_message_s__rosidl_typesupport_introspection_c.cpython-310-x86_64-linux-gnu.so\n'}
[0.596236] (gps_message) StdoutLine: {'line': b'-- Up-to-date: /home/savannah/EECE5554/LAB4/install/gps_message/local/lib/python3.10/dist-packages/gps_message/gps_message_s__rosidl_typesupport_c.cpython-310-x86_64-linux-gnu.so\n'}
[0.596334] (gps_message) StdoutLine: {'line': b'-- Up-to-date: /home/savannah/EECE5554/LAB4/install/gps_message/lib/libgps_message__rosidl_generator_py.so\n'}
[0.596584] (gps_message) StdoutLine: {'line': b'-- Up-to-date: /home/savannah/EECE5554/LAB4/install/gps_message/share/gps_message/msg/GpsMsg.idl\n'}
[0.596857] (gps_message) StdoutLine: {'line': b'-- Up-to-date: /home/savannah/EECE5554/LAB4/install/gps_message/share/gps_message/msg/GpsMsg.msg\n'}
[0.596933] (gps_message) StdoutLine: {'line': b'-- Up-to-date: /home/savannah/EECE5554/LAB4/install/gps_message/share/ament_index/resource_index/package_run_dependencies/gps_message\n'}
[0.597235] (gps_message) StdoutLine: {'line': b'-- Up-to-date: /home/savannah/EECE5554/LAB4/install/gps_message/share/ament_index/resource_index/parent_prefix_path/gps_message\n'}
[0.597337] (gps_message) StdoutLine: {'line': b'-- Up-to-date: /home/savannah/EECE5554/LAB4/install/gps_message/share/gps_message/environment/ament_prefix_path.sh\n'}
[0.597386] (gps_message) StdoutLine: {'line': b'-- Up-to-date: /home/savannah/EECE5554/LAB4/install/gps_message/share/gps_message/environment/ament_prefix_path.dsv\n'}
[0.597424] (gps_message) StdoutLine: {'line': b'-- Up-to-date: /home/savannah/EECE5554/LAB4/install/gps_message/share/gps_message/environment/path.sh\n'}
[0.597789] (gps_message) StdoutLine: {'line': b'-- Up-to-date: /home/savannah/EECE5554/LAB4/install/gps_message/share/gps_message/environment/path.dsv\n'}
[0.597902] (gps_message) StdoutLine: {'line': b'-- Up-to-date: /home/savannah/EECE5554/LAB4/install/gps_message/share/gps_message/local_setup.bash\n'}
[0.597968] (gps_message) StdoutLine: {'line': b'-- Up-to-date: /home/savannah/EECE5554/LAB4/install/gps_message/share/gps_message/local_setup.sh\n'}
[0.598008] (gps_message) StdoutLine: {'line': b'-- Up-to-date: /home/savannah/EECE5554/LAB4/install/gps_message/share/gps_message/local_setup.zsh\n'}
[0.598045] (imu_msg) StdoutLine: {'line': b"Listing '/home/savannah/EECE5554/LAB4/install/imu_msg/local/lib/python3.10/dist-packages/imu_msg'...\n"}
[0.598093] (imu_msg) StdoutLine: {'line': b"Listing '/home/savannah/EECE5554/LAB4/install/imu_msg/local/lib/python3.10/dist-packages/imu_msg/msg'...\n"}
[0.598131] (gps_message) StdoutLine: {'line': b'-- Up-to-date: /home/savannah/EECE5554/LAB4/install/gps_message/share/gps_message/local_setup.dsv\n'}
[0.598507] (gps_message) StdoutLine: {'line': b'-- Installing: /home/savannah/EECE5554/LAB4/install/gps_message/share/gps_message/package.dsv\n'}
[0.598568] (gps_message) StdoutLine: {'line': b'-- Up-to-date: /home/savannah/EECE5554/LAB4/install/gps_message/share/ament_index/resource_index/packages/gps_message\n'}
[0.598649] (gps_message) StdoutLine: {'line': b'-- Up-to-date: /home/savannah/EECE5554/LAB4/install/gps_message/share/gps_message/cmake/export_gps_message__rosidl_generator_cExport.cmake\n'}
[0.598780] (gps_message) StdoutLine: {'line': b'-- Up-to-date: /home/savannah/EECE5554/LAB4/install/gps_message/share/gps_message/cmake/export_gps_message__rosidl_generator_cExport-noconfig.cmake\n'}
[0.598977] (gps_message) StdoutLine: {'line': b'-- Up-to-date: /home/savannah/EECE5554/LAB4/install/gps_message/share/gps_message/cmake/export_gps_message__rosidl_typesupport_fastrtps_cExport.cmake\n'}
[0.599121] (gps_message) StdoutLine: {'line': b'-- Up-to-date: /home/savannah/EECE5554/LAB4/install/gps_message/share/gps_message/cmake/export_gps_message__rosidl_typesupport_fastrtps_cExport-noconfig.cmake\n'}
[0.599276] (gps_message) StdoutLine: {'line': b'-- Up-to-date: /home/savannah/EECE5554/LAB4/install/gps_message/share/gps_message/cmake/gps_message__rosidl_typesupport_introspection_cExport.cmake\n'}
[0.599393] (gps_message) StdoutLine: {'line': b'-- Up-to-date: /home/savannah/EECE5554/LAB4/install/gps_message/share/gps_message/cmake/gps_message__rosidl_typesupport_introspection_cExport-noconfig.cmake\n'}
[0.599542] (gps_message) StdoutLine: {'line': b'-- Up-to-date: /home/savannah/EECE5554/LAB4/install/gps_message/share/gps_message/cmake/gps_message__rosidl_typesupport_cExport.cmake\n'}
[0.599725] (gps_message) StdoutLine: {'line': b'-- Up-to-date: /home/savannah/EECE5554/LAB4/install/gps_message/share/gps_message/cmake/gps_message__rosidl_typesupport_cExport-noconfig.cmake\n'}
[0.599874] (gps_message) StdoutLine: {'line': b'-- Up-to-date: /home/savannah/EECE5554/LAB4/install/gps_message/share/gps_message/cmake/export_gps_message__rosidl_generator_cppExport.cmake\n'}
[0.599944] (gps_message) StdoutLine: {'line': b'-- Up-to-date: /home/savannah/EECE5554/LAB4/install/gps_message/share/gps_message/cmake/export_gps_message__rosidl_typesupport_fastrtps_cppExport.cmake\n'}
[0.600048] (gps_message) StdoutLine: {'line': b'-- Up-to-date: /home/savannah/EECE5554/LAB4/install/gps_message/share/gps_message/cmake/export_gps_message__rosidl_typesupport_fastrtps_cppExport-noconfig.cmake\n'}
[0.600234] (gps_message) StdoutLine: {'line': b'-- Up-to-date: /home/savannah/EECE5554/LAB4/install/gps_message/share/gps_message/cmake/gps_message__rosidl_typesupport_introspection_cppExport.cmake\n'}
[0.600413] (gps_message) StdoutLine: {'line': b'-- Up-to-date: /home/savannah/EECE5554/LAB4/install/gps_message/share/gps_message/cmake/gps_message__rosidl_typesupport_introspection_cppExport-noconfig.cmake\n'}
[0.600609] (gps_message) StdoutLine: {'line': b'-- Up-to-date: /home/savannah/EECE5554/LAB4/install/gps_message/share/gps_message/cmake/gps_message__rosidl_typesupport_cppExport.cmake\n'}
[0.601241] (gps_message) StdoutLine: {'line': b'-- Up-to-date: /home/savannah/EECE5554/LAB4/install/gps_message/share/gps_message/cmake/gps_message__rosidl_typesupport_cppExport-noconfig.cmake\n'}
[0.601297] (-) TimerEvent: {}
[0.601848] (gps_message) StdoutLine: {'line': b'-- Up-to-date: /home/savannah/EECE5554/LAB4/install/gps_message/share/gps_message/cmake/export_gps_message__rosidl_generator_pyExport.cmake\n'}
[0.601917] (gps_message) StdoutLine: {'line': b'-- Up-to-date: /home/savannah/EECE5554/LAB4/install/gps_message/share/gps_message/cmake/export_gps_message__rosidl_generator_pyExport-noconfig.cmake\n'}
[0.601957] (gps_message) StdoutLine: {'line': b'-- Up-to-date: /home/savannah/EECE5554/LAB4/install/gps_message/share/gps_message/cmake/rosidl_cmake-extras.cmake\n'}
[0.601994] (gps_message) StdoutLine: {'line': b'-- Up-to-date: /home/savannah/EECE5554/LAB4/install/gps_message/share/gps_message/cmake/ament_cmake_export_dependencies-extras.cmake\n'}
[0.602870] (imu_msg) StdoutLine: {'line': b'-- Up-to-date: /home/savannah/EECE5554/LAB4/install/imu_msg/local/lib/python3.10/dist-packages/imu_msg/imu_msg_s__rosidl_typesupport_fastrtps_c.cpython-310-x86_64-linux-gnu.so\n'}
[0.603014] (gps_message) StdoutLine: {'line': b'-- Up-to-date: /home/savannah/EECE5554/LAB4/install/gps_message/share/gps_message/cmake/ament_cmake_export_include_directories-extras.cmake\n'}
[0.603065] (gps_message) StdoutLine: {'line': b'-- Up-to-date: /home/savannah/EECE5554/LAB4/install/gps_message/share/gps_message/cmake/ament_cmake_export_libraries-extras.cmake\n'}
[0.603105] (gps_message) StdoutLine: {'line': b'-- Up-to-date: /home/savannah/EECE5554/LAB4/install/gps_message/share/gps_message/cmake/ament_cmake_export_targets-extras.cmake\n'}
[0.603150] (gps_message) StdoutLine: {'line': b'-- Up-to-date: /home/savannah/EECE5554/LAB4/install/gps_message/share/gps_message/cmake/rosidl_cmake_export_typesupport_targets-extras.cmake\n'}
[0.603186] (gps_message) StdoutLine: {'line': b'-- Up-to-date: /home/savannah/EECE5554/LAB4/install/gps_message/share/gps_message/cmake/rosidl_cmake_export_typesupport_libraries-extras.cmake\n'}
[0.603223] (imu_msg) StdoutLine: {'line': b'-- Up-to-date: /home/savannah/EECE5554/LAB4/install/imu_msg/local/lib/python3.10/dist-packages/imu_msg/imu_msg_s__rosidl_typesupport_introspection_c.cpython-310-x86_64-linux-gnu.so\n'}
[0.603356] (gps_message) StdoutLine: {'line': b'-- Up-to-date: /home/savannah/EECE5554/LAB4/install/gps_message/share/gps_message/cmake/gps_messageConfig.cmake\n'}
[0.603438] (gps_message) StdoutLine: {'line': b'-- Up-to-date: /home/savannah/EECE5554/LAB4/install/gps_message/share/gps_message/cmake/gps_messageConfig-version.cmake\n'}
[0.603482] (gps_message) StdoutLine: {'line': b'-- Up-to-date: /home/savannah/EECE5554/LAB4/install/gps_message/share/gps_message/package.xml\n'}
[0.603522] (imu_msg) StdoutLine: {'line': b'-- Up-to-date: /home/savannah/EECE5554/LAB4/install/imu_msg/local/lib/python3.10/dist-packages/imu_msg/imu_msg_s__rosidl_typesupport_c.cpython-310-x86_64-linux-gnu.so\n'}
[0.603564] (imu_msg) StdoutLine: {'line': b'-- Up-to-date: /home/savannah/EECE5554/LAB4/install/imu_msg/lib/libimu_msg__rosidl_generator_py.so\n'}
[0.604964] (imu_msg) StdoutLine: {'line': b'-- Up-to-date: /home/savannah/EECE5554/LAB4/install/imu_msg/share/imu_msg/msg/ImuMsg.idl\n'}
[0.605411] (gps_message) CommandEnded: {'returncode': 0}
[0.605735] (imu_msg) StdoutLine: {'line': b'-- Up-to-date: /home/savannah/EECE5554/LAB4/install/imu_msg/share/imu_msg/msg/ImuMsg.msg\n'}
[0.605814] (imu_msg) StdoutLine: {'line': b'-- Up-to-date: /home/savannah/EECE5554/LAB4/install/imu_msg/share/ament_index/resource_index/package_run_dependencies/imu_msg\n'}
[0.605876] (imu_msg) StdoutLine: {'line': b'-- Up-to-date: /home/savannah/EECE5554/LAB4/install/imu_msg/share/ament_index/resource_index/parent_prefix_path/imu_msg\n'}
[0.605923] (imu_msg) StdoutLine: {'line': b'-- Up-to-date: /home/savannah/EECE5554/LAB4/install/imu_msg/share/imu_msg/environment/ament_prefix_path.sh\n'}
[0.605968] (imu_msg) StdoutLine: {'line': b'-- Up-to-date: /home/savannah/EECE5554/LAB4/install/imu_msg/share/imu_msg/environment/ament_prefix_path.dsv\n'}
[0.606013] (imu_msg) StdoutLine: {'line': b'-- Up-to-date: /home/savannah/EECE5554/LAB4/install/imu_msg/share/imu_msg/environment/path.sh\n'}
[0.606185] (imu_msg) StdoutLine: {'line': b'-- Up-to-date: /home/savannah/EECE5554/LAB4/install/imu_msg/share/imu_msg/environment/path.dsv\n'}
[0.606242] (imu_msg) StdoutLine: {'line': b'-- Up-to-date: /home/savannah/EECE5554/LAB4/install/imu_msg/share/imu_msg/local_setup.bash\n'}
[0.606280] (imu_msg) StdoutLine: {'line': b'-- Up-to-date: /home/savannah/EECE5554/LAB4/install/imu_msg/share/imu_msg/local_setup.sh\n'}
[0.606323] (imu_msg) StdoutLine: {'line': b'-- Up-to-date: /home/savannah/EECE5554/LAB4/install/imu_msg/share/imu_msg/local_setup.zsh\n'}
[0.606422] (imu_msg) StdoutLine: {'line': b'-- Up-to-date: /home/savannah/EECE5554/LAB4/install/imu_msg/share/imu_msg/local_setup.dsv\n'}
[0.606468] (imu_msg) StdoutLine: {'line': b'-- Installing: /home/savannah/EECE5554/LAB4/install/imu_msg/share/imu_msg/package.dsv\n'}
[0.606666] (imu_msg) StdoutLine: {'line': b'-- Up-to-date: /home/savannah/EECE5554/LAB4/install/imu_msg/share/ament_index/resource_index/packages/imu_msg\n'}
[0.606716] (imu_msg) StdoutLine: {'line': b'-- Up-to-date: /home/savannah/EECE5554/LAB4/install/imu_msg/share/imu_msg/cmake/export_imu_msg__rosidl_generator_cExport.cmake\n'}
[0.606758] (imu_msg) StdoutLine: {'line': b'-- Up-to-date: /home/savannah/EECE5554/LAB4/install/imu_msg/share/imu_msg/cmake/export_imu_msg__rosidl_generator_cExport-noconfig.cmake\n'}
[0.606848] (imu_msg) StdoutLine: {'line': b'-- Up-to-date: /home/savannah/EECE5554/LAB4/install/imu_msg/share/imu_msg/cmake/export_imu_msg__rosidl_typesupport_fastrtps_cExport.cmake\n'}
[0.606907] (imu_msg) StdoutLine: {'line': b'-- Up-to-date: /home/savannah/EECE5554/LAB4/install/imu_msg/share/imu_msg/cmake/export_imu_msg__rosidl_typesupport_fastrtps_cExport-noconfig.cmake\n'}
[0.606952] (imu_msg) StdoutLine: {'line': b'-- Up-to-date: /home/savannah/EECE5554/LAB4/install/imu_msg/share/imu_msg/cmake/export_imu_msg__rosidl_generator_cppExport.cmake\n'}
[0.607141] (imu_msg) StdoutLine: {'line': b'-- Up-to-date: /home/savannah/EECE5554/LAB4/install/imu_msg/share/imu_msg/cmake/export_imu_msg__rosidl_typesupport_fastrtps_cppExport.cmake\n'}
[0.607331] (imu_msg) StdoutLine: {'line': b'-- Up-to-date: /home/savannah/EECE5554/LAB4/install/imu_msg/share/imu_msg/cmake/export_imu_msg__rosidl_typesupport_fastrtps_cppExport-noconfig.cmake\n'}
[0.607396] (imu_msg) StdoutLine: {'line': b'-- Up-to-date: /home/savannah/EECE5554/LAB4/install/imu_msg/share/imu_msg/cmake/imu_msg__rosidl_typesupport_introspection_cExport.cmake\n'}
[0.607436] (imu_msg) StdoutLine: {'line': b'-- Up-to-date: /home/savannah/EECE5554/LAB4/install/imu_msg/share/imu_msg/cmake/imu_msg__rosidl_typesupport_introspection_cExport-noconfig.cmake\n'}
[0.607633] (imu_msg) StdoutLine: {'line': b'-- Up-to-date: /home/savannah/EECE5554/LAB4/install/imu_msg/share/imu_msg/cmake/imu_msg__rosidl_typesupport_cExport.cmake\n'}
[0.607716] (imu_msg) StdoutLine: {'line': b'-- Up-to-date: /home/savannah/EECE5554/LAB4/install/imu_msg/share/imu_msg/cmake/imu_msg__rosidl_typesupport_cExport-noconfig.cmake\n'}
[0.607903] (imu_msg) StdoutLine: {'line': b'-- Up-to-date: /home/savannah/EECE5554/LAB4/install/imu_msg/share/imu_msg/cmake/imu_msg__rosidl_typesupport_introspection_cppExport.cmake\n'}
[0.607950] (imu_msg) StdoutLine: {'line': b'-- Up-to-date: /home/savannah/EECE5554/LAB4/install/imu_msg/share/imu_msg/cmake/imu_msg__rosidl_typesupport_introspection_cppExport-noconfig.cmake\n'}
[0.607998] (imu_msg) StdoutLine: {'line': b'-- Up-to-date: /home/savannah/EECE5554/LAB4/install/imu_msg/share/imu_msg/cmake/imu_msg__rosidl_typesupport_cppExport.cmake\n'}
[0.608228] (imu_msg) StdoutLine: {'line': b'-- Up-to-date: /home/savannah/EECE5554/LAB4/install/imu_msg/share/imu_msg/cmake/imu_msg__rosidl_typesupport_cppExport-noconfig.cmake\n'}
[0.608269] (imu_msg) StdoutLine: {'line': b'-- Up-to-date: /home/savannah/EECE5554/LAB4/install/imu_msg/share/imu_msg/cmake/export_imu_msg__rosidl_generator_pyExport.cmake\n'}
[0.608307] (imu_msg) StdoutLine: {'line': b'-- Up-to-date: /home/savannah/EECE5554/LAB4/install/imu_msg/share/imu_msg/cmake/export_imu_msg__rosidl_generator_pyExport-noconfig.cmake\n'}
[0.608346] (imu_msg) StdoutLine: {'line': b'-- Up-to-date: /home/savannah/EECE5554/LAB4/install/imu_msg/share/imu_msg/cmake/rosidl_cmake-extras.cmake\n'}
[0.609799] (imu_msg) StdoutLine: {'line': b'-- Up-to-date: /home/savannah/EECE5554/LAB4/install/imu_msg/share/imu_msg/cmake/ament_cmake_export_dependencies-extras.cmake\n'}
[0.609971] (imu_msg) StdoutLine: {'line': b'-- Up-to-date: /home/savannah/EECE5554/LAB4/install/imu_msg/share/imu_msg/cmake/ament_cmake_export_include_directories-extras.cmake\n'}
[0.610218] (imu_msg) StdoutLine: {'line': b'-- Up-to-date: /home/savannah/EECE5554/LAB4/install/imu_msg/share/imu_msg/cmake/ament_cmake_export_libraries-extras.cmake\n'}
[0.610290] (imu_msg) StdoutLine: {'line': b'-- Up-to-date: /home/savannah/EECE5554/LAB4/install/imu_msg/share/imu_msg/cmake/ament_cmake_export_targets-extras.cmake\n'}
[0.610340] (imu_msg) StdoutLine: {'line': b'-- Up-to-date: /home/savannah/EECE5554/LAB4/install/imu_msg/share/imu_msg/cmake/rosidl_cmake_export_typesupport_targets-extras.cmake\n'}
[0.610388] (imu_msg) StdoutLine: {'line': b'-- Up-to-date: /home/savannah/EECE5554/LAB4/install/imu_msg/share/imu_msg/cmake/rosidl_cmake_export_typesupport_libraries-extras.cmake\n'}
[0.610433] (imu_msg) StdoutLine: {'line': b'-- Up-to-date: /home/savannah/EECE5554/LAB4/install/imu_msg/share/imu_msg/cmake/imu_msgConfig.cmake\n'}
[0.610478] (imu_msg) StdoutLine: {'line': b'-- Up-to-date: /home/savannah/EECE5554/LAB4/install/imu_msg/share/imu_msg/cmake/imu_msgConfig-version.cmake\n'}
[0.610535] (imu_msg) StdoutLine: {'line': b'-- Up-to-date: /home/savannah/EECE5554/LAB4/install/imu_msg/share/imu_msg/package.xml\n'}
[0.628210] (gps_message) JobEnded: {'identifier': 'gps_message', 'rc': 0}
[0.629054] (gps_driver) JobStarted: {'identifier': 'gps_driver'}
[0.637446] (imu_msg) CommandEnded: {'returncode': 0}
[0.653551] (imu_msg) JobEnded: {'identifier': 'imu_msg', 'rc': 0}
[0.655006] (imu_driver) JobStarted: {'identifier': 'imu_driver'}
[0.705791] (-) TimerEvent: {}
[0.807792] (-) TimerEvent: {}
[0.909935] (-) TimerEvent: {}
[1.011138] (-) TimerEvent: {}
[1.111461] (-) TimerEvent: {}
[1.212683] (-) TimerEvent: {}
[1.313920] (-) TimerEvent: {}
[1.320202] (gps_driver) Command: {'cmd': ['/usr/bin/python3', '-W', 'ignore:setup.py install is deprecated', '-W', 'ignore:easy_install command is deprecated', 'setup.py', 'egg_info', '--egg-base', '../../build/gps_driver', 'build', '--build-base', '/home/savannah/EECE5554/LAB4/build/gps_driver/build', 'install', '--record', '/home/savannah/EECE5554/LAB4/build/gps_driver/install.log', '--single-version-externally-managed', 'install_data'], 'cwd': '/home/savannah/EECE5554/LAB4/src/gps_driver', 'env': {'LESSOPEN': '| /usr/bin/lesspipe %s', 'USER': 'savannah', 'XDG_SESSION_TYPE': 'wayland', 'SHLVL': '2', 'LD_LIBRARY_PATH': '/home/savannah/EECE5554/LAB4/install/gps_message/lib:/home/savannah/EECE5554/LAB1/install/gps_message/lib:/home/savannah/EECE5554/LAB4/install/imu_msg/lib:/opt/ros/humble/opt/rviz_ogre_vendor/lib:/opt/ros/humble/lib/x86_64-linux-gnu:/opt/ros/humble/lib', 'HOME': '/home/savannah', 'OLDPWD': '/home/savannah/EECE5554/LAB4/src', 'DESKTOP_SESSION': 'ubuntu', 'ROS_PYTHON_VERSION': '3', 'GNOME_SHELL_SESSION_MODE': 'ubuntu', 'GTK_MODULES': 'gail:atk-bridge', 'SYSTEMD_EXEC_PID': '1701', 'DBUS_SESSION_BUS_ADDRESS': 'unix:path=/run/user/1000/bus', 'COLORTERM': 'truecolor', 'TERMINATOR_DBUS_NAME': 'net.tenshu.Terminator25ef4b219e3b005583550f2b0f9f990c3', 'IM_CONFIG_PHASE': '1', 'WAYLAND_DISPLAY': 'wayland-0', 'COLCON_PREFIX_PATH': '/home/savannah/EECE5554/LAB4/install:/home/savannah/EECE5554/LAB1/install', 'ROS_DISTRO': 'humble', 'LOGNAME': 'savannah', '_': '/usr/bin/colcon', 'ROS_VERSION': '2', 'XDG_SESSION_CLASS': 'user', 'USERNAME': 'savannah', 'TERM': 'xterm-256color', 'GNOME_DESKTOP_SESSION_ID': 'this-is-deprecated', 'ROS_LOCALHOST_ONLY': '0', 'PATH': '/opt/ros/humble/bin:/home/savannah/.local/bin:/usr/local/sbin:/usr/local/bin:/usr/sbin:/usr/bin:/sbin:/bin:/usr/games:/usr/local/games:/snap/bin:/snap/bin', 'SESSION_MANAGER': 'local/savannah-VirtualBox:@/tmp/.ICE-unix/1661,unix/savannah-VirtualBox:/tmp/.ICE-unix/1661', 'XDG_MENU_PREFIX': 'gnome-', 'GNOME_TERMINAL_SCREEN': '/org/gnome/Terminal/screen/115b0915_29a3_46f0_93e7_838b2bbe1923', 'GNOME_SETUP_DISPLAY': ':1', 'XDG_RUNTIME_DIR': '/run/user/1000', 'DISPLAY': ':0', 'TERMINATOR_DBUS_PATH': '/net/tenshu/Terminator2', 'LANG': 'en_US.UTF-8', 'XDG_CURRENT_DESKTOP': 'ubuntu:GNOME', 'IBUS_DISABLE_SNOOPER': '1', 'XMODIFIERS': '@im=ibus', 'XDG_SESSION_DESKTOP': 'ubuntu', 'XAUTHORITY': '/run/user/1000/.mutter-Xwaylandauth.FJW132', 'LS_COLORS': 'rs=0:di=01;34:ln=01;36:mh=00:pi=40;33:so=01;35:do=01;35:bd=40;33;01:cd=40;33;01:or=40;31;01:mi=00:su=37;41:sg=30;43:ca=30;41:tw=30;42:ow=34;42:st=37;44:ex=01;32:*.tar=01;31:*.tgz=01;31:*.arc=01;31:*.arj=01;31:*.taz=01;31:*.lha=01;31:*.lz4=01;31:*.lzh=01;31:*.lzma=01;31:*.tlz=01;31:*.txz=01;31:*.tzo=01;31:*.t7z=01;31:*.zip=01;31:*.z=01;31:*.dz=01;31:*.gz=01;31:*.lrz=01;31:*.lz=01;31:*.lzo=01;31:*.xz=01;31:*.zst=01;31:*.tzst=01;31:*.bz2=01;31:*.bz=01;31:*.tbz=01;31:*.tbz2=01;31:*.tz=01;31:*.deb=01;31:*.rpm=01;31:*.jar=01;31:*.war=01;31:*.ear=01;31:*.sar=01;31:*.rar=01;31:*.alz=01;31:*.ace=01;31:*.zoo=01;31:*.cpio=01;31:*.7z=01;31:*.rz=01;31:*.cab=01;31:*.wim=01;31:*.swm=01;31:*.dwm=01;31:*.esd=01;31:*.jpg=01;35:*.jpeg=01;35:*.mjpg=01;35:*.mjpeg=01;35:*.gif=01;35:*.bmp=01;35:*.pbm=01;35:*.pgm=01;35:*.ppm=01;35:*.tga=01;35:*.xbm=01;35:*.xpm=01;35:*.tif=01;35:*.tiff=01;35:*.png=01;35:*.svg=01;35:*.svgz=01;35:*.mng=01;35:*.pcx=01;35:*.mov=01;35:*.mpg=01;35:*.mpeg=01;35:*.m2v=01;35:*.mkv=01;35:*.webm=01;35:*.webp=01;35:*.ogm=01;35:*.mp4=01;35:*.m4v=01;35:*.mp4v=01;35:*.vob=01;35:*.qt=01;35:*.nuv=01;35:*.wmv=01;35:*.asf=01;35:*.rm=01;35:*.rmvb=01;35:*.flc=01;35:*.avi=01;35:*.fli=01;35:*.flv=01;35:*.gl=01;35:*.dl=01;35:*.xcf=01;35:*.xwd=01;35:*.yuv=01;35:*.cgm=01;35:*.emf=01;35:*.ogv=01;35:*.ogx=01;35:*.aac=00;36:*.au=00;36:*.flac=00;36:*.m4a=00;36:*.mid=00;36:*.midi=00;36:*.mka=00;36:*.mp3=00;36:*.mpc=00;36:*.ogg=00;36:*.ra=00;36:*.wav=00;36:*.oga=00;36:*.opus=00;36:*.spx=00;36:*.xspf=00;36:', 'GNOME_TERMINAL_SERVICE': ':1.104', 'SSH_AGENT_LAUNCHER': 'gnome-keyring', 'SSH_AUTH_SOCK': '/run/user/1000/keyring/ssh', 'AMENT_PREFIX_PATH': '/home/savannah/EECE5554/LAB1/install/gps_driver:/home/savannah/EECE5554/LAB1/install/gps_message:/home/savannah/EECE5554/LAB4/install/fusion_driver:/home/savannah/EECE5554/LAB4/install/imu_driver:/home/savannah/EECE5554/LAB4/install/imu_msg:/home/savannah/EECE5554/LAB4/install/gps_driver:/home/savannah/EECE5554/LAB4/install/gps_message:/opt/ros/humble', 'SHELL': '/bin/bash', 'TERMINATOR_UUID': 'urn:uuid:f90c821d-3786-4772-96da-b6768894ea90', 'QT_ACCESSIBILITY': '1', 'GDMSESSION': 'ubuntu', 'LESSCLOSE': '/usr/bin/lesspipe %s %s', 'QT_IM_MODULE': 'ibus', 'PWD': '/home/savannah/EECE5554/LAB4/build/gps_driver', 'LC_ALL': 'en_US.UTF-8', 'XDG_CONFIG_DIRS': '/etc/xdg/xdg-ubuntu:/etc/xdg', 'XDG_DATA_DIRS': '/usr/share/ubuntu:/usr/local/share/:/usr/share/:/var/lib/snapd/desktop', 'PYTHONPATH': '/home/savannah/EECE5554/LAB4/build/gps_driver/prefix_override:/usr/lib/python3/dist-packages/colcon_core/task/python/colcon_distutils_commands:/home/savannah/EECE5554/LAB4/install/gps_driver/lib/python3.10/site-packages:/home/savannah/EECE5554/LAB1/install/gps_driver/lib/python3.10/site-packages:/home/savannah/EECE5554/LAB1/install/gps_message/local/lib/python3.10/dist-packages:/home/savannah/EECE5554/LAB4/install/fusion_driver/lib/python3.10/site-packages:/home/savannah/EECE5554/LAB4/install/imu_driver/lib/python3.10/site-packages:/home/savannah/EECE5554/LAB4/install/imu_msg/local/lib/python3.10/dist-packages:/home/savannah/EECE5554/LAB4/install/gps_driver/lib/python3.10/site-packages:/home/savannah/EECE5554/LAB4/install/gps_message/local/lib/python3.10/dist-packages:/opt/ros/humble/lib/python3.10/site-packages:/opt/ros/humble/local/lib/python3.10/dist-packages', 'COLCON': '1', 'VTE_VERSION': '6800', 'CMAKE_PREFIX_PATH': '/home/savannah/EECE5554/LAB4/install/gps_message:/home/savannah/EECE5554/LAB1/install/gps_message:/home/savannah/EECE5554/LAB4/install/imu_msg'}, 'shell': False}
[1.336448] (imu_driver) Command: {'cmd': ['/usr/bin/python3', '-W', 'ignore:setup.py install is deprecated', '-W', 'ignore:easy_install command is deprecated', 'setup.py', 'egg_info', '--egg-base', '../../build/imu_driver', 'build', '--build-base', '/home/savannah/EECE5554/LAB4/build/imu_driver/build', 'install', '--record', '/home/savannah/EECE5554/LAB4/build/imu_driver/install.log', '--single-version-externally-managed', 'install_data'], 'cwd': '/home/savannah/EECE5554/LAB4/src/imu_driver', 'env': {'LESSOPEN': '| /usr/bin/lesspipe %s', 'USER': 'savannah', 'XDG_SESSION_TYPE': 'wayland', 'SHLVL': '2', 'LD_LIBRARY_PATH': '/home/savannah/EECE5554/LAB4/install/imu_msg/lib:/home/savannah/EECE5554/LAB1/install/gps_message/lib:/home/savannah/EECE5554/LAB4/install/gps_message/lib:/opt/ros/humble/opt/rviz_ogre_vendor/lib:/opt/ros/humble/lib/x86_64-linux-gnu:/opt/ros/humble/lib', 'HOME': '/home/savannah', 'OLDPWD': '/home/savannah/EECE5554/LAB4/src', 'DESKTOP_SESSION': 'ubuntu', 'ROS_PYTHON_VERSION': '3', 'GNOME_SHELL_SESSION_MODE': 'ubuntu', 'GTK_MODULES': 'gail:atk-bridge', 'SYSTEMD_EXEC_PID': '1701', 'DBUS_SESSION_BUS_ADDRESS': 'unix:path=/run/user/1000/bus', 'COLORTERM': 'truecolor', 'TERMINATOR_DBUS_NAME': 'net.tenshu.Terminator25ef4b219e3b005583550f2b0f9f990c3', 'IM_CONFIG_PHASE': '1', 'WAYLAND_DISPLAY': 'wayland-0', 'COLCON_PREFIX_PATH': '/home/savannah/EECE5554/LAB4/install:/home/savannah/EECE5554/LAB1/install', 'ROS_DISTRO': 'humble', 'LOGNAME': 'savannah', '_': '/usr/bin/colcon', 'ROS_VERSION': '2', 'XDG_SESSION_CLASS': 'user', 'USERNAME': 'savannah', 'TERM': 'xterm-256color', 'GNOME_DESKTOP_SESSION_ID': 'this-is-deprecated', 'ROS_LOCALHOST_ONLY': '0', 'PATH': '/opt/ros/humble/bin:/home/savannah/.local/bin:/usr/local/sbin:/usr/local/bin:/usr/sbin:/usr/bin:/sbin:/bin:/usr/games:/usr/local/games:/snap/bin:/snap/bin', 'SESSION_MANAGER': 'local/savannah-VirtualBox:@/tmp/.ICE-unix/1661,unix/savannah-VirtualBox:/tmp/.ICE-unix/1661', 'XDG_MENU_PREFIX': 'gnome-', 'GNOME_TERMINAL_SCREEN': '/org/gnome/Terminal/screen/115b0915_29a3_46f0_93e7_838b2bbe1923', 'GNOME_SETUP_DISPLAY': ':1', 'XDG_RUNTIME_DIR': '/run/user/1000', 'DISPLAY': ':0', 'TERMINATOR_DBUS_PATH': '/net/tenshu/Terminator2', 'LANG': 'en_US.UTF-8', 'XDG_CURRENT_DESKTOP': 'ubuntu:GNOME', 'IBUS_DISABLE_SNOOPER': '1', 'XMODIFIERS': '@im=ibus', 'XDG_SESSION_DESKTOP': 'ubuntu', 'XAUTHORITY': '/run/user/1000/.mutter-Xwaylandauth.FJW132', 'LS_COLORS': 'rs=0:di=01;34:ln=01;36:mh=00:pi=40;33:so=01;35:do=01;35:bd=40;33;01:cd=40;33;01:or=40;31;01:mi=00:su=37;41:sg=30;43:ca=30;41:tw=30;42:ow=34;42:st=37;44:ex=01;32:*.tar=01;31:*.tgz=01;31:*.arc=01;31:*.arj=01;31:*.taz=01;31:*.lha=01;31:*.lz4=01;31:*.lzh=01;31:*.lzma=01;31:*.tlz=01;31:*.txz=01;31:*.tzo=01;31:*.t7z=01;31:*.zip=01;31:*.z=01;31:*.dz=01;31:*.gz=01;31:*.lrz=01;31:*.lz=01;31:*.lzo=01;31:*.xz=01;31:*.zst=01;31:*.tzst=01;31:*.bz2=01;31:*.bz=01;31:*.tbz=01;31:*.tbz2=01;31:*.tz=01;31:*.deb=01;31:*.rpm=01;31:*.jar=01;31:*.war=01;31:*.ear=01;31:*.sar=01;31:*.rar=01;31:*.alz=01;31:*.ace=01;31:*.zoo=01;31:*.cpio=01;31:*.7z=01;31:*.rz=01;31:*.cab=01;31:*.wim=01;31:*.swm=01;31:*.dwm=01;31:*.esd=01;31:*.jpg=01;35:*.jpeg=01;35:*.mjpg=01;35:*.mjpeg=01;35:*.gif=01;35:*.bmp=01;35:*.pbm=01;35:*.pgm=01;35:*.ppm=01;35:*.tga=01;35:*.xbm=01;35:*.xpm=01;35:*.tif=01;35:*.tiff=01;35:*.png=01;35:*.svg=01;35:*.svgz=01;35:*.mng=01;35:*.pcx=01;35:*.mov=01;35:*.mpg=01;35:*.mpeg=01;35:*.m2v=01;35:*.mkv=01;35:*.webm=01;35:*.webp=01;35:*.ogm=01;35:*.mp4=01;35:*.m4v=01;35:*.mp4v=01;35:*.vob=01;35:*.qt=01;35:*.nuv=01;35:*.wmv=01;35:*.asf=01;35:*.rm=01;35:*.rmvb=01;35:*.flc=01;35:*.avi=01;35:*.fli=01;35:*.flv=01;35:*.gl=01;35:*.dl=01;35:*.xcf=01;35:*.xwd=01;35:*.yuv=01;35:*.cgm=01;35:*.emf=01;35:*.ogv=01;35:*.ogx=01;35:*.aac=00;36:*.au=00;36:*.flac=00;36:*.m4a=00;36:*.mid=00;36:*.midi=00;36:*.mka=00;36:*.mp3=00;36:*.mpc=00;36:*.ogg=00;36:*.ra=00;36:*.wav=00;36:*.oga=00;36:*.opus=00;36:*.spx=00;36:*.xspf=00;36:', 'GNOME_TERMINAL_SERVICE': ':1.104', 'SSH_AGENT_LAUNCHER': 'gnome-keyring', 'SSH_AUTH_SOCK': '/run/user/1000/keyring/ssh', 'AMENT_PREFIX_PATH': '/home/savannah/EECE5554/LAB1/install/gps_driver:/home/savannah/EECE5554/LAB1/install/gps_message:/home/savannah/EECE5554/LAB4/install/fusion_driver:/home/savannah/EECE5554/LAB4/install/imu_driver:/home/savannah/EECE5554/LAB4/install/imu_msg:/home/savannah/EECE5554/LAB4/install/gps_driver:/home/savannah/EECE5554/LAB4/install/gps_message:/opt/ros/humble', 'SHELL': '/bin/bash', 'TERMINATOR_UUID': 'urn:uuid:f90c821d-3786-4772-96da-b6768894ea90', 'QT_ACCESSIBILITY': '1', 'GDMSESSION': 'ubuntu', 'LESSCLOSE': '/usr/bin/lesspipe %s %s', 'QT_IM_MODULE': 'ibus', 'PWD': '/home/savannah/EECE5554/LAB4/build/imu_driver', 'LC_ALL': 'en_US.UTF-8', 'XDG_CONFIG_DIRS': '/etc/xdg/xdg-ubuntu:/etc/xdg', 'XDG_DATA_DIRS': '/usr/share/ubuntu:/usr/local/share/:/usr/share/:/var/lib/snapd/desktop', 'PYTHONPATH': '/home/savannah/EECE5554/LAB4/build/imu_driver/prefix_override:/usr/lib/python3/dist-packages/colcon_core/task/python/colcon_distutils_commands:/home/savannah/EECE5554/LAB4/install/imu_driver/lib/python3.10/site-packages:/home/savannah/EECE5554/LAB1/install/gps_driver/lib/python3.10/site-packages:/home/savannah/EECE5554/LAB1/install/gps_message/local/lib/python3.10/dist-packages:/home/savannah/EECE5554/LAB4/install/fusion_driver/lib/python3.10/site-packages:/home/savannah/EECE5554/LAB4/install/imu_driver/lib/python3.10/site-packages:/home/savannah/EECE5554/LAB4/install/imu_msg/local/lib/python3.10/dist-packages:/home/savannah/EECE5554/LAB4/install/gps_driver/lib/python3.10/site-packages:/home/savannah/EECE5554/LAB4/install/gps_message/local/lib/python3.10/dist-packages:/opt/ros/humble/lib/python3.10/site-packages:/opt/ros/humble/local/lib/python3.10/dist-packages', 'COLCON': '1', 'VTE_VERSION': '6800', 'CMAKE_PREFIX_PATH': '/home/savannah/EECE5554/LAB4/install/imu_msg:/home/savannah/EECE5554/LAB1/install/gps_message:/home/savannah/EECE5554/LAB4/install/gps_message'}, 'shell': False}
[1.415018] (-) TimerEvent: {}
[1.514943] (gps_driver) StdoutLine: {'line': b'running egg_info\n'}
[1.515131] (-) TimerEvent: {}
[1.516106] (gps_driver) StdoutLine: {'line': b'writing ../../build/gps_driver/gps_driver.egg-info/PKG-INFO\n'}
[1.516339] (gps_driver) StdoutLine: {'line': b'writing dependency_links to ../../build/gps_driver/gps_driver.egg-info/dependency_links.txt\n'}
[1.516527] (gps_driver) StdoutLine: {'line': b'writing entry points to ../../build/gps_driver/gps_driver.egg-info/entry_points.txt\n'}
[1.516648] (gps_driver) StdoutLine: {'line': b'writing requirements to ../../build/gps_driver/gps_driver.egg-info/requires.txt\n'}
[1.516751] (gps_driver) StdoutLine: {'line': b'writing top-level names to ../../build/gps_driver/gps_driver.egg-info/top_level.txt\n'}
[1.518831] (gps_driver) StdoutLine: {'line': b"reading manifest file '../../build/gps_driver/gps_driver.egg-info/SOURCES.txt'\n"}
[1.518985] (gps_driver) StdoutLine: {'line': b"adding license file 'LICENSE'\n"}
[1.519539] (gps_driver) StdoutLine: {'line': b"writing manifest file '../../build/gps_driver/gps_driver.egg-info/SOURCES.txt'\n"}
[1.519666] (gps_driver) StdoutLine: {'line': b'running build\n'}
[1.519708] (gps_driver) StdoutLine: {'line': b'running build_py\n'}
[1.519889] (gps_driver) StdoutLine: {'line': b'running install\n'}
[1.520194] (gps_driver) StdoutLine: {'line': b'running install_lib\n'}
[1.521203] (gps_driver) StdoutLine: {'line': b'running install_data\n'}
[1.521367] (gps_driver) StdoutLine: {'line': b'running install_egg_info\n'}
[1.522788] (gps_driver) StdoutLine: {'line': b"removing '/home/savannah/EECE5554/LAB4/install/gps_driver/lib/python3.10/site-packages/gps_driver-0.0.0-py3.10.egg-info' (and everything under it)\n"}
[1.523009] (gps_driver) StdoutLine: {'line': b'Copying ../../build/gps_driver/gps_driver.egg-info to /home/savannah/EECE5554/LAB4/install/gps_driver/lib/python3.10/site-packages/gps_driver-0.0.0-py3.10.egg-info\n'}
[1.523645] (gps_driver) StdoutLine: {'line': b'running install_scripts\n'}
[1.530635] (imu_driver) StdoutLine: {'line': b'running egg_info\n'}
[1.531327] (imu_driver) StdoutLine: {'line': b'writing ../../build/imu_driver/imu_driver.egg-info/PKG-INFO\n'}
[1.531720] (imu_driver) StdoutLine: {'line': b'writing dependency_links to ../../build/imu_driver/imu_driver.egg-info/dependency_links.txt\n'}
[1.531844] (imu_driver) StdoutLine: {'line': b'writing entry points to ../../build/imu_driver/imu_driver.egg-info/entry_points.txt\n'}
[1.532137] (imu_driver) StdoutLine: {'line': b'writing requirements to ../../build/imu_driver/imu_driver.egg-info/requires.txt\n'}
[1.532215] (imu_driver) StdoutLine: {'line': b'writing top-level names to ../../build/imu_driver/imu_driver.egg-info/top_level.txt\n'}
[1.533562] (imu_driver) StdoutLine: {'line': b"reading manifest file '../../build/imu_driver/imu_driver.egg-info/SOURCES.txt'\n"}
[1.533682] (imu_driver) StdoutLine: {'line': b"adding license file 'LICENSE'\n"}
[1.534188] (imu_driver) StdoutLine: {'line': b"writing manifest file '../../build/imu_driver/imu_driver.egg-info/SOURCES.txt'\n"}
[1.534322] (imu_driver) StdoutLine: {'line': b'running build\n'}
[1.534368] (imu_driver) StdoutLine: {'line': b'running build_py\n'}
[1.535242] (imu_driver) StdoutLine: {'line': b'running install\n'}
[1.535353] (imu_driver) StdoutLine: {'line': b'running install_lib\n'}
[1.535838] (imu_driver) StdoutLine: {'line': b'running install_data\n'}
[1.535979] (imu_driver) StdoutLine: {'line': b'running install_egg_info\n'}
[1.537514] (imu_driver) StdoutLine: {'line': b"removing '/home/savannah/EECE5554/LAB4/install/imu_driver/lib/python3.10/site-packages/imu_driver-0.0.0-py3.10.egg-info' (and everything under it)\n"}
[1.537924] (imu_driver) StdoutLine: {'line': b'Copying ../../build/imu_driver/imu_driver.egg-info to /home/savannah/EECE5554/LAB4/install/imu_driver/lib/python3.10/site-packages/imu_driver-0.0.0-py3.10.egg-info\n'}
[1.538494] (imu_driver) StdoutLine: {'line': b'running install_scripts\n'}
[1.542472] (gps_driver) StdoutLine: {'line': b'Installing gps_driver script to /home/savannah/EECE5554/LAB4/install/gps_driver/lib/gps_driver\n'}
[1.542848] (gps_driver) StdoutLine: {'line': b"writing list of installed files to '/home/savannah/EECE5554/LAB4/build/gps_driver/install.log'\n"}
[1.558186] (imu_driver) StdoutLine: {'line': b'Installing imu_driver script to /home/savannah/EECE5554/LAB4/install/imu_driver/lib/imu_driver\n'}
[1.558957] (imu_driver) StdoutLine: {'line': b"writing list of installed files to '/home/savannah/EECE5554/LAB4/build/imu_driver/install.log'\n"}
[1.571931] (gps_driver) CommandEnded: {'returncode': 0}
[1.574942] (gps_driver) JobEnded: {'identifier': 'gps_driver', 'rc': 0}
[1.581643] (imu_driver) CommandEnded: {'returncode': 0}
[1.586673] (imu_driver) JobEnded: {'identifier': 'imu_driver', 'rc': 0}
[1.587269] (fusion_driver) JobStarted: {'identifier': 'fusion_driver'}
[1.615290] (-) TimerEvent: {}
[1.716178] (-) TimerEvent: {}
[1.816938] (-) TimerEvent: {}
[1.919164] (-) TimerEvent: {}
[2.019591] (-) TimerEvent: {}
[2.072883] (fusion_driver) Command: {'cmd': ['/usr/bin/python3', '-W', 'ignore:setup.py install is deprecated', '-W', 'ignore:easy_install command is deprecated', 'setup.py', 'egg_info', '--egg-base', '../../build/fusion_driver', 'build', '--build-base', '/home/savannah/EECE5554/LAB4/build/fusion_driver/build', 'install', '--record', '/home/savannah/EECE5554/LAB4/build/fusion_driver/install.log', '--single-version-externally-managed', 'install_data'], 'cwd': '/home/savannah/EECE5554/LAB4/src/fusion_driver', 'env': {'LESSOPEN': '| /usr/bin/lesspipe %s', 'USER': 'savannah', 'XDG_SESSION_TYPE': 'wayland', 'SHLVL': '2', 'LD_LIBRARY_PATH': '/home/savannah/EECE5554/LAB4/install/imu_msg/lib:/home/savannah/EECE5554/LAB4/install/gps_message/lib:/home/savannah/EECE5554/LAB1/install/gps_message/lib:/opt/ros/humble/opt/rviz_ogre_vendor/lib:/opt/ros/humble/lib/x86_64-linux-gnu:/opt/ros/humble/lib', 'HOME': '/home/savannah', 'OLDPWD': '/home/savannah/EECE5554/LAB4/src', 'DESKTOP_SESSION': 'ubuntu', 'ROS_PYTHON_VERSION': '3', 'GNOME_SHELL_SESSION_MODE': 'ubuntu', 'GTK_MODULES': 'gail:atk-bridge', 'SYSTEMD_EXEC_PID': '1701', 'DBUS_SESSION_BUS_ADDRESS': 'unix:path=/run/user/1000/bus', 'COLORTERM': 'truecolor', 'TERMINATOR_DBUS_NAME': 'net.tenshu.Terminator25ef4b219e3b005583550f2b0f9f990c3', 'IM_CONFIG_PHASE': '1', 'WAYLAND_DISPLAY': 'wayland-0', 'COLCON_PREFIX_PATH': '/home/savannah/EECE5554/LAB4/install:/home/savannah/EECE5554/LAB1/install', 'ROS_DISTRO': 'humble', 'LOGNAME': 'savannah', '_': '/usr/bin/colcon', 'ROS_VERSION': '2', 'XDG_SESSION_CLASS': 'user', 'USERNAME': 'savannah', 'TERM': 'xterm-256color', 'GNOME_DESKTOP_SESSION_ID': 'this-is-deprecated', 'ROS_LOCALHOST_ONLY': '0', 'PATH': '/opt/ros/humble/bin:/home/savannah/.local/bin:/usr/local/sbin:/usr/local/bin:/usr/sbin:/usr/bin:/sbin:/bin:/usr/games:/usr/local/games:/snap/bin:/snap/bin', 'SESSION_MANAGER': 'local/savannah-VirtualBox:@/tmp/.ICE-unix/1661,unix/savannah-VirtualBox:/tmp/.ICE-unix/1661', 'XDG_MENU_PREFIX': 'gnome-', 'GNOME_TERMINAL_SCREEN': '/org/gnome/Terminal/screen/115b0915_29a3_46f0_93e7_838b2bbe1923', 'GNOME_SETUP_DISPLAY': ':1', 'XDG_RUNTIME_DIR': '/run/user/1000', 'DISPLAY': ':0', 'TERMINATOR_DBUS_PATH': '/net/tenshu/Terminator2', 'LANG': 'en_US.UTF-8', 'XDG_CURRENT_DESKTOP': 'ubuntu:GNOME', 'IBUS_DISABLE_SNOOPER': '1', 'XMODIFIERS': '@im=ibus', 'XDG_SESSION_DESKTOP': 'ubuntu', 'XAUTHORITY': '/run/user/1000/.mutter-Xwaylandauth.FJW132', 'LS_COLORS': 'rs=0:di=01;34:ln=01;36:mh=00:pi=40;33:so=01;35:do=01;35:bd=40;33;01:cd=40;33;01:or=40;31;01:mi=00:su=37;41:sg=30;43:ca=30;41:tw=30;42:ow=34;42:st=37;44:ex=01;32:*.tar=01;31:*.tgz=01;31:*.arc=01;31:*.arj=01;31:*.taz=01;31:*.lha=01;31:*.lz4=01;31:*.lzh=01;31:*.lzma=01;31:*.tlz=01;31:*.txz=01;31:*.tzo=01;31:*.t7z=01;31:*.zip=01;31:*.z=01;31:*.dz=01;31:*.gz=01;31:*.lrz=01;31:*.lz=01;31:*.lzo=01;31:*.xz=01;31:*.zst=01;31:*.tzst=01;31:*.bz2=01;31:*.bz=01;31:*.tbz=01;31:*.tbz2=01;31:*.tz=01;31:*.deb=01;31:*.rpm=01;31:*.jar=01;31:*.war=01;31:*.ear=01;31:*.sar=01;31:*.rar=01;31:*.alz=01;31:*.ace=01;31:*.zoo=01;31:*.cpio=01;31:*.7z=01;31:*.rz=01;31:*.cab=01;31:*.wim=01;31:*.swm=01;31:*.dwm=01;31:*.esd=01;31:*.jpg=01;35:*.jpeg=01;35:*.mjpg=01;35:*.mjpeg=01;35:*.gif=01;35:*.bmp=01;35:*.pbm=01;35:*.pgm=01;35:*.ppm=01;35:*.tga=01;35:*.xbm=01;35:*.xpm=01;35:*.tif=01;35:*.tiff=01;35:*.png=01;35:*.svg=01;35:*.svgz=01;35:*.mng=01;35:*.pcx=01;35:*.mov=01;35:*.mpg=01;35:*.mpeg=01;35:*.m2v=01;35:*.mkv=01;35:*.webm=01;35:*.webp=01;35:*.ogm=01;35:*.mp4=01;35:*.m4v=01;35:*.mp4v=01;35:*.vob=01;35:*.qt=01;35:*.nuv=01;35:*.wmv=01;35:*.asf=01;35:*.rm=01;35:*.rmvb=01;35:*.flc=01;35:*.avi=01;35:*.fli=01;35:*.flv=01;35:*.gl=01;35:*.dl=01;35:*.xcf=01;35:*.xwd=01;35:*.yuv=01;35:*.cgm=01;35:*.emf=01;35:*.ogv=01;35:*.ogx=01;35:*.aac=00;36:*.au=00;36:*.flac=00;36:*.m4a=00;36:*.mid=00;36:*.midi=00;36:*.mka=00;36:*.mp3=00;36:*.mpc=00;36:*.ogg=00;36:*.ra=00;36:*.wav=00;36:*.oga=00;36:*.opus=00;36:*.spx=00;36:*.xspf=00;36:', 'GNOME_TERMINAL_SERVICE': ':1.104', 'SSH_AGENT_LAUNCHER': 'gnome-keyring', 'SSH_AUTH_SOCK': '/run/user/1000/keyring/ssh', 'AMENT_PREFIX_PATH': '/home/savannah/EECE5554/LAB4/install/imu_driver:/home/savannah/EECE5554/LAB4/install/gps_driver:/home/savannah/EECE5554/LAB1/install/gps_driver:/home/savannah/EECE5554/LAB1/install/gps_message:/home/savannah/EECE5554/LAB4/install/fusion_driver:/home/savannah/EECE5554/LAB4/install/imu_msg:/home/savannah/EECE5554/LAB4/install/gps_message:/opt/ros/humble', 'SHELL': '/bin/bash', 'TERMINATOR_UUID': 'urn:uuid:f90c821d-3786-4772-96da-b6768894ea90', 'QT_ACCESSIBILITY': '1', 'GDMSESSION': 'ubuntu', 'LESSCLOSE': '/usr/bin/lesspipe %s %s', 'QT_IM_MODULE': 'ibus', 'PWD': '/home/savannah/EECE5554/LAB4/build/fusion_driver', 'LC_ALL': 'en_US.UTF-8', 'XDG_CONFIG_DIRS': '/etc/xdg/xdg-ubuntu:/etc/xdg', 'XDG_DATA_DIRS': '/usr/share/ubuntu:/usr/local/share/:/usr/share/:/var/lib/snapd/desktop', 'PYTHONPATH': '/home/savannah/EECE5554/LAB4/build/fusion_driver/prefix_override:/usr/lib/python3/dist-packages/colcon_core/task/python/colcon_distutils_commands:/home/savannah/EECE5554/LAB4/install/fusion_driver/lib/python3.10/site-packages:/home/savannah/EECE5554/LAB4/install/imu_driver/lib/python3.10/site-packages:/home/savannah/EECE5554/LAB4/install/gps_driver/lib/python3.10/site-packages:/home/savannah/EECE5554/LAB1/install/gps_driver/lib/python3.10/site-packages:/home/savannah/EECE5554/LAB1/install/gps_message/local/lib/python3.10/dist-packages:/home/savannah/EECE5554/LAB4/install/fusion_driver/lib/python3.10/site-packages:/home/savannah/EECE5554/LAB4/install/imu_msg/local/lib/python3.10/dist-packages:/home/savannah/EECE5554/LAB4/install/gps_message/local/lib/python3.10/dist-packages:/opt/ros/humble/lib/python3.10/site-packages:/opt/ros/humble/local/lib/python3.10/dist-packages', 'COLCON': '1', 'VTE_VERSION': '6800', 'CMAKE_PREFIX_PATH': '/home/savannah/EECE5554/LAB4/install/imu_msg:/home/savannah/EECE5554/LAB4/install/gps_message:/home/savannah/EECE5554/LAB1/install/gps_message'}, 'shell': False}
[2.122597] (-) TimerEvent: {}
[2.224939] (-) TimerEvent: {}
[2.246994] (fusion_driver) StdoutLine: {'line': b'running egg_info\n'}
[2.247184] (fusion_driver) StdoutLine: {'line': b'writing ../../build/fusion_driver/fusion_driver.egg-info/PKG-INFO\n'}
[2.247256] (fusion_driver) StdoutLine: {'line': b'writing dependency_links to ../../build/fusion_driver/fusion_driver.egg-info/dependency_links.txt\n'}
[2.247314] (fusion_driver) StdoutLine: {'line': b'writing entry points to ../../build/fusion_driver/fusion_driver.egg-info/entry_points.txt\n'}
[2.247357] (fusion_driver) StdoutLine: {'line': b'writing requirements to ../../build/fusion_driver/fusion_driver.egg-info/requires.txt\n'}
[2.247394] (fusion_driver) StdoutLine: {'line': b'writing top-level names to ../../build/fusion_driver/fusion_driver.egg-info/top_level.txt\n'}
[2.248918] (fusion_driver) StdoutLine: {'line': b"reading manifest file '../../build/fusion_driver/fusion_driver.egg-info/SOURCES.txt'\n"}
[2.249025] (fusion_driver) StdoutLine: {'line': b"adding license file 'LICENSE'\n"}
[2.249066] (fusion_driver) StdoutLine: {'line': b"writing manifest file '../../build/fusion_driver/fusion_driver.egg-info/SOURCES.txt'\n"}
[2.249103] (fusion_driver) StdoutLine: {'line': b'running build\n'}
[2.249138] (fusion_driver) StdoutLine: {'line': b'running build_py\n'}
[2.250034] (fusion_driver) StdoutLine: {'line': b'running install\n'}
[2.250120] (fusion_driver) StdoutLine: {'line': b'running install_lib\n'}
[2.250658] (fusion_driver) StdoutLine: {'line': b'running install_data\n'}
[2.250833] (fusion_driver) StdoutLine: {'line': b'copying launch/fusion_launch.py -> /home/savannah/EECE5554/LAB4/install/fusion_driver/share/fusion_driver/launch\n'}
[2.250910] (fusion_driver) StdoutLine: {'line': b'running install_egg_info\n'}
[2.253295] (fusion_driver) StdoutLine: {'line': b"removing '/home/savannah/EECE5554/LAB4/install/fusion_driver/lib/python3.10/site-packages/fusion_driver-0.0.0-py3.10.egg-info' (and everything under it)\n"}
[2.253422] (fusion_driver) StdoutLine: {'line': b'Copying ../../build/fusion_driver/fusion_driver.egg-info to /home/savannah/EECE5554/LAB4/install/fusion_driver/lib/python3.10/site-packages/fusion_driver-0.0.0-py3.10.egg-info\n'}
[2.253468] (fusion_driver) StdoutLine: {'line': b'running install_scripts\n'}
[2.270958] (fusion_driver) StdoutLine: {'line': b"writing list of installed files to '/home/savannah/EECE5554/LAB4/build/fusion_driver/install.log'\n"}
[2.288847] (fusion_driver) CommandEnded: {'returncode': 0}
[2.294968] (fusion_driver) JobEnded: {'identifier': 'fusion_driver', 'rc': 0}
[2.295359] (-) EventReactorShutdown: {}
