[0.000000] (-) TimerEvent: {}
[0.000387] (gps_message) JobQueued: {'identifier': 'gps_message', 'dependencies': OrderedDict()}
[0.000427] (imu_msg) JobQueued: {'identifier': 'imu_msg', 'dependencies': OrderedDict()}
[0.000451] (gps_driver) JobQueued: {'identifier': 'gps_driver', 'dependencies': OrderedDict([('gps_message', '/home/savannah/EECE5554/LAB4/install/gps_message')])}
[0.000474] (imu_driver) JobQueued: {'identifier': 'imu_driver', 'dependencies': OrderedDict([('imu_msg', '/home/savannah/EECE5554/LAB4/install/imu_msg')])}
[0.000497] (fusion_driver) JobQueued: {'identifier': 'fusion_driver', 'dependencies': OrderedDict([('gps_message', '/home/savannah/EECE5554/LAB4/install/gps_message'), ('imu_msg', '/home/savannah/EECE5554/LAB4/install/imu_msg'), ('gps_driver', '/home/savannah/EECE5554/LAB4/install/gps_driver'), ('imu_driver', '/home/savannah/EECE5554/LAB4/install/imu_driver')])}
[0.000574] (gps_message) JobStarted: {'identifier': 'gps_message'}
[0.005354] (imu_msg) JobStarted: {'identifier': 'imu_msg'}
[0.010046] (gps_message) JobProgress: {'identifier': 'gps_message', 'progress': 'cmake'}
[0.010793] (gps_message) Command: {'cmd': ['/usr/bin/cmake', '/home/savannah/EECE5554/LAB4/src/gps_message', '-DCMAKE_INSTALL_PREFIX=/home/savannah/EECE5554/LAB4/install/gps_message'], 'cwd': '/home/savannah/EECE5554/LAB4/build/gps_message', 'env': OrderedDict([('LESSOPEN', '| /usr/bin/lesspipe %s'), ('USER', 'savannah'), ('XDG_SESSION_TYPE', 'wayland'), ('SHLVL', '2'), ('LD_LIBRARY_PATH', '/home/savannah/EECE5554/LAB4/install/imu_msg/lib:/home/savannah/EECE5554/LAB4/install/gps_message/lib:/opt/ros/humble/opt/rviz_ogre_vendor/lib:/opt/ros/humble/lib/x86_64-linux-gnu:/opt/ros/humble/lib'), ('HOME', '/home/savannah'), ('OLDPWD', '/home/savannah/EECE5554/LAB4/src'), ('DESKTOP_SESSION', 'ubuntu'), ('ROS_PYTHON_VERSION', '3'), ('GNOME_SHELL_SESSION_MODE', 'ubuntu'), ('GTK_MODULES', 'gail:atk-bridge'), ('SYSTEMD_EXEC_PID', '1701'), ('DBUS_SESSION_BUS_ADDRESS', 'unix:path=/run/user/1000/bus'), ('COLORTERM', 'truecolor'), ('TERMINATOR_DBUS_NAME', 'net.tenshu.Terminator25ef4b219e3b005583550f2b0f9f990c3'), ('IM_CONFIG_PHASE', '1'), ('WAYLAND_DISPLAY', 'wayland-0'), ('COLCON_PREFIX_PATH', '/home/savannah/EECE5554/LAB4/install'), ('ROS_DISTRO', 'humble'), ('LOGNAME', 'savannah'), ('_', '/usr/bin/colcon'), ('ROS_VERSION', '2'), ('XDG_SESSION_CLASS', 'user'), ('USERNAME', 'savannah'), ('TERM', 'xterm-256color'), ('GNOME_DESKTOP_SESSION_ID', 'this-is-deprecated'), ('ROS_LOCALHOST_ONLY', '0'), ('PATH', '/opt/ros/humble/bin:/home/savannah/.local/bin:/usr/local/sbin:/usr/local/bin:/usr/sbin:/usr/bin:/sbin:/bin:/usr/games:/usr/local/games:/snap/bin:/snap/bin'), ('SESSION_MANAGER', 'local/savannah-VirtualBox:@/tmp/.ICE-unix/1661,unix/savannah-VirtualBox:/tmp/.ICE-unix/1661'), ('XDG_MENU_PREFIX', 'gnome-'), ('GNOME_TERMINAL_SCREEN', '/org/gnome/Terminal/screen/115b0915_29a3_46f0_93e7_838b2bbe1923'), ('GNOME_SETUP_DISPLAY', ':1'), ('XDG_RUNTIME_DIR', '/run/user/1000'), ('DISPLAY', ':0'), ('TERMINATOR_DBUS_PATH', '/net/tenshu/Terminator2'), ('LANG', 'en_US.UTF-8'), ('XDG_CURRENT_DESKTOP', 'ubuntu:GNOME'), ('IBUS_DISABLE_SNOOPER', '1'), ('XMODIFIERS', '@im=ibus'), ('XDG_SESSION_DESKTOP', 'ubuntu'), ('XAUTHORITY', '/run/user/1000/.mutter-Xwaylandauth.FJW132'), ('LS_COLORS', 'rs=0:di=01;34:ln=01;36:mh=00:pi=40;33:so=01;35:do=01;35:bd=40;33;01:cd=40;33;01:or=40;31;01:mi=00:su=37;41:sg=30;43:ca=30;41:tw=30;42:ow=34;42:st=37;44:ex=01;32:*.tar=01;31:*.tgz=01;31:*.arc=01;31:*.arj=01;31:*.taz=01;31:*.lha=01;31:*.lz4=01;31:*.lzh=01;31:*.lzma=01;31:*.tlz=01;31:*.txz=01;31:*.tzo=01;31:*.t7z=01;31:*.zip=01;31:*.z=01;31:*.dz=01;31:*.gz=01;31:*.lrz=01;31:*.lz=01;31:*.lzo=01;31:*.xz=01;31:*.zst=01;31:*.tzst=01;31:*.bz2=01;31:*.bz=01;31:*.tbz=01;31:*.tbz2=01;31:*.tz=01;31:*.deb=01;31:*.rpm=01;31:*.jar=01;31:*.war=01;31:*.ear=01;31:*.sar=01;31:*.rar=01;31:*.alz=01;31:*.ace=01;31:*.zoo=01;31:*.cpio=01;31:*.7z=01;31:*.rz=01;31:*.cab=01;31:*.wim=01;31:*.swm=01;31:*.dwm=01;31:*.esd=01;31:*.jpg=01;35:*.jpeg=01;35:*.mjpg=01;35:*.mjpeg=01;35:*.gif=01;35:*.bmp=01;35:*.pbm=01;35:*.pgm=01;35:*.ppm=01;35:*.tga=01;35:*.xbm=01;35:*.xpm=01;35:*.tif=01;35:*.tiff=01;35:*.png=01;35:*.svg=01;35:*.svgz=01;35:*.mng=01;35:*.pcx=01;35:*.mov=01;35:*.mpg=01;35:*.mpeg=01;35:*.m2v=01;35:*.mkv=01;35:*.webm=01;35:*.webp=01;35:*.ogm=01;35:*.mp4=01;35:*.m4v=01;35:*.mp4v=01;35:*.vob=01;35:*.qt=01;35:*.nuv=01;35:*.wmv=01;35:*.asf=01;35:*.rm=01;35:*.rmvb=01;35:*.flc=01;35:*.avi=01;35:*.fli=01;35:*.flv=01;35:*.gl=01;35:*.dl=01;35:*.xcf=01;35:*.xwd=01;35:*.yuv=01;35:*.cgm=01;35:*.emf=01;35:*.ogv=01;35:*.ogx=01;35:*.aac=00;36:*.au=00;36:*.flac=00;36:*.m4a=00;36:*.mid=00;36:*.midi=00;36:*.mka=00;36:*.mp3=00;36:*.mpc=00;36:*.ogg=00;36:*.ra=00;36:*.wav=00;36:*.oga=00;36:*.opus=00;36:*.spx=00;36:*.xspf=00;36:'), ('GNOME_TERMINAL_SERVICE', ':1.104'), ('SSH_AGENT_LAUNCHER', 'gnome-keyring'), ('SSH_AUTH_SOCK', '/run/user/1000/keyring/ssh'), ('AMENT_PREFIX_PATH', '/home/savannah/EECE5554/LAB4/install/fusion_driver:/home/savannah/EECE5554/LAB4/install/imu_driver:/home/savannah/EECE5554/LAB4/install/imu_msg:/home/savannah/EECE5554/LAB4/install/gps_driver:/home/savannah/EECE5554/LAB4/install/gps_message:/opt/ros/humble'), ('SHELL', '/bin/bash'), ('TERMINATOR_UUID', 'urn:uuid:f90c821d-3786-4772-96da-b6768894ea90'), ('QT_ACCESSIBILITY', '1'), ('GDMSESSION', 'ubuntu'), ('LESSCLOSE', '/usr/bin/lesspipe %s %s'), ('QT_IM_MODULE', 'ibus'), ('PWD', '/home/savannah/EECE5554/LAB4/build/gps_message'), ('LC_ALL', 'en_US.UTF-8'), ('XDG_CONFIG_DIRS', '/etc/xdg/xdg-ubuntu:/etc/xdg'), ('XDG_DATA_DIRS', '/usr/share/ubuntu:/usr/local/share/:/usr/share/:/var/lib/snapd/desktop'), ('PYTHONPATH', '/home/savannah/EECE5554/LAB4/install/fusion_driver/lib/python3.10/site-packages:/home/savannah/EECE5554/LAB4/install/imu_driver/lib/python3.10/site-packages:/home/savannah/EECE5554/LAB4/install/imu_msg/local/lib/python3.10/dist-packages:/home/savannah/EECE5554/LAB4/install/gps_driver/lib/python3.10/site-packages:/home/savannah/EECE5554/LAB4/install/gps_message/local/lib/python3.10/dist-packages:/opt/ros/humble/lib/python3.10/site-packages:/opt/ros/humble/local/lib/python3.10/dist-packages'), ('COLCON', '1'), ('VTE_VERSION', '6800'), ('CMAKE_PREFIX_PATH', '/home/savannah/EECE5554/LAB4/install/imu_msg:/home/savannah/EECE5554/LAB4/install/gps_message:/home/savannah/EECE5554/LAB4/install/fusion_driver:/home/savannah/EECE5554/LAB4/install/imu_driver:/home/savannah/EECE5554/LAB4/install/gps_driver:/opt/ros/humble')]), 'shell': False}
[0.014827] (imu_msg) JobProgress: {'identifier': 'imu_msg', 'progress': 'cmake'}
[0.018935] (imu_msg) Command: {'cmd': ['/usr/bin/cmake', '/home/savannah/EECE5554/LAB4/src/imu_msg', '-DCMAKE_INSTALL_PREFIX=/home/savannah/EECE5554/LAB4/install/imu_msg'], 'cwd': '/home/savannah/EECE5554/LAB4/build/imu_msg', 'env': OrderedDict([('LESSOPEN', '| /usr/bin/lesspipe %s'), ('USER', 'savannah'), ('XDG_SESSION_TYPE', 'wayland'), ('SHLVL', '2'), ('LD_LIBRARY_PATH', '/home/savannah/EECE5554/LAB4/install/imu_msg/lib:/home/savannah/EECE5554/LAB4/install/gps_message/lib:/opt/ros/humble/opt/rviz_ogre_vendor/lib:/opt/ros/humble/lib/x86_64-linux-gnu:/opt/ros/humble/lib'), ('HOME', '/home/savannah'), ('OLDPWD', '/home/savannah/EECE5554/LAB4/src'), ('DESKTOP_SESSION', 'ubuntu'), ('ROS_PYTHON_VERSION', '3'), ('GNOME_SHELL_SESSION_MODE', 'ubuntu'), ('GTK_MODULES', 'gail:atk-bridge'), ('SYSTEMD_EXEC_PID', '1701'), ('DBUS_SESSION_BUS_ADDRESS', 'unix:path=/run/user/1000/bus'), ('COLORTERM', 'truecolor'), ('TERMINATOR_DBUS_NAME', 'net.tenshu.Terminator25ef4b219e3b005583550f2b0f9f990c3'), ('IM_CONFIG_PHASE', '1'), ('WAYLAND_DISPLAY', 'wayland-0'), ('COLCON_PREFIX_PATH', '/home/savannah/EECE5554/LAB4/install'), ('ROS_DISTRO', 'humble'), ('LOGNAME', 'savannah'), ('_', '/usr/bin/colcon'), ('ROS_VERSION', '2'), ('XDG_SESSION_CLASS', 'user'), ('USERNAME', 'savannah'), ('TERM', 'xterm-256color'), ('GNOME_DESKTOP_SESSION_ID', 'this-is-deprecated'), ('ROS_LOCALHOST_ONLY', '0'), ('PATH', '/opt/ros/humble/bin:/home/savannah/.local/bin:/usr/local/sbin:/usr/local/bin:/usr/sbin:/usr/bin:/sbin:/bin:/usr/games:/usr/local/games:/snap/bin:/snap/bin'), ('SESSION_MANAGER', 'local/savannah-VirtualBox:@/tmp/.ICE-unix/1661,unix/savannah-VirtualBox:/tmp/.ICE-unix/1661'), ('XDG_MENU_PREFIX', 'gnome-'), ('GNOME_TERMINAL_SCREEN', '/org/gnome/Terminal/screen/115b0915_29a3_46f0_93e7_838b2bbe1923'), ('GNOME_SETUP_DISPLAY', ':1'), ('XDG_RUNTIME_DIR', '/run/user/1000'), ('DISPLAY', ':0'), ('TERMINATOR_DBUS_PATH', '/net/tenshu/Terminator2'), ('LANG', 'en_US.UTF-8'), ('XDG_CURRENT_DESKTOP', 'ubuntu:GNOME'), ('IBUS_DISABLE_SNOOPER', '1'), ('XMODIFIERS', '@im=ibus'), ('XDG_SESSION_DESKTOP', 'ubuntu'), ('XAUTHORITY', '/run/user/1000/.mutter-Xwaylandauth.FJW132'), ('LS_COLORS', 'rs=0:di=01;34:ln=01;36:mh=00:pi=40;33:so=01;35:do=01;35:bd=40;33;01:cd=40;33;01:or=40;31;01:mi=00:su=37;41:sg=30;43:ca=30;41:tw=30;42:ow=34;42:st=37;44:ex=01;32:*.tar=01;31:*.tgz=01;31:*.arc=01;31:*.arj=01;31:*.taz=01;31:*.lha=01;31:*.lz4=01;31:*.lzh=01;31:*.lzma=01;31:*.tlz=01;31:*.txz=01;31:*.tzo=01;31:*.t7z=01;31:*.zip=01;31:*.z=01;31:*.dz=01;31:*.gz=01;31:*.lrz=01;31:*.lz=01;31:*.lzo=01;31:*.xz=01;31:*.zst=01;31:*.tzst=01;31:*.bz2=01;31:*.bz=01;31:*.tbz=01;31:*.tbz2=01;31:*.tz=01;31:*.deb=01;31:*.rpm=01;31:*.jar=01;31:*.war=01;31:*.ear=01;31:*.sar=01;31:*.rar=01;31:*.alz=01;31:*.ace=01;31:*.zoo=01;31:*.cpio=01;31:*.7z=01;31:*.rz=01;31:*.cab=01;31:*.wim=01;31:*.swm=01;31:*.dwm=01;31:*.esd=01;31:*.jpg=01;35:*.jpeg=01;35:*.mjpg=01;35:*.mjpeg=01;35:*.gif=01;35:*.bmp=01;35:*.pbm=01;35:*.pgm=01;35:*.ppm=01;35:*.tga=01;35:*.xbm=01;35:*.xpm=01;35:*.tif=01;35:*.tiff=01;35:*.png=01;35:*.svg=01;35:*.svgz=01;35:*.mng=01;35:*.pcx=01;35:*.mov=01;35:*.mpg=01;35:*.mpeg=01;35:*.m2v=01;35:*.mkv=01;35:*.webm=01;35:*.webp=01;35:*.ogm=01;35:*.mp4=01;35:*.m4v=01;35:*.mp4v=01;35:*.vob=01;35:*.qt=01;35:*.nuv=01;35:*.wmv=01;35:*.asf=01;35:*.rm=01;35:*.rmvb=01;35:*.flc=01;35:*.avi=01;35:*.fli=01;35:*.flv=01;35:*.gl=01;35:*.dl=01;35:*.xcf=01;35:*.xwd=01;35:*.yuv=01;35:*.cgm=01;35:*.emf=01;35:*.ogv=01;35:*.ogx=01;35:*.aac=00;36:*.au=00;36:*.flac=00;36:*.m4a=00;36:*.mid=00;36:*.midi=00;36:*.mka=00;36:*.mp3=00;36:*.mpc=00;36:*.ogg=00;36:*.ra=00;36:*.wav=00;36:*.oga=00;36:*.opus=00;36:*.spx=00;36:*.xspf=00;36:'), ('GNOME_TERMINAL_SERVICE', ':1.104'), ('SSH_AGENT_LAUNCHER', 'gnome-keyring'), ('SSH_AUTH_SOCK', '/run/user/1000/keyring/ssh'), ('AMENT_PREFIX_PATH', '/home/savannah/EECE5554/LAB4/install/fusion_driver:/home/savannah/EECE5554/LAB4/install/imu_driver:/home/savannah/EECE5554/LAB4/install/imu_msg:/home/savannah/EECE5554/LAB4/install/gps_driver:/home/savannah/EECE5554/LAB4/install/gps_message:/opt/ros/humble'), ('SHELL', '/bin/bash'), ('TERMINATOR_UUID', 'urn:uuid:f90c821d-3786-4772-96da-b6768894ea90'), ('QT_ACCESSIBILITY', '1'), ('GDMSESSION', 'ubuntu'), ('LESSCLOSE', '/usr/bin/lesspipe %s %s'), ('QT_IM_MODULE', 'ibus'), ('PWD', '/home/savannah/EECE5554/LAB4/build/imu_msg'), ('LC_ALL', 'en_US.UTF-8'), ('XDG_CONFIG_DIRS', '/etc/xdg/xdg-ubuntu:/etc/xdg'), ('XDG_DATA_DIRS', '/usr/share/ubuntu:/usr/local/share/:/usr/share/:/var/lib/snapd/desktop'), ('PYTHONPATH', '/home/savannah/EECE5554/LAB4/install/fusion_driver/lib/python3.10/site-packages:/home/savannah/EECE5554/LAB4/install/imu_driver/lib/python3.10/site-packages:/home/savannah/EECE5554/LAB4/install/imu_msg/local/lib/python3.10/dist-packages:/home/savannah/EECE5554/LAB4/install/gps_driver/lib/python3.10/site-packages:/home/savannah/EECE5554/LAB4/install/gps_message/local/lib/python3.10/dist-packages:/opt/ros/humble/lib/python3.10/site-packages:/opt/ros/humble/local/lib/python3.10/dist-packages'), ('COLCON', '1'), ('VTE_VERSION', '6800'), ('CMAKE_PREFIX_PATH', '/home/savannah/EECE5554/LAB4/install/imu_msg:/home/savannah/EECE5554/LAB4/install/gps_message:/home/savannah/EECE5554/LAB4/install/fusion_driver:/home/savannah/EECE5554/LAB4/install/imu_driver:/home/savannah/EECE5554/LAB4/install/gps_driver:/opt/ros/humble')]), 'shell': False}
[0.069740] (imu_msg) StdoutLine: {'line': b'-- The C compiler identification is GNU 11.4.0\n'}
[0.071007] (gps_message) StdoutLine: {'line': b'-- The C compiler identification is GNU 11.4.0\n'}
[0.098236] (-) TimerEvent: {}
[0.136529] (gps_message) StdoutLine: {'line': b'-- The CXX compiler identification is GNU 11.4.0\n'}
[0.142566] (imu_msg) StdoutLine: {'line': b'-- The CXX compiler identification is GNU 11.4.0\n'}
[0.152275] (gps_message) StdoutLine: {'line': b'-- Detecting C compiler ABI info\n'}
[0.152515] (imu_msg) StdoutLine: {'line': b'-- Detecting C compiler ABI info\n'}
[0.198390] (-) TimerEvent: {}
[0.251301] (gps_message) StdoutLine: {'line': b'-- Detecting C compiler ABI info - done\n'}
[0.263195] (imu_msg) StdoutLine: {'line': b'-- Detecting C compiler ABI info - done\n'}
[0.263539] (gps_message) StdoutLine: {'line': b'-- Check for working C compiler: /usr/bin/cc - skipped\n'}
[0.263609] (gps_message) StdoutLine: {'line': b'-- Detecting C compile features\n'}
[0.266633] (gps_message) StdoutLine: {'line': b'-- Detecting C compile features - done\n'}
[0.266753] (gps_message) StdoutLine: {'line': b'-- Detecting CXX compiler ABI info\n'}
[0.270547] (imu_msg) StdoutLine: {'line': b'-- Check for working C compiler: /usr/bin/cc - skipped\n'}
[0.274595] (imu_msg) StdoutLine: {'line': b'-- Detecting C compile features\n'}
[0.274715] (imu_msg) StdoutLine: {'line': b'-- Detecting C compile features - done\n'}
[0.277144] (imu_msg) StdoutLine: {'line': b'-- Detecting CXX compiler ABI info\n'}
[0.300630] (-) TimerEvent: {}
[0.362653] (imu_msg) StdoutLine: {'line': b'-- Detecting CXX compiler ABI info - done\n'}
[0.367844] (imu_msg) StdoutLine: {'line': b'-- Check for working CXX compiler: /usr/bin/c++ - skipped\n'}
[0.368057] (imu_msg) StdoutLine: {'line': b'-- Detecting CXX compile features\n'}
[0.368627] (imu_msg) StdoutLine: {'line': b'-- Detecting CXX compile features - done\n'}
[0.370184] (imu_msg) StdoutLine: {'line': b'-- Found ament_cmake: 1.3.11 (/opt/ros/humble/share/ament_cmake/cmake)\n'}
[0.390716] (gps_message) StdoutLine: {'line': b'-- Detecting CXX compiler ABI info - done\n'}
[0.400827] (-) TimerEvent: {}
[0.401065] (gps_message) StdoutLine: {'line': b'-- Check for working CXX compiler: /usr/bin/c++ - skipped\n'}
[0.401170] (gps_message) StdoutLine: {'line': b'-- Detecting CXX compile features\n'}
[0.401423] (gps_message) StdoutLine: {'line': b'-- Detecting CXX compile features - done\n'}
[0.405757] (gps_message) StdoutLine: {'line': b'-- Found ament_cmake: 1.3.11 (/opt/ros/humble/share/ament_cmake/cmake)\n'}
[0.500983] (-) TimerEvent: {}
[0.553171] (imu_msg) StdoutLine: {'line': b'-- Found Python3: /usr/bin/python3 (found version "3.10.12") found components: Interpreter \n'}
[0.570884] (gps_message) StdoutLine: {'line': b'-- Found Python3: /usr/bin/python3 (found version "3.10.12") found components: Interpreter \n'}
[0.601792] (-) TimerEvent: {}
[0.640675] (gps_message) StdoutLine: {'line': b'-- Found rosidl_default_generators: 1.2.0 (/opt/ros/humble/share/rosidl_default_generators/cmake)\n'}
[0.643470] (gps_message) StdoutLine: {'line': b'-- Using all available rosidl_typesupport_c: rosidl_typesupport_fastrtps_c;rosidl_typesupport_introspection_c\n'}
[0.649857] (gps_message) StdoutLine: {'line': b'-- Found rosidl_adapter: 3.1.6 (/opt/ros/humble/share/rosidl_adapter/cmake)\n'}
[0.654620] (imu_msg) StdoutLine: {'line': b'-- Found std_msgs: 4.2.4 (/opt/ros/humble/share/std_msgs/cmake)\n'}
[0.678422] (gps_message) StdoutLine: {'line': b'-- Using all available rosidl_typesupport_cpp: rosidl_typesupport_fastrtps_cpp;rosidl_typesupport_introspection_cpp\n'}
[0.683535] (imu_msg) StdoutLine: {'line': b'-- Found rosidl_generator_c: 3.1.6 (/opt/ros/humble/share/rosidl_generator_c/cmake)\n'}
[0.687125] (imu_msg) StdoutLine: {'line': b'-- Found rosidl_adapter: 3.1.6 (/opt/ros/humble/share/rosidl_adapter/cmake)\n'}
[0.693310] (imu_msg) StdoutLine: {'line': b'-- Found rosidl_generator_cpp: 3.1.6 (/opt/ros/humble/share/rosidl_generator_cpp/cmake)\n'}
[0.701924] (-) TimerEvent: {}
[0.702906] (imu_msg) StdoutLine: {'line': b'-- Using all available rosidl_typesupport_c: rosidl_typesupport_fastrtps_c;rosidl_typesupport_introspection_c\n'}
[0.705545] (gps_message) StdoutLine: {'line': b'-- Found std_msgs: 4.2.4 (/opt/ros/humble/share/std_msgs/cmake)\n'}
[0.715175] (imu_msg) StdoutLine: {'line': b'-- Using all available rosidl_typesupport_cpp: rosidl_typesupport_fastrtps_cpp;rosidl_typesupport_introspection_cpp\n'}
[0.747638] (imu_msg) StdoutLine: {'line': b'-- Found sensor_msgs: 4.2.4 (/opt/ros/humble/share/sensor_msgs/cmake)\n'}
[0.779086] (imu_msg) StdoutLine: {'line': b'-- Found rosidl_default_generators: 1.2.0 (/opt/ros/humble/share/rosidl_default_generators/cmake)\n'}
[0.802057] (-) TimerEvent: {}
[0.902448] (-) TimerEvent: {}
[1.003603] (-) TimerEvent: {}
[1.039323] (gps_message) StdoutLine: {'line': b'-- Found ament_cmake_ros: 0.10.0 (/opt/ros/humble/share/ament_cmake_ros/cmake)\n'}
[1.104550] (-) TimerEvent: {}
[1.130597] (imu_msg) StdoutLine: {'line': b'-- Found ament_cmake_ros: 0.10.0 (/opt/ros/humble/share/ament_cmake_ros/cmake)\n'}
[1.205675] (-) TimerEvent: {}
[1.306423] (-) TimerEvent: {}
[1.309428] (gps_message) StdoutLine: {'line': b'-- Using all available rosidl_typesupport_c: rosidl_typesupport_fastrtps_c;rosidl_typesupport_introspection_c\n'}
[1.406578] (-) TimerEvent: {}
[1.506968] (-) TimerEvent: {}
[1.614570] (-) TimerEvent: {}
[1.668826] (imu_msg) StdoutLine: {'line': b'-- Using all available rosidl_typesupport_c: rosidl_typesupport_fastrtps_c;rosidl_typesupport_introspection_c\n'}
[1.698974] (gps_message) StdoutLine: {'line': b'-- Using all available rosidl_typesupport_cpp: rosidl_typesupport_fastrtps_cpp;rosidl_typesupport_introspection_cpp\n'}
[1.717064] (-) TimerEvent: {}
[1.729762] (gps_message) StdoutLine: {'line': b'-- Found PythonInterp: /usr/bin/python3 (found suitable version "3.10.12", minimum required is "3.6") \n'}
[1.730096] (gps_message) StdoutLine: {'line': b'-- Found python_cmake_module: 0.10.0 (/opt/ros/humble/share/python_cmake_module/cmake)\n'}
[1.766441] (gps_message) StdoutLine: {'line': b'-- Found PythonLibs: /usr/lib/x86_64-linux-gnu/libpython3.10.so (found suitable version "3.10.12", minimum required is "3.5") \n'}
[1.766633] (gps_message) StdoutLine: {'line': b'-- Using PYTHON_EXECUTABLE: /usr/bin/python3\n'}
[1.766679] (gps_message) StdoutLine: {'line': b'-- Using PYTHON_INCLUDE_DIRS: /usr/include/python3.10\n'}
[1.766716] (gps_message) StdoutLine: {'line': b'-- Using PYTHON_LIBRARIES: /usr/lib/x86_64-linux-gnu/libpython3.10.so\n'}
[1.798000] (gps_message) StdoutLine: {'line': b'-- Found PythonExtra: .so  \n'}
[1.817305] (-) TimerEvent: {}
[1.857627] (gps_message) StdoutLine: {'line': b'-- Configuring done\n'}
[1.872012] (imu_msg) StdoutLine: {'line': b'-- Using all available rosidl_typesupport_cpp: rosidl_typesupport_fastrtps_cpp;rosidl_typesupport_introspection_cpp\n'}
[1.889755] (gps_message) StdoutLine: {'line': b'-- Generating done\n'}
[1.891755] (imu_msg) StdoutLine: {'line': b'-- Found PythonInterp: /usr/bin/python3 (found suitable version "3.10.12", minimum required is "3.6") \n'}
[1.892688] (imu_msg) StdoutLine: {'line': b'-- Found python_cmake_module: 0.10.0 (/opt/ros/humble/share/python_cmake_module/cmake)\n'}
[1.899849] (gps_message) StdoutLine: {'line': b'-- Build files have been written to: /home/savannah/EECE5554/LAB4/build/gps_message\n'}
[1.902795] (gps_message) CommandEnded: {'returncode': 0}
[1.903543] (gps_message) JobProgress: {'identifier': 'gps_message', 'progress': 'build'}
[1.906752] (gps_message) Command: {'cmd': ['/usr/bin/cmake', '--build', '/home/savannah/EECE5554/LAB4/build/gps_message', '--', '-j4', '-l4'], 'cwd': '/home/savannah/EECE5554/LAB4/build/gps_message', 'env': OrderedDict([('LESSOPEN', '| /usr/bin/lesspipe %s'), ('USER', 'savannah'), ('XDG_SESSION_TYPE', 'wayland'), ('SHLVL', '2'), ('LD_LIBRARY_PATH', '/home/savannah/EECE5554/LAB4/install/imu_msg/lib:/home/savannah/EECE5554/LAB4/install/gps_message/lib:/opt/ros/humble/opt/rviz_ogre_vendor/lib:/opt/ros/humble/lib/x86_64-linux-gnu:/opt/ros/humble/lib'), ('HOME', '/home/savannah'), ('OLDPWD', '/home/savannah/EECE5554/LAB4/src'), ('DESKTOP_SESSION', 'ubuntu'), ('ROS_PYTHON_VERSION', '3'), ('GNOME_SHELL_SESSION_MODE', 'ubuntu'), ('GTK_MODULES', 'gail:atk-bridge'), ('SYSTEMD_EXEC_PID', '1701'), ('DBUS_SESSION_BUS_ADDRESS', 'unix:path=/run/user/1000/bus'), ('COLORTERM', 'truecolor'), ('TERMINATOR_DBUS_NAME', 'net.tenshu.Terminator25ef4b219e3b005583550f2b0f9f990c3'), ('IM_CONFIG_PHASE', '1'), ('WAYLAND_DISPLAY', 'wayland-0'), ('COLCON_PREFIX_PATH', '/home/savannah/EECE5554/LAB4/install'), ('ROS_DISTRO', 'humble'), ('LOGNAME', 'savannah'), ('_', '/usr/bin/colcon'), ('ROS_VERSION', '2'), ('XDG_SESSION_CLASS', 'user'), ('USERNAME', 'savannah'), ('TERM', 'xterm-256color'), ('GNOME_DESKTOP_SESSION_ID', 'this-is-deprecated'), ('ROS_LOCALHOST_ONLY', '0'), ('PATH', '/opt/ros/humble/bin:/home/savannah/.local/bin:/usr/local/sbin:/usr/local/bin:/usr/sbin:/usr/bin:/sbin:/bin:/usr/games:/usr/local/games:/snap/bin:/snap/bin'), ('SESSION_MANAGER', 'local/savannah-VirtualBox:@/tmp/.ICE-unix/1661,unix/savannah-VirtualBox:/tmp/.ICE-unix/1661'), ('XDG_MENU_PREFIX', 'gnome-'), ('GNOME_TERMINAL_SCREEN', '/org/gnome/Terminal/screen/115b0915_29a3_46f0_93e7_838b2bbe1923'), ('GNOME_SETUP_DISPLAY', ':1'), ('XDG_RUNTIME_DIR', '/run/user/1000'), ('DISPLAY', ':0'), ('TERMINATOR_DBUS_PATH', '/net/tenshu/Terminator2'), ('LANG', 'en_US.UTF-8'), ('XDG_CURRENT_DESKTOP', 'ubuntu:GNOME'), ('IBUS_DISABLE_SNOOPER', '1'), ('XMODIFIERS', '@im=ibus'), ('XDG_SESSION_DESKTOP', 'ubuntu'), ('XAUTHORITY', '/run/user/1000/.mutter-Xwaylandauth.FJW132'), ('LS_COLORS', 'rs=0:di=01;34:ln=01;36:mh=00:pi=40;33:so=01;35:do=01;35:bd=40;33;01:cd=40;33;01:or=40;31;01:mi=00:su=37;41:sg=30;43:ca=30;41:tw=30;42:ow=34;42:st=37;44:ex=01;32:*.tar=01;31:*.tgz=01;31:*.arc=01;31:*.arj=01;31:*.taz=01;31:*.lha=01;31:*.lz4=01;31:*.lzh=01;31:*.lzma=01;31:*.tlz=01;31:*.txz=01;31:*.tzo=01;31:*.t7z=01;31:*.zip=01;31:*.z=01;31:*.dz=01;31:*.gz=01;31:*.lrz=01;31:*.lz=01;31:*.lzo=01;31:*.xz=01;31:*.zst=01;31:*.tzst=01;31:*.bz2=01;31:*.bz=01;31:*.tbz=01;31:*.tbz2=01;31:*.tz=01;31:*.deb=01;31:*.rpm=01;31:*.jar=01;31:*.war=01;31:*.ear=01;31:*.sar=01;31:*.rar=01;31:*.alz=01;31:*.ace=01;31:*.zoo=01;31:*.cpio=01;31:*.7z=01;31:*.rz=01;31:*.cab=01;31:*.wim=01;31:*.swm=01;31:*.dwm=01;31:*.esd=01;31:*.jpg=01;35:*.jpeg=01;35:*.mjpg=01;35:*.mjpeg=01;35:*.gif=01;35:*.bmp=01;35:*.pbm=01;35:*.pgm=01;35:*.ppm=01;35:*.tga=01;35:*.xbm=01;35:*.xpm=01;35:*.tif=01;35:*.tiff=01;35:*.png=01;35:*.svg=01;35:*.svgz=01;35:*.mng=01;35:*.pcx=01;35:*.mov=01;35:*.mpg=01;35:*.mpeg=01;35:*.m2v=01;35:*.mkv=01;35:*.webm=01;35:*.webp=01;35:*.ogm=01;35:*.mp4=01;35:*.m4v=01;35:*.mp4v=01;35:*.vob=01;35:*.qt=01;35:*.nuv=01;35:*.wmv=01;35:*.asf=01;35:*.rm=01;35:*.rmvb=01;35:*.flc=01;35:*.avi=01;35:*.fli=01;35:*.flv=01;35:*.gl=01;35:*.dl=01;35:*.xcf=01;35:*.xwd=01;35:*.yuv=01;35:*.cgm=01;35:*.emf=01;35:*.ogv=01;35:*.ogx=01;35:*.aac=00;36:*.au=00;36:*.flac=00;36:*.m4a=00;36:*.mid=00;36:*.midi=00;36:*.mka=00;36:*.mp3=00;36:*.mpc=00;36:*.ogg=00;36:*.ra=00;36:*.wav=00;36:*.oga=00;36:*.opus=00;36:*.spx=00;36:*.xspf=00;36:'), ('GNOME_TERMINAL_SERVICE', ':1.104'), ('SSH_AGENT_LAUNCHER', 'gnome-keyring'), ('SSH_AUTH_SOCK', '/run/user/1000/keyring/ssh'), ('AMENT_PREFIX_PATH', '/home/savannah/EECE5554/LAB4/install/fusion_driver:/home/savannah/EECE5554/LAB4/install/imu_driver:/home/savannah/EECE5554/LAB4/install/imu_msg:/home/savannah/EECE5554/LAB4/install/gps_driver:/home/savannah/EECE5554/LAB4/install/gps_message:/opt/ros/humble'), ('SHELL', '/bin/bash'), ('TERMINATOR_UUID', 'urn:uuid:f90c821d-3786-4772-96da-b6768894ea90'), ('QT_ACCESSIBILITY', '1'), ('GDMSESSION', 'ubuntu'), ('LESSCLOSE', '/usr/bin/lesspipe %s %s'), ('QT_IM_MODULE', 'ibus'), ('PWD', '/home/savannah/EECE5554/LAB4/build/gps_message'), ('LC_ALL', 'en_US.UTF-8'), ('XDG_CONFIG_DIRS', '/etc/xdg/xdg-ubuntu:/etc/xdg'), ('XDG_DATA_DIRS', '/usr/share/ubuntu:/usr/local/share/:/usr/share/:/var/lib/snapd/desktop'), ('PYTHONPATH', '/home/savannah/EECE5554/LAB4/install/fusion_driver/lib/python3.10/site-packages:/home/savannah/EECE5554/LAB4/install/imu_driver/lib/python3.10/site-packages:/home/savannah/EECE5554/LAB4/install/imu_msg/local/lib/python3.10/dist-packages:/home/savannah/EECE5554/LAB4/install/gps_driver/lib/python3.10/site-packages:/home/savannah/EECE5554/LAB4/install/gps_message/local/lib/python3.10/dist-packages:/opt/ros/humble/lib/python3.10/site-packages:/opt/ros/humble/local/lib/python3.10/dist-packages'), ('COLCON', '1'), ('VTE_VERSION', '6800'), ('CMAKE_PREFIX_PATH', '/home/savannah/EECE5554/LAB4/install/imu_msg:/home/savannah/EECE5554/LAB4/install/gps_message:/home/savannah/EECE5554/LAB4/install/fusion_driver:/home/savannah/EECE5554/LAB4/install/imu_driver:/home/savannah/EECE5554/LAB4/install/gps_driver:/opt/ros/humble')]), 'shell': False}
[1.917656] (-) TimerEvent: {}
[1.920944] (imu_msg) StdoutLine: {'line': b'-- Found PythonLibs: /usr/lib/x86_64-linux-gnu/libpython3.10.so (found suitable version "3.10.12", minimum required is "3.5") \n'}
[1.921107] (imu_msg) StdoutLine: {'line': b'-- Using PYTHON_EXECUTABLE: /usr/bin/python3\n'}
[1.921149] (imu_msg) StdoutLine: {'line': b'-- Using PYTHON_INCLUDE_DIRS: /usr/include/python3.10\n'}
[1.921185] (imu_msg) StdoutLine: {'line': b'-- Using PYTHON_LIBRARIES: /usr/lib/x86_64-linux-gnu/libpython3.10.so\n'}
[1.938610] (imu_msg) StdoutLine: {'line': b'-- Found PythonExtra: .so  \n'}
[1.945551] (gps_message) StdoutLine: {'line': b'[  3%] \x1b[34m\x1b[1mGenerating C code for ROS interfaces\x1b[0m\n'}
[1.959626] (gps_message) StdoutLine: {'line': b'[  6%] \x1b[34m\x1b[1mGenerating C++ code for ROS interfaces\x1b[0m\n'}
[1.976889] (gps_message) StdoutLine: {'line': b'[  6%] Built target ament_cmake_python_copy_gps_message\n'}
[2.013017] (imu_msg) StdoutLine: {'line': b'-- Configuring done\n'}
[2.018184] (-) TimerEvent: {}
[2.055706] (imu_msg) StdoutLine: {'line': b'-- Generating done\n'}
[2.062494] (imu_msg) StdoutLine: {'line': b'-- Build files have been written to: /home/savannah/EECE5554/LAB4/build/imu_msg\n'}
[2.073743] (imu_msg) CommandEnded: {'returncode': 0}
[2.074453] (imu_msg) JobProgress: {'identifier': 'imu_msg', 'progress': 'build'}
[2.074935] (imu_msg) Command: {'cmd': ['/usr/bin/cmake', '--build', '/home/savannah/EECE5554/LAB4/build/imu_msg', '--', '-j4', '-l4'], 'cwd': '/home/savannah/EECE5554/LAB4/build/imu_msg', 'env': OrderedDict([('LESSOPEN', '| /usr/bin/lesspipe %s'), ('USER', 'savannah'), ('XDG_SESSION_TYPE', 'wayland'), ('SHLVL', '2'), ('LD_LIBRARY_PATH', '/home/savannah/EECE5554/LAB4/install/imu_msg/lib:/home/savannah/EECE5554/LAB4/install/gps_message/lib:/opt/ros/humble/opt/rviz_ogre_vendor/lib:/opt/ros/humble/lib/x86_64-linux-gnu:/opt/ros/humble/lib'), ('HOME', '/home/savannah'), ('OLDPWD', '/home/savannah/EECE5554/LAB4/src'), ('DESKTOP_SESSION', 'ubuntu'), ('ROS_PYTHON_VERSION', '3'), ('GNOME_SHELL_SESSION_MODE', 'ubuntu'), ('GTK_MODULES', 'gail:atk-bridge'), ('SYSTEMD_EXEC_PID', '1701'), ('DBUS_SESSION_BUS_ADDRESS', 'unix:path=/run/user/1000/bus'), ('COLORTERM', 'truecolor'), ('TERMINATOR_DBUS_NAME', 'net.tenshu.Terminator25ef4b219e3b005583550f2b0f9f990c3'), ('IM_CONFIG_PHASE', '1'), ('WAYLAND_DISPLAY', 'wayland-0'), ('COLCON_PREFIX_PATH', '/home/savannah/EECE5554/LAB4/install'), ('ROS_DISTRO', 'humble'), ('LOGNAME', 'savannah'), ('_', '/usr/bin/colcon'), ('ROS_VERSION', '2'), ('XDG_SESSION_CLASS', 'user'), ('USERNAME', 'savannah'), ('TERM', 'xterm-256color'), ('GNOME_DESKTOP_SESSION_ID', 'this-is-deprecated'), ('ROS_LOCALHOST_ONLY', '0'), ('PATH', '/opt/ros/humble/bin:/home/savannah/.local/bin:/usr/local/sbin:/usr/local/bin:/usr/sbin:/usr/bin:/sbin:/bin:/usr/games:/usr/local/games:/snap/bin:/snap/bin'), ('SESSION_MANAGER', 'local/savannah-VirtualBox:@/tmp/.ICE-unix/1661,unix/savannah-VirtualBox:/tmp/.ICE-unix/1661'), ('XDG_MENU_PREFIX', 'gnome-'), ('GNOME_TERMINAL_SCREEN', '/org/gnome/Terminal/screen/115b0915_29a3_46f0_93e7_838b2bbe1923'), ('GNOME_SETUP_DISPLAY', ':1'), ('XDG_RUNTIME_DIR', '/run/user/1000'), ('DISPLAY', ':0'), ('TERMINATOR_DBUS_PATH', '/net/tenshu/Terminator2'), ('LANG', 'en_US.UTF-8'), ('XDG_CURRENT_DESKTOP', 'ubuntu:GNOME'), ('IBUS_DISABLE_SNOOPER', '1'), ('XMODIFIERS', '@im=ibus'), ('XDG_SESSION_DESKTOP', 'ubuntu'), ('XAUTHORITY', '/run/user/1000/.mutter-Xwaylandauth.FJW132'), ('LS_COLORS', 'rs=0:di=01;34:ln=01;36:mh=00:pi=40;33:so=01;35:do=01;35:bd=40;33;01:cd=40;33;01:or=40;31;01:mi=00:su=37;41:sg=30;43:ca=30;41:tw=30;42:ow=34;42:st=37;44:ex=01;32:*.tar=01;31:*.tgz=01;31:*.arc=01;31:*.arj=01;31:*.taz=01;31:*.lha=01;31:*.lz4=01;31:*.lzh=01;31:*.lzma=01;31:*.tlz=01;31:*.txz=01;31:*.tzo=01;31:*.t7z=01;31:*.zip=01;31:*.z=01;31:*.dz=01;31:*.gz=01;31:*.lrz=01;31:*.lz=01;31:*.lzo=01;31:*.xz=01;31:*.zst=01;31:*.tzst=01;31:*.bz2=01;31:*.bz=01;31:*.tbz=01;31:*.tbz2=01;31:*.tz=01;31:*.deb=01;31:*.rpm=01;31:*.jar=01;31:*.war=01;31:*.ear=01;31:*.sar=01;31:*.rar=01;31:*.alz=01;31:*.ace=01;31:*.zoo=01;31:*.cpio=01;31:*.7z=01;31:*.rz=01;31:*.cab=01;31:*.wim=01;31:*.swm=01;31:*.dwm=01;31:*.esd=01;31:*.jpg=01;35:*.jpeg=01;35:*.mjpg=01;35:*.mjpeg=01;35:*.gif=01;35:*.bmp=01;35:*.pbm=01;35:*.pgm=01;35:*.ppm=01;35:*.tga=01;35:*.xbm=01;35:*.xpm=01;35:*.tif=01;35:*.tiff=01;35:*.png=01;35:*.svg=01;35:*.svgz=01;35:*.mng=01;35:*.pcx=01;35:*.mov=01;35:*.mpg=01;35:*.mpeg=01;35:*.m2v=01;35:*.mkv=01;35:*.webm=01;35:*.webp=01;35:*.ogm=01;35:*.mp4=01;35:*.m4v=01;35:*.mp4v=01;35:*.vob=01;35:*.qt=01;35:*.nuv=01;35:*.wmv=01;35:*.asf=01;35:*.rm=01;35:*.rmvb=01;35:*.flc=01;35:*.avi=01;35:*.fli=01;35:*.flv=01;35:*.gl=01;35:*.dl=01;35:*.xcf=01;35:*.xwd=01;35:*.yuv=01;35:*.cgm=01;35:*.emf=01;35:*.ogv=01;35:*.ogx=01;35:*.aac=00;36:*.au=00;36:*.flac=00;36:*.m4a=00;36:*.mid=00;36:*.midi=00;36:*.mka=00;36:*.mp3=00;36:*.mpc=00;36:*.ogg=00;36:*.ra=00;36:*.wav=00;36:*.oga=00;36:*.opus=00;36:*.spx=00;36:*.xspf=00;36:'), ('GNOME_TERMINAL_SERVICE', ':1.104'), ('SSH_AGENT_LAUNCHER', 'gnome-keyring'), ('SSH_AUTH_SOCK', '/run/user/1000/keyring/ssh'), ('AMENT_PREFIX_PATH', '/home/savannah/EECE5554/LAB4/install/fusion_driver:/home/savannah/EECE5554/LAB4/install/imu_driver:/home/savannah/EECE5554/LAB4/install/imu_msg:/home/savannah/EECE5554/LAB4/install/gps_driver:/home/savannah/EECE5554/LAB4/install/gps_message:/opt/ros/humble'), ('SHELL', '/bin/bash'), ('TERMINATOR_UUID', 'urn:uuid:f90c821d-3786-4772-96da-b6768894ea90'), ('QT_ACCESSIBILITY', '1'), ('GDMSESSION', 'ubuntu'), ('LESSCLOSE', '/usr/bin/lesspipe %s %s'), ('QT_IM_MODULE', 'ibus'), ('PWD', '/home/savannah/EECE5554/LAB4/build/imu_msg'), ('LC_ALL', 'en_US.UTF-8'), ('XDG_CONFIG_DIRS', '/etc/xdg/xdg-ubuntu:/etc/xdg'), ('XDG_DATA_DIRS', '/usr/share/ubuntu:/usr/local/share/:/usr/share/:/var/lib/snapd/desktop'), ('PYTHONPATH', '/home/savannah/EECE5554/LAB4/install/fusion_driver/lib/python3.10/site-packages:/home/savannah/EECE5554/LAB4/install/imu_driver/lib/python3.10/site-packages:/home/savannah/EECE5554/LAB4/install/imu_msg/local/lib/python3.10/dist-packages:/home/savannah/EECE5554/LAB4/install/gps_driver/lib/python3.10/site-packages:/home/savannah/EECE5554/LAB4/install/gps_message/local/lib/python3.10/dist-packages:/opt/ros/humble/lib/python3.10/site-packages:/opt/ros/humble/local/lib/python3.10/dist-packages'), ('COLCON', '1'), ('VTE_VERSION', '6800'), ('CMAKE_PREFIX_PATH', '/home/savannah/EECE5554/LAB4/install/imu_msg:/home/savannah/EECE5554/LAB4/install/gps_message:/home/savannah/EECE5554/LAB4/install/fusion_driver:/home/savannah/EECE5554/LAB4/install/imu_driver:/home/savannah/EECE5554/LAB4/install/gps_driver:/opt/ros/humble')]), 'shell': False}
[2.118566] (-) TimerEvent: {}
[2.139013] (imu_msg) StdoutLine: {'line': b'[  3%] \x1b[34m\x1b[1mGenerating C code for ROS interfaces\x1b[0m\n'}
[2.161738] (imu_msg) StdoutLine: {'line': b'[  6%] \x1b[34m\x1b[1mGenerating C++ code for ROS interfaces\x1b[0m\n'}
[2.196577] (imu_msg) StdoutLine: {'line': b'[  6%] Built target ament_cmake_python_copy_imu_msg\n'}
[2.220275] (-) TimerEvent: {}
[2.281502] (gps_message) StdoutLine: {'line': b'running egg_info\n'}
[2.281658] (gps_message) StdoutLine: {'line': b'creating gps_message.egg-info\n'}
[2.281699] (gps_message) StdoutLine: {'line': b'writing gps_message.egg-info/PKG-INFO\n'}
[2.281735] (gps_message) StdoutLine: {'line': b'writing dependency_links to gps_message.egg-info/dependency_links.txt\n'}
[2.281771] (gps_message) StdoutLine: {'line': b'writing top-level names to gps_message.egg-info/top_level.txt\n'}
[2.281806] (gps_message) StdoutLine: {'line': b"writing manifest file 'gps_message.egg-info/SOURCES.txt'\n"}
[2.281840] (gps_message) StdoutLine: {'line': b"reading manifest file 'gps_message.egg-info/SOURCES.txt'\n"}
[2.281887] (gps_message) StdoutLine: {'line': b"writing manifest file 'gps_message.egg-info/SOURCES.txt'\n"}
[2.321654] (-) TimerEvent: {}
[2.335689] (gps_message) StdoutLine: {'line': b'[  6%] Built target ament_cmake_python_build_gps_message_egg\n'}
[2.415650] (gps_message) StdoutLine: {'line': b'[  6%] Built target gps_message__cpp\n'}
[2.426217] (-) TimerEvent: {}
[2.435755] (gps_message) StdoutLine: {'line': b'[  9%] \x1b[34m\x1b[1mGenerating C++ type support dispatch for ROS interfaces\x1b[0m\n'}
[2.436900] (gps_message) StdoutLine: {'line': b'[ 12%] \x1b[34m\x1b[1mGenerating C++ type support for eProsima Fast-RTPS\x1b[0m\n'}
[2.445122] (gps_message) StdoutLine: {'line': b'[ 16%] \x1b[34m\x1b[1mGenerating C++ introspection for ROS interfaces\x1b[0m\n'}
[2.486300] (gps_message) StdoutLine: {'line': b'[ 19%] \x1b[32mBuilding C object CMakeFiles/gps_message__rosidl_generator_c.dir/rosidl_generator_c/gps_message/msg/detail/gps_msg__functions.c.o\x1b[0m\n'}
[2.526363] (-) TimerEvent: {}
[2.552228] (gps_message) StdoutLine: {'line': b'[ 22%] \x1b[32m\x1b[1mLinking C shared library libgps_message__rosidl_generator_c.so\x1b[0m\n'}
[2.626545] (-) TimerEvent: {}
[2.630632] (gps_message) StdoutLine: {'line': b'[ 22%] Built target gps_message__rosidl_generator_c\n'}
[2.658571] (gps_message) StdoutLine: {'line': b'[ 25%] \x1b[34m\x1b[1mGenerating C type support for eProsima Fast-RTPS\x1b[0m\n'}
[2.711399] (imu_msg) StdoutLine: {'line': b'[  9%] \x1b[32mBuilding C object CMakeFiles/imu_msg__rosidl_generator_c.dir/rosidl_generator_c/imu_msg/msg/detail/imu_msg__functions.c.o\x1b[0m\n'}
[2.726655] (-) TimerEvent: {}
[2.735761] (imu_msg) StdoutLine: {'line': b'running egg_info\n'}
[2.737387] (imu_msg) StdoutLine: {'line': b'creating imu_msg.egg-info\n'}
[2.737544] (imu_msg) StdoutLine: {'line': b'writing imu_msg.egg-info/PKG-INFO\n'}
[2.737600] (imu_msg) StdoutLine: {'line': b'writing dependency_links to imu_msg.egg-info/dependency_links.txt\n'}
[2.738540] (imu_msg) StdoutLine: {'line': b'writing top-level names to imu_msg.egg-info/top_level.txt\n'}
[2.738651] (imu_msg) StdoutLine: {'line': b"writing manifest file 'imu_msg.egg-info/SOURCES.txt'\n"}
[2.746583] (imu_msg) StdoutLine: {'line': b"reading manifest file 'imu_msg.egg-info/SOURCES.txt'\n"}
[2.746737] (imu_msg) StdoutLine: {'line': b"writing manifest file 'imu_msg.egg-info/SOURCES.txt'\n"}
[2.757263] (imu_msg) StdoutLine: {'line': b'[  9%] Built target imu_msg__cpp\n'}
[2.785784] (imu_msg) StdoutLine: {'line': b'[ 12%] \x1b[34m\x1b[1mGenerating C++ type support for eProsima Fast-RTPS\x1b[0m\n'}
[2.796462] (imu_msg) StdoutLine: {'line': b'[ 16%] \x1b[34m\x1b[1mGenerating C++ type support dispatch for ROS interfaces\x1b[0m\n'}
[2.814593] (imu_msg) StdoutLine: {'line': b'[ 19%] \x1b[32m\x1b[1mLinking C shared library libimu_msg__rosidl_generator_c.so\x1b[0m\n'}
[2.822716] (imu_msg) StdoutLine: {'line': b'[ 19%] Built target ament_cmake_python_build_imu_msg_egg\n'}
[2.826764] (-) TimerEvent: {}
[2.845442] (imu_msg) StdoutLine: {'line': b'[ 22%] \x1b[34m\x1b[1mGenerating C++ introspection for ROS interfaces\x1b[0m\n'}
[2.858893] (gps_message) StdoutLine: {'line': b'[ 29%] \x1b[32mBuilding CXX object CMakeFiles/gps_message__rosidl_typesupport_introspection_cpp.dir/rosidl_typesupport_introspection_cpp/gps_message/msg/detail/gps_msg__type_support.cpp.o\x1b[0m\n'}
[2.907535] (imu_msg) StdoutLine: {'line': b'[ 22%] Built target imu_msg__rosidl_generator_c\n'}
[2.928568] (-) TimerEvent: {}
[2.932574] (gps_message) StdoutLine: {'line': b'[ 32%] \x1b[32mBuilding CXX object CMakeFiles/gps_message__rosidl_typesupport_cpp.dir/rosidl_typesupport_cpp/gps_message/msg/gps_msg__type_support.cpp.o\x1b[0m\n'}
[2.934719] (imu_msg) StdoutLine: {'line': b'[ 25%] \x1b[34m\x1b[1mGenerating C type support for eProsima Fast-RTPS\x1b[0m\n'}
[3.034765] (-) TimerEvent: {}
[3.051727] (gps_message) StdoutLine: {'line': b'[ 35%] \x1b[32mBuilding CXX object CMakeFiles/gps_message__rosidl_typesupport_fastrtps_cpp.dir/rosidl_typesupport_fastrtps_cpp/gps_message/msg/detail/dds_fastrtps/gps_msg__type_support.cpp.o\x1b[0m\n'}
[3.137258] (-) TimerEvent: {}
[3.218639] (gps_message) StdoutLine: {'line': b'[ 38%] \x1b[32mBuilding CXX object CMakeFiles/gps_message__rosidl_typesupport_fastrtps_c.dir/rosidl_typesupport_fastrtps_c/gps_message/msg/detail/gps_msg__type_support_c.cpp.o\x1b[0m\n'}
[3.239609] (-) TimerEvent: {}
[3.341620] (-) TimerEvent: {}
[3.447093] (-) TimerEvent: {}
[3.506576] (imu_msg) StdoutLine: {'line': b'[ 29%] \x1b[32mBuilding CXX object CMakeFiles/imu_msg__rosidl_typesupport_cpp.dir/rosidl_typesupport_cpp/imu_msg/msg/imu_msg__type_support.cpp.o\x1b[0m\n'}
[3.547800] (-) TimerEvent: {}
[3.548145] (imu_msg) StdoutLine: {'line': b'[ 32%] \x1b[32mBuilding CXX object CMakeFiles/imu_msg__rosidl_typesupport_fastrtps_cpp.dir/rosidl_typesupport_fastrtps_cpp/imu_msg/msg/detail/dds_fastrtps/imu_msg__type_support.cpp.o\x1b[0m\n'}
[3.647925] (-) TimerEvent: {}
[3.685403] (imu_msg) StdoutLine: {'line': b'[ 35%] \x1b[32mBuilding CXX object CMakeFiles/imu_msg__rosidl_typesupport_introspection_cpp.dir/rosidl_typesupport_introspection_cpp/imu_msg/msg/detail/imu_msg__type_support.cpp.o\x1b[0m\n'}
[3.713110] (gps_message) StdoutLine: {'line': b'[ 41%] \x1b[32m\x1b[1mLinking CXX shared library libgps_message__rosidl_typesupport_introspection_cpp.so\x1b[0m\n'}
[3.720629] (gps_message) StdoutLine: {'line': b'[ 45%] \x1b[32m\x1b[1mLinking CXX shared library libgps_message__rosidl_typesupport_cpp.so\x1b[0m\n'}
[3.748662] (-) TimerEvent: {}
[3.796787] (gps_message) StdoutLine: {'line': b'[ 45%] Built target gps_message__rosidl_typesupport_cpp\n'}
[3.821168] (gps_message) StdoutLine: {'line': b'[ 48%] \x1b[34m\x1b[1mGenerating C introspection for ROS interfaces\x1b[0m\n'}
[3.822463] (gps_message) StdoutLine: {'line': b'[ 48%] Built target gps_message__rosidl_typesupport_introspection_cpp\n'}
[3.842581] (gps_message) StdoutLine: {'line': b'[ 51%] \x1b[34m\x1b[1mGenerating C type support dispatch for ROS interfaces\x1b[0m\n'}
[3.849305] (-) TimerEvent: {}
[3.850508] (imu_msg) StdoutLine: {'line': b'[ 38%] \x1b[32mBuilding CXX object CMakeFiles/imu_msg__rosidl_typesupport_fastrtps_c.dir/rosidl_typesupport_fastrtps_c/imu_msg/msg/detail/imu_msg__type_support_c.cpp.o\x1b[0m\n'}
[3.866453] (gps_message) StdoutLine: {'line': b'[ 54%] \x1b[32m\x1b[1mLinking CXX shared library libgps_message__rosidl_typesupport_fastrtps_c.so\x1b[0m\n'}
[3.953770] (-) TimerEvent: {}
[4.054909] (-) TimerEvent: {}
[4.122714] (gps_message) StdoutLine: {'line': b'[ 54%] Built target gps_message__rosidl_typesupport_fastrtps_c\n'}
[4.156093] (-) TimerEvent: {}
[4.216904] (gps_message) StdoutLine: {'line': b'[ 58%] \x1b[32mBuilding CXX object CMakeFiles/gps_message__rosidl_typesupport_c.dir/rosidl_typesupport_c/gps_message/msg/gps_msg__type_support.cpp.o\x1b[0m\n'}
[4.225631] (imu_msg) StdoutLine: {'line': b'[ 41%] \x1b[32m\x1b[1mLinking CXX shared library libimu_msg__rosidl_typesupport_cpp.so\x1b[0m\n'}
[4.231986] (gps_message) StdoutLine: {'line': b'[ 61%] \x1b[32m\x1b[1mLinking CXX shared library libgps_message__rosidl_typesupport_fastrtps_cpp.so\x1b[0m\n'}
[4.256612] (-) TimerEvent: {}
[4.275365] (gps_message) StdoutLine: {'line': b'[ 64%] \x1b[32m\x1b[1mLinking CXX shared library libgps_message__rosidl_typesupport_c.so\x1b[0m\n'}
[4.352874] (imu_msg) StdoutLine: {'line': b'[ 41%] Built target imu_msg__rosidl_typesupport_cpp\n'}
[4.356793] (-) TimerEvent: {}
[4.393995] (gps_message) StdoutLine: {'line': b'[ 64%] Built target gps_message__rosidl_typesupport_c\n'}
[4.410822] (imu_msg) StdoutLine: {'line': b'[ 45%] \x1b[34m\x1b[1mGenerating C introspection for ROS interfaces\x1b[0m\n'}
[4.437695] (gps_message) StdoutLine: {'line': b'[ 64%] Built target gps_message__rosidl_typesupport_fastrtps_cpp\n'}
[4.459937] (-) TimerEvent: {}
[4.474438] (imu_msg) StdoutLine: {'line': b'[ 48%] \x1b[32m\x1b[1mLinking CXX shared library libimu_msg__rosidl_typesupport_fastrtps_cpp.so\x1b[0m\n'}
[4.515177] (gps_message) StdoutLine: {'line': b'[ 67%] \x1b[32mBuilding C object CMakeFiles/gps_message__rosidl_typesupport_introspection_c.dir/rosidl_typesupport_introspection_c/gps_message/msg/detail/gps_msg__type_support.c.o\x1b[0m\n'}
[4.541681] (imu_msg) StdoutLine: {'line': b'[ 51%] \x1b[32m\x1b[1mLinking CXX shared library libimu_msg__rosidl_typesupport_fastrtps_c.so\x1b[0m\n'}
[4.560083] (-) TimerEvent: {}
[4.586293] (gps_message) StdoutLine: {'line': b'[ 70%] \x1b[32m\x1b[1mLinking C shared library libgps_message__rosidl_typesupport_introspection_c.so\x1b[0m\n'}
[4.596952] (imu_msg) StdoutLine: {'line': b'[ 51%] Built target imu_msg__rosidl_typesupport_fastrtps_cpp\n'}
[4.616685] (imu_msg) StdoutLine: {'line': b'[ 54%] \x1b[34m\x1b[1mGenerating C type support dispatch for ROS interfaces\x1b[0m\n'}
[4.630201] (imu_msg) StdoutLine: {'line': b'[ 58%] \x1b[32m\x1b[1mLinking CXX shared library libimu_msg__rosidl_typesupport_introspection_cpp.so\x1b[0m\n'}
[4.643575] (gps_message) StdoutLine: {'line': b'[ 70%] Built target gps_message__rosidl_typesupport_introspection_c\n'}
[4.654987] (imu_msg) StdoutLine: {'line': b'[ 58%] Built target imu_msg__rosidl_typesupport_fastrtps_c\n'}
[4.660214] (-) TimerEvent: {}
[4.667980] (gps_message) StdoutLine: {'line': b'[ 70%] Built target gps_message\n'}
[4.693616] (gps_message) StdoutLine: {'line': b'[ 74%] \x1b[34m\x1b[1mGenerating Python code for ROS interfaces\x1b[0m\n'}
[4.733764] (imu_msg) StdoutLine: {'line': b'[ 58%] Built target imu_msg__rosidl_typesupport_introspection_cpp\n'}
[4.738193] (imu_msg) StdoutLine: {'line': b'[ 61%] \x1b[32mBuilding C object CMakeFiles/imu_msg__rosidl_typesupport_introspection_c.dir/rosidl_typesupport_introspection_c/imu_msg/msg/detail/imu_msg__type_support.c.o\x1b[0m\n'}
[4.761593] (-) TimerEvent: {}
[4.783510] (imu_msg) StdoutLine: {'line': b'[ 64%] \x1b[32m\x1b[1mLinking C shared library libimu_msg__rosidl_typesupport_introspection_c.so\x1b[0m\n'}
[4.835595] (imu_msg) StdoutLine: {'line': b'[ 64%] Built target imu_msg__rosidl_typesupport_introspection_c\n'}
[4.863411] (-) TimerEvent: {}
[4.887822] (imu_msg) StdoutLine: {'line': b'[ 67%] \x1b[32mBuilding CXX object CMakeFiles/imu_msg__rosidl_typesupport_c.dir/rosidl_typesupport_c/imu_msg/msg/imu_msg__type_support.cpp.o\x1b[0m\n'}
[4.919365] (imu_msg) StdoutLine: {'line': b'[ 70%] \x1b[32m\x1b[1mLinking CXX shared library libimu_msg__rosidl_typesupport_c.so\x1b[0m\n'}
[4.957713] (imu_msg) StdoutLine: {'line': b'[ 70%] Built target imu_msg__rosidl_typesupport_c\n'}
[4.963600] (-) TimerEvent: {}
[4.976908] (imu_msg) StdoutLine: {'line': b'[ 70%] Built target imu_msg\n'}
[4.998060] (imu_msg) StdoutLine: {'line': b'[ 74%] \x1b[34m\x1b[1mGenerating Python code for ROS interfaces\x1b[0m\n'}
[5.021009] (gps_message) StdoutLine: {'line': b'[ 74%] Built target gps_message__py\n'}
[5.046390] (gps_message) StdoutLine: {'line': b'[ 77%] \x1b[32mBuilding C object CMakeFiles/gps_message__rosidl_generator_py.dir/rosidl_generator_py/gps_message/msg/_gps_msg_s.c.o\x1b[0m\n'}
[5.066595] (-) TimerEvent: {}
[5.160664] (gps_message) StdoutLine: {'line': b'[ 80%] \x1b[32m\x1b[1mLinking C shared library rosidl_generator_py/gps_message/libgps_message__rosidl_generator_py.so\x1b[0m\n'}
[5.167742] (-) TimerEvent: {}
[5.199769] (gps_message) StdoutLine: {'line': b'[ 80%] Built target gps_message__rosidl_generator_py\n'}
[5.220755] (gps_message) StdoutLine: {'line': b'[ 87%] \x1b[32mBuilding C object CMakeFiles/gps_message__rosidl_typesupport_c__pyext.dir/rosidl_generator_py/gps_message/_gps_message_s.ep.rosidl_typesupport_c.c.o\x1b[0m\n'}
[5.220961] (gps_message) StdoutLine: {'line': b'[ 87%] \x1b[32mBuilding C object CMakeFiles/gps_message__rosidl_typesupport_fastrtps_c__pyext.dir/rosidl_generator_py/gps_message/_gps_message_s.ep.rosidl_typesupport_fastrtps_c.c.o\x1b[0m\n'}
[5.238577] (gps_message) StdoutLine: {'line': b'[ 90%] \x1b[32mBuilding C object CMakeFiles/gps_message__rosidl_typesupport_introspection_c__pyext.dir/rosidl_generator_py/gps_message/_gps_message_s.ep.rosidl_typesupport_introspection_c.c.o\x1b[0m\n'}
[5.268163] (-) TimerEvent: {}
[5.337592] (gps_message) StdoutLine: {'line': b'[ 93%] \x1b[32m\x1b[1mLinking C shared library rosidl_generator_py/gps_message/gps_message_s__rosidl_typesupport_fastrtps_c.cpython-310-x86_64-linux-gnu.so\x1b[0m\n'}
[5.340755] (gps_message) StdoutLine: {'line': b'[ 96%] \x1b[32m\x1b[1mLinking C shared library rosidl_generator_py/gps_message/gps_message_s__rosidl_typesupport_c.cpython-310-x86_64-linux-gnu.so\x1b[0m\n'}
[5.345699] (gps_message) StdoutLine: {'line': b'[100%] \x1b[32m\x1b[1mLinking C shared library rosidl_generator_py/gps_message/gps_message_s__rosidl_typesupport_introspection_c.cpython-310-x86_64-linux-gnu.so\x1b[0m\n'}
[5.368304] (-) TimerEvent: {}
[5.382020] (imu_msg) StdoutLine: {'line': b'[ 74%] Built target imu_msg__py\n'}
[5.391527] (gps_message) StdoutLine: {'line': b'[100%] Built target gps_message__rosidl_typesupport_c__pyext\n'}
[5.401155] (imu_msg) StdoutLine: {'line': b'[ 77%] \x1b[32mBuilding C object CMakeFiles/imu_msg__rosidl_generator_py.dir/rosidl_generator_py/imu_msg/msg/_imu_msg_s.c.o\x1b[0m\n'}
[5.402542] (gps_message) StdoutLine: {'line': b'[100%] Built target gps_message__rosidl_typesupport_fastrtps_c__pyext\n'}
[5.404329] (gps_message) StdoutLine: {'line': b'[100%] Built target gps_message__rosidl_typesupport_introspection_c__pyext\n'}
[5.432389] (gps_message) CommandEnded: {'returncode': 0}
[5.434532] (gps_message) JobProgress: {'identifier': 'gps_message', 'progress': 'install'}
[5.457836] (gps_message) Command: {'cmd': ['/usr/bin/cmake', '--install', '/home/savannah/EECE5554/LAB4/build/gps_message'], 'cwd': '/home/savannah/EECE5554/LAB4/build/gps_message', 'env': OrderedDict([('LESSOPEN', '| /usr/bin/lesspipe %s'), ('USER', 'savannah'), ('XDG_SESSION_TYPE', 'wayland'), ('SHLVL', '2'), ('LD_LIBRARY_PATH', '/home/savannah/EECE5554/LAB4/install/imu_msg/lib:/home/savannah/EECE5554/LAB4/install/gps_message/lib:/opt/ros/humble/opt/rviz_ogre_vendor/lib:/opt/ros/humble/lib/x86_64-linux-gnu:/opt/ros/humble/lib'), ('HOME', '/home/savannah'), ('OLDPWD', '/home/savannah/EECE5554/LAB4/src'), ('DESKTOP_SESSION', 'ubuntu'), ('ROS_PYTHON_VERSION', '3'), ('GNOME_SHELL_SESSION_MODE', 'ubuntu'), ('GTK_MODULES', 'gail:atk-bridge'), ('SYSTEMD_EXEC_PID', '1701'), ('DBUS_SESSION_BUS_ADDRESS', 'unix:path=/run/user/1000/bus'), ('COLORTERM', 'truecolor'), ('TERMINATOR_DBUS_NAME', 'net.tenshu.Terminator25ef4b219e3b005583550f2b0f9f990c3'), ('IM_CONFIG_PHASE', '1'), ('WAYLAND_DISPLAY', 'wayland-0'), ('COLCON_PREFIX_PATH', '/home/savannah/EECE5554/LAB4/install'), ('ROS_DISTRO', 'humble'), ('LOGNAME', 'savannah'), ('_', '/usr/bin/colcon'), ('ROS_VERSION', '2'), ('XDG_SESSION_CLASS', 'user'), ('USERNAME', 'savannah'), ('TERM', 'xterm-256color'), ('GNOME_DESKTOP_SESSION_ID', 'this-is-deprecated'), ('ROS_LOCALHOST_ONLY', '0'), ('PATH', '/opt/ros/humble/bin:/home/savannah/.local/bin:/usr/local/sbin:/usr/local/bin:/usr/sbin:/usr/bin:/sbin:/bin:/usr/games:/usr/local/games:/snap/bin:/snap/bin'), ('SESSION_MANAGER', 'local/savannah-VirtualBox:@/tmp/.ICE-unix/1661,unix/savannah-VirtualBox:/tmp/.ICE-unix/1661'), ('XDG_MENU_PREFIX', 'gnome-'), ('GNOME_TERMINAL_SCREEN', '/org/gnome/Terminal/screen/115b0915_29a3_46f0_93e7_838b2bbe1923'), ('GNOME_SETUP_DISPLAY', ':1'), ('XDG_RUNTIME_DIR', '/run/user/1000'), ('DISPLAY', ':0'), ('TERMINATOR_DBUS_PATH', '/net/tenshu/Terminator2'), ('LANG', 'en_US.UTF-8'), ('XDG_CURRENT_DESKTOP', 'ubuntu:GNOME'), ('IBUS_DISABLE_SNOOPER', '1'), ('XMODIFIERS', '@im=ibus'), ('XDG_SESSION_DESKTOP', 'ubuntu'), ('XAUTHORITY', '/run/user/1000/.mutter-Xwaylandauth.FJW132'), ('LS_COLORS', 'rs=0:di=01;34:ln=01;36:mh=00:pi=40;33:so=01;35:do=01;35:bd=40;33;01:cd=40;33;01:or=40;31;01:mi=00:su=37;41:sg=30;43:ca=30;41:tw=30;42:ow=34;42:st=37;44:ex=01;32:*.tar=01;31:*.tgz=01;31:*.arc=01;31:*.arj=01;31:*.taz=01;31:*.lha=01;31:*.lz4=01;31:*.lzh=01;31:*.lzma=01;31:*.tlz=01;31:*.txz=01;31:*.tzo=01;31:*.t7z=01;31:*.zip=01;31:*.z=01;31:*.dz=01;31:*.gz=01;31:*.lrz=01;31:*.lz=01;31:*.lzo=01;31:*.xz=01;31:*.zst=01;31:*.tzst=01;31:*.bz2=01;31:*.bz=01;31:*.tbz=01;31:*.tbz2=01;31:*.tz=01;31:*.deb=01;31:*.rpm=01;31:*.jar=01;31:*.war=01;31:*.ear=01;31:*.sar=01;31:*.rar=01;31:*.alz=01;31:*.ace=01;31:*.zoo=01;31:*.cpio=01;31:*.7z=01;31:*.rz=01;31:*.cab=01;31:*.wim=01;31:*.swm=01;31:*.dwm=01;31:*.esd=01;31:*.jpg=01;35:*.jpeg=01;35:*.mjpg=01;35:*.mjpeg=01;35:*.gif=01;35:*.bmp=01;35:*.pbm=01;35:*.pgm=01;35:*.ppm=01;35:*.tga=01;35:*.xbm=01;35:*.xpm=01;35:*.tif=01;35:*.tiff=01;35:*.png=01;35:*.svg=01;35:*.svgz=01;35:*.mng=01;35:*.pcx=01;35:*.mov=01;35:*.mpg=01;35:*.mpeg=01;35:*.m2v=01;35:*.mkv=01;35:*.webm=01;35:*.webp=01;35:*.ogm=01;35:*.mp4=01;35:*.m4v=01;35:*.mp4v=01;35:*.vob=01;35:*.qt=01;35:*.nuv=01;35:*.wmv=01;35:*.asf=01;35:*.rm=01;35:*.rmvb=01;35:*.flc=01;35:*.avi=01;35:*.fli=01;35:*.flv=01;35:*.gl=01;35:*.dl=01;35:*.xcf=01;35:*.xwd=01;35:*.yuv=01;35:*.cgm=01;35:*.emf=01;35:*.ogv=01;35:*.ogx=01;35:*.aac=00;36:*.au=00;36:*.flac=00;36:*.m4a=00;36:*.mid=00;36:*.midi=00;36:*.mka=00;36:*.mp3=00;36:*.mpc=00;36:*.ogg=00;36:*.ra=00;36:*.wav=00;36:*.oga=00;36:*.opus=00;36:*.spx=00;36:*.xspf=00;36:'), ('GNOME_TERMINAL_SERVICE', ':1.104'), ('SSH_AGENT_LAUNCHER', 'gnome-keyring'), ('SSH_AUTH_SOCK', '/run/user/1000/keyring/ssh'), ('AMENT_PREFIX_PATH', '/home/savannah/EECE5554/LAB4/install/fusion_driver:/home/savannah/EECE5554/LAB4/install/imu_driver:/home/savannah/EECE5554/LAB4/install/imu_msg:/home/savannah/EECE5554/LAB4/install/gps_driver:/home/savannah/EECE5554/LAB4/install/gps_message:/opt/ros/humble'), ('SHELL', '/bin/bash'), ('TERMINATOR_UUID', 'urn:uuid:f90c821d-3786-4772-96da-b6768894ea90'), ('QT_ACCESSIBILITY', '1'), ('GDMSESSION', 'ubuntu'), ('LESSCLOSE', '/usr/bin/lesspipe %s %s'), ('QT_IM_MODULE', 'ibus'), ('PWD', '/home/savannah/EECE5554/LAB4/build/gps_message'), ('LC_ALL', 'en_US.UTF-8'), ('XDG_CONFIG_DIRS', '/etc/xdg/xdg-ubuntu:/etc/xdg'), ('XDG_DATA_DIRS', '/usr/share/ubuntu:/usr/local/share/:/usr/share/:/var/lib/snapd/desktop'), ('PYTHONPATH', '/home/savannah/EECE5554/LAB4/install/fusion_driver/lib/python3.10/site-packages:/home/savannah/EECE5554/LAB4/install/imu_driver/lib/python3.10/site-packages:/home/savannah/EECE5554/LAB4/install/imu_msg/local/lib/python3.10/dist-packages:/home/savannah/EECE5554/LAB4/install/gps_driver/lib/python3.10/site-packages:/home/savannah/EECE5554/LAB4/install/gps_message/local/lib/python3.10/dist-packages:/opt/ros/humble/lib/python3.10/site-packages:/opt/ros/humble/local/lib/python3.10/dist-packages'), ('COLCON', '1'), ('VTE_VERSION', '6800'), ('CMAKE_PREFIX_PATH', '/home/savannah/EECE5554/LAB4/install/imu_msg:/home/savannah/EECE5554/LAB4/install/gps_message:/home/savannah/EECE5554/LAB4/install/fusion_driver:/home/savannah/EECE5554/LAB4/install/imu_driver:/home/savannah/EECE5554/LAB4/install/gps_driver:/opt/ros/humble')]), 'shell': False}
[5.469691] (-) TimerEvent: {}
[5.473164] (gps_message) StdoutLine: {'line': b'-- Install configuration: ""\n'}
[5.473350] (gps_message) StdoutLine: {'line': b'-- Installing: /home/savannah/EECE5554/LAB4/install/gps_message/share/ament_index/resource_index/rosidl_interfaces/gps_message\n'}
[5.473411] (gps_message) StdoutLine: {'line': b'-- Installing: /home/savannah/EECE5554/LAB4/install/gps_message/include/gps_message/gps_message\n'}
[5.473465] (gps_message) StdoutLine: {'line': b'-- Installing: /home/savannah/EECE5554/LAB4/install/gps_message/include/gps_message/gps_message/msg\n'}
[5.474025] (gps_message) StdoutLine: {'line': b'-- Installing: /home/savannah/EECE5554/LAB4/install/gps_message/include/gps_message/gps_message/msg/gps_msg.h\n'}
[5.474118] (gps_message) StdoutLine: {'line': b'-- Installing: /home/savannah/EECE5554/LAB4/install/gps_message/include/gps_message/gps_message/msg/detail\n'}
[5.474167] (gps_message) StdoutLine: {'line': b'-- Installing: /home/savannah/EECE5554/LAB4/install/gps_message/include/gps_message/gps_message/msg/detail/gps_msg__functions.h\n'}
[5.474210] (gps_message) StdoutLine: {'line': b'-- Installing: /home/savannah/EECE5554/LAB4/install/gps_message/include/gps_message/gps_message/msg/detail/gps_msg__type_support.h\n'}
[5.474256] (gps_message) StdoutLine: {'line': b'-- Installing: /home/savannah/EECE5554/LAB4/install/gps_message/include/gps_message/gps_message/msg/detail/gps_msg__functions.c\n'}
[5.474454] (gps_message) StdoutLine: {'line': b'-- Installing: /home/savannah/EECE5554/LAB4/install/gps_message/include/gps_message/gps_message/msg/detail/gps_msg__struct.h\n'}
[5.474605] (gps_message) StdoutLine: {'line': b'-- Installing: /home/savannah/EECE5554/LAB4/install/gps_message/include/gps_message/gps_message/msg/rosidl_generator_c__visibility_control.h\n'}
[5.474692] (gps_message) StdoutLine: {'line': b'-- Installing: /home/savannah/EECE5554/LAB4/install/gps_message/share/gps_message/environment/library_path.sh\n'}
[5.475985] (gps_message) StdoutLine: {'line': b'-- Installing: /home/savannah/EECE5554/LAB4/install/gps_message/share/gps_message/environment/library_path.dsv\n'}
[5.476118] (gps_message) StdoutLine: {'line': b'-- Installing: /home/savannah/EECE5554/LAB4/install/gps_message/lib/libgps_message__rosidl_generator_c.so\n'}
[5.477786] (gps_message) StdoutLine: {'line': b'-- Set runtime path of "/home/savannah/EECE5554/LAB4/install/gps_message/lib/libgps_message__rosidl_generator_c.so" to ""\n'}
[5.477932] (gps_message) StdoutLine: {'line': b'-- Up-to-date: /home/savannah/EECE5554/LAB4/install/gps_message/include/gps_message/gps_message\n'}
[5.478008] (gps_message) StdoutLine: {'line': b'-- Up-to-date: /home/savannah/EECE5554/LAB4/install/gps_message/include/gps_message/gps_message/msg\n'}
[5.478114] (gps_message) StdoutLine: {'line': b'-- Up-to-date: /home/savannah/EECE5554/LAB4/install/gps_message/include/gps_message/gps_message/msg/detail\n'}
[5.478189] (gps_message) StdoutLine: {'line': b'-- Installing: /home/savannah/EECE5554/LAB4/install/gps_message/include/gps_message/gps_message/msg/detail/gps_msg__rosidl_typesupport_fastrtps_c.h\n'}
[5.478266] (gps_message) StdoutLine: {'line': b'-- Installing: /home/savannah/EECE5554/LAB4/install/gps_message/include/gps_message/gps_message/msg/rosidl_typesupport_fastrtps_c__visibility_control.h\n'}
[5.478339] (gps_message) StdoutLine: {'line': b'-- Installing: /home/savannah/EECE5554/LAB4/install/gps_message/lib/libgps_message__rosidl_typesupport_fastrtps_c.so\n'}
[5.481224] (gps_message) StdoutLine: {'line': b'-- Set runtime path of "/home/savannah/EECE5554/LAB4/install/gps_message/lib/libgps_message__rosidl_typesupport_fastrtps_c.so" to ""\n'}
[5.481450] (gps_message) StdoutLine: {'line': b'-- Up-to-date: /home/savannah/EECE5554/LAB4/install/gps_message/include/gps_message/gps_message\n'}
[5.481614] (gps_message) StdoutLine: {'line': b'-- Up-to-date: /home/savannah/EECE5554/LAB4/install/gps_message/include/gps_message/gps_message/msg\n'}
[5.481706] (gps_message) StdoutLine: {'line': b'-- Up-to-date: /home/savannah/EECE5554/LAB4/install/gps_message/include/gps_message/gps_message/msg/detail\n'}
[5.481791] (gps_message) StdoutLine: {'line': b'-- Installing: /home/savannah/EECE5554/LAB4/install/gps_message/include/gps_message/gps_message/msg/detail/gps_msg__rosidl_typesupport_introspection_c.h\n'}
[5.481867] (gps_message) StdoutLine: {'line': b'-- Installing: /home/savannah/EECE5554/LAB4/install/gps_message/include/gps_message/gps_message/msg/detail/gps_msg__type_support.c\n'}
[5.481943] (gps_message) StdoutLine: {'line': b'-- Installing: /home/savannah/EECE5554/LAB4/install/gps_message/include/gps_message/gps_message/msg/rosidl_typesupport_introspection_c__visibility_control.h\n'}
[5.482013] (gps_message) StdoutLine: {'line': b'-- Installing: /home/savannah/EECE5554/LAB4/install/gps_message/lib/libgps_message__rosidl_typesupport_introspection_c.so\n'}
[5.482083] (gps_message) StdoutLine: {'line': b'-- Set runtime path of "/home/savannah/EECE5554/LAB4/install/gps_message/lib/libgps_message__rosidl_typesupport_introspection_c.so" to ""\n'}
[5.482154] (gps_message) StdoutLine: {'line': b'-- Installing: /home/savannah/EECE5554/LAB4/install/gps_message/lib/libgps_message__rosidl_typesupport_c.so\n'}
[5.482251] (gps_message) StdoutLine: {'line': b'-- Set runtime path of "/home/savannah/EECE5554/LAB4/install/gps_message/lib/libgps_message__rosidl_typesupport_c.so" to ""\n'}
[5.482323] (gps_message) StdoutLine: {'line': b'-- Up-to-date: /home/savannah/EECE5554/LAB4/install/gps_message/include/gps_message/gps_message\n'}
[5.482393] (gps_message) StdoutLine: {'line': b'-- Up-to-date: /home/savannah/EECE5554/LAB4/install/gps_message/include/gps_message/gps_message/msg\n'}
[5.482472] (gps_message) StdoutLine: {'line': b'-- Installing: /home/savannah/EECE5554/LAB4/install/gps_message/include/gps_message/gps_message/msg/gps_msg.hpp\n'}
[5.484275] (gps_message) StdoutLine: {'line': b'-- Up-to-date: /home/savannah/EECE5554/LAB4/install/gps_message/include/gps_message/gps_message/msg/detail\n'}
[5.484465] (gps_message) StdoutLine: {'line': b'-- Installing: /home/savannah/EECE5554/LAB4/install/gps_message/include/gps_message/gps_message/msg/detail/gps_msg__struct.hpp\n'}
[5.484671] (gps_message) StdoutLine: {'line': b'-- Installing: /home/savannah/EECE5554/LAB4/install/gps_message/include/gps_message/gps_message/msg/detail/gps_msg__traits.hpp\n'}
[5.484750] (gps_message) StdoutLine: {'line': b'-- Installing: /home/savannah/EECE5554/LAB4/install/gps_message/include/gps_message/gps_message/msg/detail/gps_msg__builder.hpp\n'}
[5.484823] (gps_message) StdoutLine: {'line': b'-- Installing: /home/savannah/EECE5554/LAB4/install/gps_message/include/gps_message/gps_message/msg/detail/gps_msg__type_support.hpp\n'}
[5.484896] (gps_message) StdoutLine: {'line': b'-- Installing: /home/savannah/EECE5554/LAB4/install/gps_message/include/gps_message/gps_message/msg/rosidl_generator_cpp__visibility_control.hpp\n'}
[5.484963] (gps_message) StdoutLine: {'line': b'-- Up-to-date: /home/savannah/EECE5554/LAB4/install/gps_message/include/gps_message/gps_message\n'}
[5.485027] (gps_message) StdoutLine: {'line': b'-- Up-to-date: /home/savannah/EECE5554/LAB4/install/gps_message/include/gps_message/gps_message/msg\n'}
[5.485090] (gps_message) StdoutLine: {'line': b'-- Up-to-date: /home/savannah/EECE5554/LAB4/install/gps_message/include/gps_message/gps_message/msg/detail\n'}
[5.485157] (gps_message) StdoutLine: {'line': b'-- Installing: /home/savannah/EECE5554/LAB4/install/gps_message/include/gps_message/gps_message/msg/detail/gps_msg__rosidl_typesupport_fastrtps_cpp.hpp\n'}
[5.485238] (gps_message) StdoutLine: {'line': b'-- Installing: /home/savannah/EECE5554/LAB4/install/gps_message/include/gps_message/gps_message/msg/detail/dds_fastrtps\n'}
[5.485308] (gps_message) StdoutLine: {'line': b'-- Installing: /home/savannah/EECE5554/LAB4/install/gps_message/include/gps_message/gps_message/msg/rosidl_typesupport_fastrtps_cpp__visibility_control.h\n'}
[5.487204] (gps_message) StdoutLine: {'line': b'-- Installing: /home/savannah/EECE5554/LAB4/install/gps_message/lib/libgps_message__rosidl_typesupport_fastrtps_cpp.so\n'}
[5.487875] (gps_message) StdoutLine: {'line': b'-- Set runtime path of "/home/savannah/EECE5554/LAB4/install/gps_message/lib/libgps_message__rosidl_typesupport_fastrtps_cpp.so" to ""\n'}
[5.487974] (gps_message) StdoutLine: {'line': b'-- Up-to-date: /home/savannah/EECE5554/LAB4/install/gps_message/include/gps_message/gps_message\n'}
[5.488053] (gps_message) StdoutLine: {'line': b'-- Up-to-date: /home/savannah/EECE5554/LAB4/install/gps_message/include/gps_message/gps_message/msg\n'}
[5.488127] (gps_message) StdoutLine: {'line': b'-- Up-to-date: /home/savannah/EECE5554/LAB4/install/gps_message/include/gps_message/gps_message/msg/detail\n'}
[5.488199] (gps_message) StdoutLine: {'line': b'-- Installing: /home/savannah/EECE5554/LAB4/install/gps_message/include/gps_message/gps_message/msg/detail/gps_msg__type_support.cpp\n'}
[5.489997] (gps_message) StdoutLine: {'line': b'-- Installing: /home/savannah/EECE5554/LAB4/install/gps_message/include/gps_message/gps_message/msg/detail/gps_msg__rosidl_typesupport_introspection_cpp.hpp\n'}
[5.490071] (gps_message) StdoutLine: {'line': b'-- Installing: /home/savannah/EECE5554/LAB4/install/gps_message/lib/libgps_message__rosidl_typesupport_introspection_cpp.so\n'}
[5.490137] (gps_message) StdoutLine: {'line': b'-- Set runtime path of "/home/savannah/EECE5554/LAB4/install/gps_message/lib/libgps_message__rosidl_typesupport_introspection_cpp.so" to ""\n'}
[5.490199] (gps_message) StdoutLine: {'line': b'-- Installing: /home/savannah/EECE5554/LAB4/install/gps_message/lib/libgps_message__rosidl_typesupport_cpp.so\n'}
[5.490264] (gps_message) StdoutLine: {'line': b'-- Set runtime path of "/home/savannah/EECE5554/LAB4/install/gps_message/lib/libgps_message__rosidl_typesupport_cpp.so" to ""\n'}
[5.491110] (gps_message) StdoutLine: {'line': b'-- Installing: /home/savannah/EECE5554/LAB4/install/gps_message/share/gps_message/environment/pythonpath.sh\n'}
[5.491916] (gps_message) StdoutLine: {'line': b'-- Installing: /home/savannah/EECE5554/LAB4/install/gps_message/share/gps_message/environment/pythonpath.dsv\n'}
[5.492042] (gps_message) StdoutLine: {'line': b'-- Installing: /home/savannah/EECE5554/LAB4/install/gps_message/local/lib/python3.10/dist-packages/gps_message-0.0.0-py3.10.egg-info\n'}
[5.492136] (gps_message) StdoutLine: {'line': b'-- Installing: /home/savannah/EECE5554/LAB4/install/gps_message/local/lib/python3.10/dist-packages/gps_message-0.0.0-py3.10.egg-info/top_level.txt\n'}
[5.492215] (gps_message) StdoutLine: {'line': b'-- Installing: /home/savannah/EECE5554/LAB4/install/gps_message/local/lib/python3.10/dist-packages/gps_message-0.0.0-py3.10.egg-info/dependency_links.txt\n'}
[5.492278] (gps_message) StdoutLine: {'line': b'-- Installing: /home/savannah/EECE5554/LAB4/install/gps_message/local/lib/python3.10/dist-packages/gps_message-0.0.0-py3.10.egg-info/SOURCES.txt\n'}
[5.493261] (gps_message) StdoutLine: {'line': b'-- Installing: /home/savannah/EECE5554/LAB4/install/gps_message/local/lib/python3.10/dist-packages/gps_message-0.0.0-py3.10.egg-info/PKG-INFO\n'}
[5.493410] (gps_message) StdoutLine: {'line': b'-- Installing: /home/savannah/EECE5554/LAB4/install/gps_message/local/lib/python3.10/dist-packages/gps_message\n'}
[5.493524] (gps_message) StdoutLine: {'line': b'-- Installing: /home/savannah/EECE5554/LAB4/install/gps_message/local/lib/python3.10/dist-packages/gps_message/_gps_message_s.ep.rosidl_typesupport_c.c\n'}
[5.493613] (gps_message) StdoutLine: {'line': b'-- Installing: /home/savannah/EECE5554/LAB4/install/gps_message/local/lib/python3.10/dist-packages/gps_message/libgps_message__rosidl_generator_py.so\n'}
[5.494217] (gps_message) StdoutLine: {'line': b'-- Installing: /home/savannah/EECE5554/LAB4/install/gps_message/local/lib/python3.10/dist-packages/gps_message/gps_message_s__rosidl_typesupport_fastrtps_c.cpython-310-x86_64-linux-gnu.so\n'}
[5.494331] (gps_message) StdoutLine: {'line': b'-- Installing: /home/savannah/EECE5554/LAB4/install/gps_message/local/lib/python3.10/dist-packages/gps_message/gps_message_s__rosidl_typesupport_c.cpython-310-x86_64-linux-gnu.so\n'}
[5.495352] (gps_message) StdoutLine: {'line': b'-- Installing: /home/savannah/EECE5554/LAB4/install/gps_message/local/lib/python3.10/dist-packages/gps_message/gps_message_s__rosidl_typesupport_introspection_c.cpython-310-x86_64-linux-gnu.so\n'}
[5.497218] (gps_message) StdoutLine: {'line': b'-- Installing: /home/savannah/EECE5554/LAB4/install/gps_message/local/lib/python3.10/dist-packages/gps_message/_gps_message_s.ep.rosidl_typesupport_fastrtps_c.c\n'}
[5.497324] (gps_message) StdoutLine: {'line': b'-- Installing: /home/savannah/EECE5554/LAB4/install/gps_message/local/lib/python3.10/dist-packages/gps_message/msg\n'}
[5.497392] (gps_message) StdoutLine: {'line': b'-- Installing: /home/savannah/EECE5554/LAB4/install/gps_message/local/lib/python3.10/dist-packages/gps_message/msg/_gps_msg_s.c\n'}
[5.498430] (gps_message) StdoutLine: {'line': b'-- Installing: /home/savannah/EECE5554/LAB4/install/gps_message/local/lib/python3.10/dist-packages/gps_message/msg/_gps_msg.py\n'}
[5.498579] (gps_message) StdoutLine: {'line': b'-- Installing: /home/savannah/EECE5554/LAB4/install/gps_message/local/lib/python3.10/dist-packages/gps_message/msg/__init__.py\n'}
[5.498660] (gps_message) StdoutLine: {'line': b'-- Installing: /home/savannah/EECE5554/LAB4/install/gps_message/local/lib/python3.10/dist-packages/gps_message/__init__.py\n'}
[5.498736] (gps_message) StdoutLine: {'line': b'-- Installing: /home/savannah/EECE5554/LAB4/install/gps_message/local/lib/python3.10/dist-packages/gps_message/_gps_message_s.ep.rosidl_typesupport_introspection_c.c\n'}
[5.536651] (gps_message) StdoutLine: {'line': b"Listing '/home/savannah/EECE5554/LAB4/install/gps_message/local/lib/python3.10/dist-packages/gps_message'...\n"}
[5.536970] (gps_message) StdoutLine: {'line': b"Compiling '/home/savannah/EECE5554/LAB4/install/gps_message/local/lib/python3.10/dist-packages/gps_message/__init__.py'...\n"}
[5.537024] (gps_message) StdoutLine: {'line': b"Listing '/home/savannah/EECE5554/LAB4/install/gps_message/local/lib/python3.10/dist-packages/gps_message/msg'...\n"}
[5.537062] (gps_message) StdoutLine: {'line': b"Compiling '/home/savannah/EECE5554/LAB4/install/gps_message/local/lib/python3.10/dist-packages/gps_message/msg/__init__.py'...\n"}
[5.537098] (gps_message) StdoutLine: {'line': b"Compiling '/home/savannah/EECE5554/LAB4/install/gps_message/local/lib/python3.10/dist-packages/gps_message/msg/_gps_msg.py'...\n"}
[5.540401] (imu_msg) StdoutLine: {'line': b'[ 80%] \x1b[32m\x1b[1mLinking C shared library rosidl_generator_py/imu_msg/libimu_msg__rosidl_generator_py.so\x1b[0m\n'}
[5.542132] (gps_message) StdoutLine: {'line': b'-- Installing: /home/savannah/EECE5554/LAB4/install/gps_message/local/lib/python3.10/dist-packages/gps_message/gps_message_s__rosidl_typesupport_fastrtps_c.cpython-310-x86_64-linux-gnu.so\n'}
[5.542235] (gps_message) StdoutLine: {'line': b'-- Set runtime path of "/home/savannah/EECE5554/LAB4/install/gps_message/local/lib/python3.10/dist-packages/gps_message/gps_message_s__rosidl_typesupport_fastrtps_c.cpython-310-x86_64-linux-gnu.so" to ""\n'}
[5.542393] (gps_message) StdoutLine: {'line': b'-- Installing: /home/savannah/EECE5554/LAB4/install/gps_message/local/lib/python3.10/dist-packages/gps_message/gps_message_s__rosidl_typesupport_introspection_c.cpython-310-x86_64-linux-gnu.so\n'}
[5.542466] (gps_message) StdoutLine: {'line': b'-- Set runtime path of "/home/savannah/EECE5554/LAB4/install/gps_message/local/lib/python3.10/dist-packages/gps_message/gps_message_s__rosidl_typesupport_introspection_c.cpython-310-x86_64-linux-gnu.so" to ""\n'}
[5.542517] (gps_message) StdoutLine: {'line': b'-- Installing: /home/savannah/EECE5554/LAB4/install/gps_message/local/lib/python3.10/dist-packages/gps_message/gps_message_s__rosidl_typesupport_c.cpython-310-x86_64-linux-gnu.so\n'}
[5.542570] (gps_message) StdoutLine: {'line': b'-- Set runtime path of "/home/savannah/EECE5554/LAB4/install/gps_message/local/lib/python3.10/dist-packages/gps_message/gps_message_s__rosidl_typesupport_c.cpython-310-x86_64-linux-gnu.so" to ""\n'}
[5.542609] (gps_message) StdoutLine: {'line': b'-- Installing: /home/savannah/EECE5554/LAB4/install/gps_message/lib/libgps_message__rosidl_generator_py.so\n'}
[5.542645] (gps_message) StdoutLine: {'line': b'-- Set runtime path of "/home/savannah/EECE5554/LAB4/install/gps_message/lib/libgps_message__rosidl_generator_py.so" to ""\n'}
[5.542681] (gps_message) StdoutLine: {'line': b'-- Installing: /home/savannah/EECE5554/LAB4/install/gps_message/share/gps_message/msg/GpsMsg.idl\n'}
[5.542716] (gps_message) StdoutLine: {'line': b'-- Installing: /home/savannah/EECE5554/LAB4/install/gps_message/share/gps_message/msg/GpsMsg.msg\n'}
[5.542750] (gps_message) StdoutLine: {'line': b'-- Installing: /home/savannah/EECE5554/LAB4/install/gps_message/share/ament_index/resource_index/package_run_dependencies/gps_message\n'}
[5.544652] (gps_message) StdoutLine: {'line': b'-- Installing: /home/savannah/EECE5554/LAB4/install/gps_message/share/ament_index/resource_index/parent_prefix_path/gps_message\n'}
[5.544739] (gps_message) StdoutLine: {'line': b'-- Installing: /home/savannah/EECE5554/LAB4/install/gps_message/share/gps_message/environment/ament_prefix_path.sh\n'}
[5.544776] (gps_message) StdoutLine: {'line': b'-- Installing: /home/savannah/EECE5554/LAB4/install/gps_message/share/gps_message/environment/ament_prefix_path.dsv\n'}
[5.544811] (gps_message) StdoutLine: {'line': b'-- Installing: /home/savannah/EECE5554/LAB4/install/gps_message/share/gps_message/environment/path.sh\n'}
[5.544845] (gps_message) StdoutLine: {'line': b'-- Installing: /home/savannah/EECE5554/LAB4/install/gps_message/share/gps_message/environment/path.dsv\n'}
[5.544887] (gps_message) StdoutLine: {'line': b'-- Installing: /home/savannah/EECE5554/LAB4/install/gps_message/share/gps_message/local_setup.bash\n'}
[5.544922] (gps_message) StdoutLine: {'line': b'-- Installing: /home/savannah/EECE5554/LAB4/install/gps_message/share/gps_message/local_setup.sh\n'}
[5.544956] (gps_message) StdoutLine: {'line': b'-- Installing: /home/savannah/EECE5554/LAB4/install/gps_message/share/gps_message/local_setup.zsh\n'}
[5.544990] (gps_message) StdoutLine: {'line': b'-- Installing: /home/savannah/EECE5554/LAB4/install/gps_message/share/gps_message/local_setup.dsv\n'}
[5.545026] (gps_message) StdoutLine: {'line': b'-- Installing: /home/savannah/EECE5554/LAB4/install/gps_message/share/gps_message/package.dsv\n'}
[5.545060] (gps_message) StdoutLine: {'line': b'-- Installing: /home/savannah/EECE5554/LAB4/install/gps_message/share/ament_index/resource_index/packages/gps_message\n'}
[5.545095] (gps_message) StdoutLine: {'line': b'-- Installing: /home/savannah/EECE5554/LAB4/install/gps_message/share/gps_message/cmake/export_gps_message__rosidl_generator_cExport.cmake\n'}
[5.545130] (gps_message) StdoutLine: {'line': b'-- Installing: /home/savannah/EECE5554/LAB4/install/gps_message/share/gps_message/cmake/export_gps_message__rosidl_generator_cExport-noconfig.cmake\n'}
[5.545169] (gps_message) StdoutLine: {'line': b'-- Installing: /home/savannah/EECE5554/LAB4/install/gps_message/share/gps_message/cmake/export_gps_message__rosidl_typesupport_fastrtps_cExport.cmake\n'}
[5.545203] (gps_message) StdoutLine: {'line': b'-- Installing: /home/savannah/EECE5554/LAB4/install/gps_message/share/gps_message/cmake/export_gps_message__rosidl_typesupport_fastrtps_cExport-noconfig.cmake\n'}
[5.545238] (gps_message) StdoutLine: {'line': b'-- Installing: /home/savannah/EECE5554/LAB4/install/gps_message/share/gps_message/cmake/gps_message__rosidl_typesupport_introspection_cExport.cmake\n'}
[5.545271] (gps_message) StdoutLine: {'line': b'-- Installing: /home/savannah/EECE5554/LAB4/install/gps_message/share/gps_message/cmake/gps_message__rosidl_typesupport_introspection_cExport-noconfig.cmake\n'}
[5.545303] (gps_message) StdoutLine: {'line': b'-- Installing: /home/savannah/EECE5554/LAB4/install/gps_message/share/gps_message/cmake/gps_message__rosidl_typesupport_cExport.cmake\n'}
[5.545336] (gps_message) StdoutLine: {'line': b'-- Installing: /home/savannah/EECE5554/LAB4/install/gps_message/share/gps_message/cmake/gps_message__rosidl_typesupport_cExport-noconfig.cmake\n'}
[5.545370] (gps_message) StdoutLine: {'line': b'-- Installing: /home/savannah/EECE5554/LAB4/install/gps_message/share/gps_message/cmake/export_gps_message__rosidl_generator_cppExport.cmake\n'}
[5.545403] (gps_message) StdoutLine: {'line': b'-- Installing: /home/savannah/EECE5554/LAB4/install/gps_message/share/gps_message/cmake/export_gps_message__rosidl_typesupport_fastrtps_cppExport.cmake\n'}
[5.545436] (gps_message) StdoutLine: {'line': b'-- Installing: /home/savannah/EECE5554/LAB4/install/gps_message/share/gps_message/cmake/export_gps_message__rosidl_typesupport_fastrtps_cppExport-noconfig.cmake\n'}
[5.545687] (gps_message) StdoutLine: {'line': b'-- Installing: /home/savannah/EECE5554/LAB4/install/gps_message/share/gps_message/cmake/gps_message__rosidl_typesupport_introspection_cppExport.cmake\n'}
[5.545763] (gps_message) StdoutLine: {'line': b'-- Installing: /home/savannah/EECE5554/LAB4/install/gps_message/share/gps_message/cmake/gps_message__rosidl_typesupport_introspection_cppExport-noconfig.cmake\n'}
[5.545800] (gps_message) StdoutLine: {'line': b'-- Installing: /home/savannah/EECE5554/LAB4/install/gps_message/share/gps_message/cmake/gps_message__rosidl_typesupport_cppExport.cmake\n'}
[5.545884] (gps_message) StdoutLine: {'line': b'-- Installing: /home/savannah/EECE5554/LAB4/install/gps_message/share/gps_message/cmake/gps_message__rosidl_typesupport_cppExport-noconfig.cmake\n'}
[5.545951] (gps_message) StdoutLine: {'line': b'-- Installing: /home/savannah/EECE5554/LAB4/install/gps_message/share/gps_message/cmake/export_gps_message__rosidl_generator_pyExport.cmake\n'}
[5.545999] (gps_message) StdoutLine: {'line': b'-- Installing: /home/savannah/EECE5554/LAB4/install/gps_message/share/gps_message/cmake/export_gps_message__rosidl_generator_pyExport-noconfig.cmake\n'}
[5.546041] (gps_message) StdoutLine: {'line': b'-- Installing: /home/savannah/EECE5554/LAB4/install/gps_message/share/gps_message/cmake/rosidl_cmake-extras.cmake\n'}
[5.546082] (gps_message) StdoutLine: {'line': b'-- Installing: /home/savannah/EECE5554/LAB4/install/gps_message/share/gps_message/cmake/ament_cmake_export_dependencies-extras.cmake\n'}
[5.546124] (gps_message) StdoutLine: {'line': b'-- Installing: /home/savannah/EECE5554/LAB4/install/gps_message/share/gps_message/cmake/ament_cmake_export_include_directories-extras.cmake\n'}
[5.546193] (gps_message) StdoutLine: {'line': b'-- Installing: /home/savannah/EECE5554/LAB4/install/gps_message/share/gps_message/cmake/ament_cmake_export_libraries-extras.cmake\n'}
[5.546228] (gps_message) StdoutLine: {'line': b'-- Installing: /home/savannah/EECE5554/LAB4/install/gps_message/share/gps_message/cmake/ament_cmake_export_targets-extras.cmake\n'}
[5.546262] (gps_message) StdoutLine: {'line': b'-- Installing: /home/savannah/EECE5554/LAB4/install/gps_message/share/gps_message/cmake/rosidl_cmake_export_typesupport_targets-extras.cmake\n'}
[5.546295] (gps_message) StdoutLine: {'line': b'-- Installing: /home/savannah/EECE5554/LAB4/install/gps_message/share/gps_message/cmake/rosidl_cmake_export_typesupport_libraries-extras.cmake\n'}
[5.546332] (gps_message) StdoutLine: {'line': b'-- Installing: /home/savannah/EECE5554/LAB4/install/gps_message/share/gps_message/cmake/gps_messageConfig.cmake\n'}
[5.546553] (gps_message) StdoutLine: {'line': b'-- Installing: /home/savannah/EECE5554/LAB4/install/gps_message/share/gps_message/cmake/gps_messageConfig-version.cmake\n'}
[5.546662] (gps_message) StdoutLine: {'line': b'-- Installing: /home/savannah/EECE5554/LAB4/install/gps_message/share/gps_message/package.xml\n'}
[5.552709] (gps_message) CommandEnded: {'returncode': 0}
[5.568017] (gps_message) JobEnded: {'identifier': 'gps_message', 'rc': 0}
[5.568557] (gps_driver) JobStarted: {'identifier': 'gps_driver'}
[5.570229] (-) TimerEvent: {}
[5.578750] (imu_msg) StdoutLine: {'line': b'[ 80%] Built target imu_msg__rosidl_generator_py\n'}
[5.599443] (imu_msg) StdoutLine: {'line': b'[ 83%] \x1b[32mBuilding C object CMakeFiles/imu_msg__rosidl_typesupport_introspection_c__pyext.dir/rosidl_generator_py/imu_msg/_imu_msg_s.ep.rosidl_typesupport_introspection_c.c.o\x1b[0m\n'}
[5.600658] (imu_msg) StdoutLine: {'line': b'[ 87%] \x1b[32mBuilding C object CMakeFiles/imu_msg__rosidl_typesupport_c__pyext.dir/rosidl_generator_py/imu_msg/_imu_msg_s.ep.rosidl_typesupport_c.c.o\x1b[0m\n'}
[5.600820] (imu_msg) StdoutLine: {'line': b'[ 90%] \x1b[32mBuilding C object CMakeFiles/imu_msg__rosidl_typesupport_fastrtps_c__pyext.dir/rosidl_generator_py/imu_msg/_imu_msg_s.ep.rosidl_typesupport_fastrtps_c.c.o\x1b[0m\n'}
[5.671586] (-) TimerEvent: {}
[5.688722] (imu_msg) StdoutLine: {'line': b'[ 93%] \x1b[32m\x1b[1mLinking C shared library rosidl_generator_py/imu_msg/imu_msg_s__rosidl_typesupport_c.cpython-310-x86_64-linux-gnu.so\x1b[0m\n'}
[5.689472] (imu_msg) StdoutLine: {'line': b'[ 96%] \x1b[32m\x1b[1mLinking C shared library rosidl_generator_py/imu_msg/imu_msg_s__rosidl_typesupport_introspection_c.cpython-310-x86_64-linux-gnu.so\x1b[0m\n'}
[5.702335] (imu_msg) StdoutLine: {'line': b'[100%] \x1b[32m\x1b[1mLinking C shared library rosidl_generator_py/imu_msg/imu_msg_s__rosidl_typesupport_fastrtps_c.cpython-310-x86_64-linux-gnu.so\x1b[0m\n'}
[5.728100] (imu_msg) StdoutLine: {'line': b'[100%] Built target imu_msg__rosidl_typesupport_c__pyext\n'}
[5.730535] (imu_msg) StdoutLine: {'line': b'[100%] Built target imu_msg__rosidl_typesupport_introspection_c__pyext\n'}
[5.748228] (imu_msg) StdoutLine: {'line': b'[100%] Built target imu_msg__rosidl_typesupport_fastrtps_c__pyext\n'}
[5.772101] (-) TimerEvent: {}
[5.827864] (imu_msg) CommandEnded: {'returncode': 0}
[5.829931] (imu_msg) JobProgress: {'identifier': 'imu_msg', 'progress': 'install'}
[5.830060] (imu_msg) Command: {'cmd': ['/usr/bin/cmake', '--install', '/home/savannah/EECE5554/LAB4/build/imu_msg'], 'cwd': '/home/savannah/EECE5554/LAB4/build/imu_msg', 'env': OrderedDict([('LESSOPEN', '| /usr/bin/lesspipe %s'), ('USER', 'savannah'), ('XDG_SESSION_TYPE', 'wayland'), ('SHLVL', '2'), ('LD_LIBRARY_PATH', '/home/savannah/EECE5554/LAB4/install/imu_msg/lib:/home/savannah/EECE5554/LAB4/install/gps_message/lib:/opt/ros/humble/opt/rviz_ogre_vendor/lib:/opt/ros/humble/lib/x86_64-linux-gnu:/opt/ros/humble/lib'), ('HOME', '/home/savannah'), ('OLDPWD', '/home/savannah/EECE5554/LAB4/src'), ('DESKTOP_SESSION', 'ubuntu'), ('ROS_PYTHON_VERSION', '3'), ('GNOME_SHELL_SESSION_MODE', 'ubuntu'), ('GTK_MODULES', 'gail:atk-bridge'), ('SYSTEMD_EXEC_PID', '1701'), ('DBUS_SESSION_BUS_ADDRESS', 'unix:path=/run/user/1000/bus'), ('COLORTERM', 'truecolor'), ('TERMINATOR_DBUS_NAME', 'net.tenshu.Terminator25ef4b219e3b005583550f2b0f9f990c3'), ('IM_CONFIG_PHASE', '1'), ('WAYLAND_DISPLAY', 'wayland-0'), ('COLCON_PREFIX_PATH', '/home/savannah/EECE5554/LAB4/install'), ('ROS_DISTRO', 'humble'), ('LOGNAME', 'savannah'), ('_', '/usr/bin/colcon'), ('ROS_VERSION', '2'), ('XDG_SESSION_CLASS', 'user'), ('USERNAME', 'savannah'), ('TERM', 'xterm-256color'), ('GNOME_DESKTOP_SESSION_ID', 'this-is-deprecated'), ('ROS_LOCALHOST_ONLY', '0'), ('PATH', '/opt/ros/humble/bin:/home/savannah/.local/bin:/usr/local/sbin:/usr/local/bin:/usr/sbin:/usr/bin:/sbin:/bin:/usr/games:/usr/local/games:/snap/bin:/snap/bin'), ('SESSION_MANAGER', 'local/savannah-VirtualBox:@/tmp/.ICE-unix/1661,unix/savannah-VirtualBox:/tmp/.ICE-unix/1661'), ('XDG_MENU_PREFIX', 'gnome-'), ('GNOME_TERMINAL_SCREEN', '/org/gnome/Terminal/screen/115b0915_29a3_46f0_93e7_838b2bbe1923'), ('GNOME_SETUP_DISPLAY', ':1'), ('XDG_RUNTIME_DIR', '/run/user/1000'), ('DISPLAY', ':0'), ('TERMINATOR_DBUS_PATH', '/net/tenshu/Terminator2'), ('LANG', 'en_US.UTF-8'), ('XDG_CURRENT_DESKTOP', 'ubuntu:GNOME'), ('IBUS_DISABLE_SNOOPER', '1'), ('XMODIFIERS', '@im=ibus'), ('XDG_SESSION_DESKTOP', 'ubuntu'), ('XAUTHORITY', '/run/user/1000/.mutter-Xwaylandauth.FJW132'), ('LS_COLORS', 'rs=0:di=01;34:ln=01;36:mh=00:pi=40;33:so=01;35:do=01;35:bd=40;33;01:cd=40;33;01:or=40;31;01:mi=00:su=37;41:sg=30;43:ca=30;41:tw=30;42:ow=34;42:st=37;44:ex=01;32:*.tar=01;31:*.tgz=01;31:*.arc=01;31:*.arj=01;31:*.taz=01;31:*.lha=01;31:*.lz4=01;31:*.lzh=01;31:*.lzma=01;31:*.tlz=01;31:*.txz=01;31:*.tzo=01;31:*.t7z=01;31:*.zip=01;31:*.z=01;31:*.dz=01;31:*.gz=01;31:*.lrz=01;31:*.lz=01;31:*.lzo=01;31:*.xz=01;31:*.zst=01;31:*.tzst=01;31:*.bz2=01;31:*.bz=01;31:*.tbz=01;31:*.tbz2=01;31:*.tz=01;31:*.deb=01;31:*.rpm=01;31:*.jar=01;31:*.war=01;31:*.ear=01;31:*.sar=01;31:*.rar=01;31:*.alz=01;31:*.ace=01;31:*.zoo=01;31:*.cpio=01;31:*.7z=01;31:*.rz=01;31:*.cab=01;31:*.wim=01;31:*.swm=01;31:*.dwm=01;31:*.esd=01;31:*.jpg=01;35:*.jpeg=01;35:*.mjpg=01;35:*.mjpeg=01;35:*.gif=01;35:*.bmp=01;35:*.pbm=01;35:*.pgm=01;35:*.ppm=01;35:*.tga=01;35:*.xbm=01;35:*.xpm=01;35:*.tif=01;35:*.tiff=01;35:*.png=01;35:*.svg=01;35:*.svgz=01;35:*.mng=01;35:*.pcx=01;35:*.mov=01;35:*.mpg=01;35:*.mpeg=01;35:*.m2v=01;35:*.mkv=01;35:*.webm=01;35:*.webp=01;35:*.ogm=01;35:*.mp4=01;35:*.m4v=01;35:*.mp4v=01;35:*.vob=01;35:*.qt=01;35:*.nuv=01;35:*.wmv=01;35:*.asf=01;35:*.rm=01;35:*.rmvb=01;35:*.flc=01;35:*.avi=01;35:*.fli=01;35:*.flv=01;35:*.gl=01;35:*.dl=01;35:*.xcf=01;35:*.xwd=01;35:*.yuv=01;35:*.cgm=01;35:*.emf=01;35:*.ogv=01;35:*.ogx=01;35:*.aac=00;36:*.au=00;36:*.flac=00;36:*.m4a=00;36:*.mid=00;36:*.midi=00;36:*.mka=00;36:*.mp3=00;36:*.mpc=00;36:*.ogg=00;36:*.ra=00;36:*.wav=00;36:*.oga=00;36:*.opus=00;36:*.spx=00;36:*.xspf=00;36:'), ('GNOME_TERMINAL_SERVICE', ':1.104'), ('SSH_AGENT_LAUNCHER', 'gnome-keyring'), ('SSH_AUTH_SOCK', '/run/user/1000/keyring/ssh'), ('AMENT_PREFIX_PATH', '/home/savannah/EECE5554/LAB4/install/fusion_driver:/home/savannah/EECE5554/LAB4/install/imu_driver:/home/savannah/EECE5554/LAB4/install/imu_msg:/home/savannah/EECE5554/LAB4/install/gps_driver:/home/savannah/EECE5554/LAB4/install/gps_message:/opt/ros/humble'), ('SHELL', '/bin/bash'), ('TERMINATOR_UUID', 'urn:uuid:f90c821d-3786-4772-96da-b6768894ea90'), ('QT_ACCESSIBILITY', '1'), ('GDMSESSION', 'ubuntu'), ('LESSCLOSE', '/usr/bin/lesspipe %s %s'), ('QT_IM_MODULE', 'ibus'), ('PWD', '/home/savannah/EECE5554/LAB4/build/imu_msg'), ('LC_ALL', 'en_US.UTF-8'), ('XDG_CONFIG_DIRS', '/etc/xdg/xdg-ubuntu:/etc/xdg'), ('XDG_DATA_DIRS', '/usr/share/ubuntu:/usr/local/share/:/usr/share/:/var/lib/snapd/desktop'), ('PYTHONPATH', '/home/savannah/EECE5554/LAB4/install/fusion_driver/lib/python3.10/site-packages:/home/savannah/EECE5554/LAB4/install/imu_driver/lib/python3.10/site-packages:/home/savannah/EECE5554/LAB4/install/imu_msg/local/lib/python3.10/dist-packages:/home/savannah/EECE5554/LAB4/install/gps_driver/lib/python3.10/site-packages:/home/savannah/EECE5554/LAB4/install/gps_message/local/lib/python3.10/dist-packages:/opt/ros/humble/lib/python3.10/site-packages:/opt/ros/humble/local/lib/python3.10/dist-packages'), ('COLCON', '1'), ('VTE_VERSION', '6800'), ('CMAKE_PREFIX_PATH', '/home/savannah/EECE5554/LAB4/install/imu_msg:/home/savannah/EECE5554/LAB4/install/gps_message:/home/savannah/EECE5554/LAB4/install/fusion_driver:/home/savannah/EECE5554/LAB4/install/imu_driver:/home/savannah/EECE5554/LAB4/install/gps_driver:/opt/ros/humble')]), 'shell': False}
[5.837293] (imu_msg) StdoutLine: {'line': b'-- Install configuration: ""\n'}
[5.837523] (imu_msg) StdoutLine: {'line': b'-- Installing: /home/savannah/EECE5554/LAB4/install/imu_msg/share/ament_index/resource_index/rosidl_interfaces/imu_msg\n'}
[5.837581] (imu_msg) StdoutLine: {'line': b'-- Installing: /home/savannah/EECE5554/LAB4/install/imu_msg/include/imu_msg/imu_msg\n'}
[5.837693] (imu_msg) StdoutLine: {'line': b'-- Installing: /home/savannah/EECE5554/LAB4/install/imu_msg/include/imu_msg/imu_msg/msg\n'}
[5.837759] (imu_msg) StdoutLine: {'line': b'-- Installing: /home/savannah/EECE5554/LAB4/install/imu_msg/include/imu_msg/imu_msg/msg/imu_msg.h\n'}
[5.837831] (imu_msg) StdoutLine: {'line': b'-- Installing: /home/savannah/EECE5554/LAB4/install/imu_msg/include/imu_msg/imu_msg/msg/detail\n'}
[5.837899] (imu_msg) StdoutLine: {'line': b'-- Installing: /home/savannah/EECE5554/LAB4/install/imu_msg/include/imu_msg/imu_msg/msg/detail/imu_msg__functions.c\n'}
[5.837967] (imu_msg) StdoutLine: {'line': b'-- Installing: /home/savannah/EECE5554/LAB4/install/imu_msg/include/imu_msg/imu_msg/msg/detail/imu_msg__struct.h\n'}
[5.838019] (imu_msg) StdoutLine: {'line': b'-- Installing: /home/savannah/EECE5554/LAB4/install/imu_msg/include/imu_msg/imu_msg/msg/detail/imu_msg__type_support.h\n'}
[5.838073] (imu_msg) StdoutLine: {'line': b'-- Installing: /home/savannah/EECE5554/LAB4/install/imu_msg/include/imu_msg/imu_msg/msg/detail/imu_msg__functions.h\n'}
[5.838111] (imu_msg) StdoutLine: {'line': b'-- Installing: /home/savannah/EECE5554/LAB4/install/imu_msg/include/imu_msg/imu_msg/msg/rosidl_generator_c__visibility_control.h\n'}
[5.838249] (imu_msg) StdoutLine: {'line': b'-- Installing: /home/savannah/EECE5554/LAB4/install/imu_msg/share/imu_msg/environment/library_path.sh\n'}
[5.838341] (imu_msg) StdoutLine: {'line': b'-- Installing: /home/savannah/EECE5554/LAB4/install/imu_msg/share/imu_msg/environment/library_path.dsv\n'}
[5.838543] (imu_msg) StdoutLine: {'line': b'-- Installing: /home/savannah/EECE5554/LAB4/install/imu_msg/lib/libimu_msg__rosidl_generator_c.so\n'}
[5.838975] (imu_msg) StdoutLine: {'line': b'-- Set runtime path of "/home/savannah/EECE5554/LAB4/install/imu_msg/lib/libimu_msg__rosidl_generator_c.so" to ""\n'}
[5.839064] (imu_msg) StdoutLine: {'line': b'-- Up-to-date: /home/savannah/EECE5554/LAB4/install/imu_msg/include/imu_msg/imu_msg\n'}
[5.839104] (imu_msg) StdoutLine: {'line': b'-- Up-to-date: /home/savannah/EECE5554/LAB4/install/imu_msg/include/imu_msg/imu_msg/msg\n'}
[5.839141] (imu_msg) StdoutLine: {'line': b'-- Up-to-date: /home/savannah/EECE5554/LAB4/install/imu_msg/include/imu_msg/imu_msg/msg/detail\n'}
[5.839642] (imu_msg) StdoutLine: {'line': b'-- Installing: /home/savannah/EECE5554/LAB4/install/imu_msg/include/imu_msg/imu_msg/msg/detail/imu_msg__rosidl_typesupport_fastrtps_c.h\n'}
[5.839829] (imu_msg) StdoutLine: {'line': b'-- Installing: /home/savannah/EECE5554/LAB4/install/imu_msg/include/imu_msg/imu_msg/msg/rosidl_typesupport_fastrtps_c__visibility_control.h\n'}
[5.839904] (imu_msg) StdoutLine: {'line': b'-- Installing: /home/savannah/EECE5554/LAB4/install/imu_msg/lib/libimu_msg__rosidl_typesupport_fastrtps_c.so\n'}
[5.839974] (imu_msg) StdoutLine: {'line': b'-- Set runtime path of "/home/savannah/EECE5554/LAB4/install/imu_msg/lib/libimu_msg__rosidl_typesupport_fastrtps_c.so" to ""\n'}
[5.840062] (imu_msg) StdoutLine: {'line': b'-- Up-to-date: /home/savannah/EECE5554/LAB4/install/imu_msg/include/imu_msg/imu_msg\n'}
[5.840108] (imu_msg) StdoutLine: {'line': b'-- Up-to-date: /home/savannah/EECE5554/LAB4/install/imu_msg/include/imu_msg/imu_msg/msg\n'}
[5.840143] (imu_msg) StdoutLine: {'line': b'-- Installing: /home/savannah/EECE5554/LAB4/install/imu_msg/include/imu_msg/imu_msg/msg/imu_msg.hpp\n'}
[5.840177] (imu_msg) StdoutLine: {'line': b'-- Up-to-date: /home/savannah/EECE5554/LAB4/install/imu_msg/include/imu_msg/imu_msg/msg/detail\n'}
[5.840209] (imu_msg) StdoutLine: {'line': b'-- Installing: /home/savannah/EECE5554/LAB4/install/imu_msg/include/imu_msg/imu_msg/msg/detail/imu_msg__struct.hpp\n'}
[5.840241] (imu_msg) StdoutLine: {'line': b'-- Installing: /home/savannah/EECE5554/LAB4/install/imu_msg/include/imu_msg/imu_msg/msg/detail/imu_msg__traits.hpp\n'}
[5.840273] (imu_msg) StdoutLine: {'line': b'-- Installing: /home/savannah/EECE5554/LAB4/install/imu_msg/include/imu_msg/imu_msg/msg/detail/imu_msg__type_support.hpp\n'}
[5.840306] (imu_msg) StdoutLine: {'line': b'-- Installing: /home/savannah/EECE5554/LAB4/install/imu_msg/include/imu_msg/imu_msg/msg/detail/imu_msg__builder.hpp\n'}
[5.840360] (imu_msg) StdoutLine: {'line': b'-- Installing: /home/savannah/EECE5554/LAB4/install/imu_msg/include/imu_msg/imu_msg/msg/rosidl_generator_cpp__visibility_control.hpp\n'}
[5.840394] (imu_msg) StdoutLine: {'line': b'-- Up-to-date: /home/savannah/EECE5554/LAB4/install/imu_msg/include/imu_msg/imu_msg\n'}
[5.840427] (imu_msg) StdoutLine: {'line': b'-- Up-to-date: /home/savannah/EECE5554/LAB4/install/imu_msg/include/imu_msg/imu_msg/msg\n'}
[5.841022] (imu_msg) StdoutLine: {'line': b'-- Up-to-date: /home/savannah/EECE5554/LAB4/install/imu_msg/include/imu_msg/imu_msg/msg/detail\n'}
[5.841082] (imu_msg) StdoutLine: {'line': b'-- Installing: /home/savannah/EECE5554/LAB4/install/imu_msg/include/imu_msg/imu_msg/msg/detail/dds_fastrtps\n'}
[5.841117] (imu_msg) StdoutLine: {'line': b'-- Installing: /home/savannah/EECE5554/LAB4/install/imu_msg/include/imu_msg/imu_msg/msg/detail/imu_msg__rosidl_typesupport_fastrtps_cpp.hpp\n'}
[5.841151] (imu_msg) StdoutLine: {'line': b'-- Installing: /home/savannah/EECE5554/LAB4/install/imu_msg/include/imu_msg/imu_msg/msg/rosidl_typesupport_fastrtps_cpp__visibility_control.h\n'}
[5.841184] (imu_msg) StdoutLine: {'line': b'-- Installing: /home/savannah/EECE5554/LAB4/install/imu_msg/lib/libimu_msg__rosidl_typesupport_fastrtps_cpp.so\n'}
[5.841217] (imu_msg) StdoutLine: {'line': b'-- Set runtime path of "/home/savannah/EECE5554/LAB4/install/imu_msg/lib/libimu_msg__rosidl_typesupport_fastrtps_cpp.so" to ""\n'}
[5.842892] (imu_msg) StdoutLine: {'line': b'-- Up-to-date: /home/savannah/EECE5554/LAB4/install/imu_msg/include/imu_msg/imu_msg\n'}
[5.843237] (imu_msg) StdoutLine: {'line': b'-- Up-to-date: /home/savannah/EECE5554/LAB4/install/imu_msg/include/imu_msg/imu_msg/msg\n'}
[5.843279] (imu_msg) StdoutLine: {'line': b'-- Up-to-date: /home/savannah/EECE5554/LAB4/install/imu_msg/include/imu_msg/imu_msg/msg/detail\n'}
[5.843319] (imu_msg) StdoutLine: {'line': b'-- Installing: /home/savannah/EECE5554/LAB4/install/imu_msg/include/imu_msg/imu_msg/msg/detail/imu_msg__rosidl_typesupport_introspection_c.h\n'}
[5.843475] (imu_msg) StdoutLine: {'line': b'-- Installing: /home/savannah/EECE5554/LAB4/install/imu_msg/include/imu_msg/imu_msg/msg/detail/imu_msg__type_support.c\n'}
[5.843535] (imu_msg) StdoutLine: {'line': b'-- Installing: /home/savannah/EECE5554/LAB4/install/imu_msg/include/imu_msg/imu_msg/msg/rosidl_typesupport_introspection_c__visibility_control.h\n'}
[5.843629] (imu_msg) StdoutLine: {'line': b'-- Installing: /home/savannah/EECE5554/LAB4/install/imu_msg/lib/libimu_msg__rosidl_typesupport_introspection_c.so\n'}
[5.843689] (imu_msg) StdoutLine: {'line': b'-- Set runtime path of "/home/savannah/EECE5554/LAB4/install/imu_msg/lib/libimu_msg__rosidl_typesupport_introspection_c.so" to ""\n'}
[5.843733] (imu_msg) StdoutLine: {'line': b'-- Installing: /home/savannah/EECE5554/LAB4/install/imu_msg/lib/libimu_msg__rosidl_typesupport_c.so\n'}
[5.843776] (imu_msg) StdoutLine: {'line': b'-- Set runtime path of "/home/savannah/EECE5554/LAB4/install/imu_msg/lib/libimu_msg__rosidl_typesupport_c.so" to ""\n'}
[5.843826] (imu_msg) StdoutLine: {'line': b'-- Up-to-date: /home/savannah/EECE5554/LAB4/install/imu_msg/include/imu_msg/imu_msg\n'}
[5.843868] (imu_msg) StdoutLine: {'line': b'-- Up-to-date: /home/savannah/EECE5554/LAB4/install/imu_msg/include/imu_msg/imu_msg/msg\n'}
[5.843907] (imu_msg) StdoutLine: {'line': b'-- Up-to-date: /home/savannah/EECE5554/LAB4/install/imu_msg/include/imu_msg/imu_msg/msg/detail\n'}
[5.843966] (imu_msg) StdoutLine: {'line': b'-- Installing: /home/savannah/EECE5554/LAB4/install/imu_msg/include/imu_msg/imu_msg/msg/detail/imu_msg__type_support.cpp\n'}
[5.844023] (imu_msg) StdoutLine: {'line': b'-- Installing: /home/savannah/EECE5554/LAB4/install/imu_msg/include/imu_msg/imu_msg/msg/detail/imu_msg__rosidl_typesupport_introspection_cpp.hpp\n'}
[5.844089] (imu_msg) StdoutLine: {'line': b'-- Installing: /home/savannah/EECE5554/LAB4/install/imu_msg/lib/libimu_msg__rosidl_typesupport_introspection_cpp.so\n'}
[5.844136] (imu_msg) StdoutLine: {'line': b'-- Set runtime path of "/home/savannah/EECE5554/LAB4/install/imu_msg/lib/libimu_msg__rosidl_typesupport_introspection_cpp.so" to ""\n'}
[5.844191] (imu_msg) StdoutLine: {'line': b'-- Installing: /home/savannah/EECE5554/LAB4/install/imu_msg/lib/libimu_msg__rosidl_typesupport_cpp.so\n'}
[5.844243] (imu_msg) StdoutLine: {'line': b'-- Set runtime path of "/home/savannah/EECE5554/LAB4/install/imu_msg/lib/libimu_msg__rosidl_typesupport_cpp.so" to ""\n'}
[5.844351] (imu_msg) StdoutLine: {'line': b'-- Installing: /home/savannah/EECE5554/LAB4/install/imu_msg/share/imu_msg/environment/pythonpath.sh\n'}
[5.844503] (imu_msg) StdoutLine: {'line': b'-- Installing: /home/savannah/EECE5554/LAB4/install/imu_msg/share/imu_msg/environment/pythonpath.dsv\n'}
[5.844746] (imu_msg) StdoutLine: {'line': b'-- Installing: /home/savannah/EECE5554/LAB4/install/imu_msg/local/lib/python3.10/dist-packages/imu_msg-0.0.0-py3.10.egg-info\n'}
[5.844818] (imu_msg) StdoutLine: {'line': b'-- Installing: /home/savannah/EECE5554/LAB4/install/imu_msg/local/lib/python3.10/dist-packages/imu_msg-0.0.0-py3.10.egg-info/top_level.txt\n'}
[5.844856] (imu_msg) StdoutLine: {'line': b'-- Installing: /home/savannah/EECE5554/LAB4/install/imu_msg/local/lib/python3.10/dist-packages/imu_msg-0.0.0-py3.10.egg-info/dependency_links.txt\n'}
[5.844907] (imu_msg) StdoutLine: {'line': b'-- Installing: /home/savannah/EECE5554/LAB4/install/imu_msg/local/lib/python3.10/dist-packages/imu_msg-0.0.0-py3.10.egg-info/SOURCES.txt\n'}
[5.844942] (imu_msg) StdoutLine: {'line': b'-- Installing: /home/savannah/EECE5554/LAB4/install/imu_msg/local/lib/python3.10/dist-packages/imu_msg-0.0.0-py3.10.egg-info/PKG-INFO\n'}
[5.844976] (imu_msg) StdoutLine: {'line': b'-- Installing: /home/savannah/EECE5554/LAB4/install/imu_msg/local/lib/python3.10/dist-packages/imu_msg\n'}
[5.845010] (imu_msg) StdoutLine: {'line': b'-- Installing: /home/savannah/EECE5554/LAB4/install/imu_msg/local/lib/python3.10/dist-packages/imu_msg/_imu_msg_s.ep.rosidl_typesupport_c.c\n'}
[5.845044] (imu_msg) StdoutLine: {'line': b'-- Installing: /home/savannah/EECE5554/LAB4/install/imu_msg/local/lib/python3.10/dist-packages/imu_msg/libimu_msg__rosidl_generator_py.so\n'}
[5.845082] (imu_msg) StdoutLine: {'line': b'-- Installing: /home/savannah/EECE5554/LAB4/install/imu_msg/local/lib/python3.10/dist-packages/imu_msg/_imu_msg_s.ep.rosidl_typesupport_introspection_c.c\n'}
[5.845140] (imu_msg) StdoutLine: {'line': b'-- Installing: /home/savannah/EECE5554/LAB4/install/imu_msg/local/lib/python3.10/dist-packages/imu_msg/_imu_msg_s.ep.rosidl_typesupport_fastrtps_c.c\n'}
[5.845174] (imu_msg) StdoutLine: {'line': b'-- Installing: /home/savannah/EECE5554/LAB4/install/imu_msg/local/lib/python3.10/dist-packages/imu_msg/imu_msg_s__rosidl_typesupport_fastrtps_c.cpython-310-x86_64-linux-gnu.so\n'}
[5.845209] (imu_msg) StdoutLine: {'line': b'-- Installing: /home/savannah/EECE5554/LAB4/install/imu_msg/local/lib/python3.10/dist-packages/imu_msg/imu_msg_s__rosidl_typesupport_c.cpython-310-x86_64-linux-gnu.so\n'}
[5.845247] (imu_msg) StdoutLine: {'line': b'-- Installing: /home/savannah/EECE5554/LAB4/install/imu_msg/local/lib/python3.10/dist-packages/imu_msg/imu_msg_s__rosidl_typesupport_introspection_c.cpython-310-x86_64-linux-gnu.so\n'}
[5.845281] (imu_msg) StdoutLine: {'line': b'-- Installing: /home/savannah/EECE5554/LAB4/install/imu_msg/local/lib/python3.10/dist-packages/imu_msg/msg\n'}
[5.845314] (imu_msg) StdoutLine: {'line': b'-- Installing: /home/savannah/EECE5554/LAB4/install/imu_msg/local/lib/python3.10/dist-packages/imu_msg/msg/_imu_msg_s.c\n'}
[5.845347] (imu_msg) StdoutLine: {'line': b'-- Installing: /home/savannah/EECE5554/LAB4/install/imu_msg/local/lib/python3.10/dist-packages/imu_msg/msg/_imu_msg.py\n'}
[5.845380] (imu_msg) StdoutLine: {'line': b'-- Installing: /home/savannah/EECE5554/LAB4/install/imu_msg/local/lib/python3.10/dist-packages/imu_msg/msg/__init__.py\n'}
[5.845413] (imu_msg) StdoutLine: {'line': b'-- Installing: /home/savannah/EECE5554/LAB4/install/imu_msg/local/lib/python3.10/dist-packages/imu_msg/__init__.py\n'}
[5.872453] (-) TimerEvent: {}
[5.876198] (imu_msg) StdoutLine: {'line': b"Listing '/home/savannah/EECE5554/LAB4/install/imu_msg/local/lib/python3.10/dist-packages/imu_msg'...\n"}
[5.876468] (imu_msg) StdoutLine: {'line': b"Compiling '/home/savannah/EECE5554/LAB4/install/imu_msg/local/lib/python3.10/dist-packages/imu_msg/__init__.py'...\n"}
[5.876549] (imu_msg) StdoutLine: {'line': b"Listing '/home/savannah/EECE5554/LAB4/install/imu_msg/local/lib/python3.10/dist-packages/imu_msg/msg'...\n"}
[5.876605] (imu_msg) StdoutLine: {'line': b"Compiling '/home/savannah/EECE5554/LAB4/install/imu_msg/local/lib/python3.10/dist-packages/imu_msg/msg/__init__.py'...\n"}
[5.876651] (imu_msg) StdoutLine: {'line': b"Compiling '/home/savannah/EECE5554/LAB4/install/imu_msg/local/lib/python3.10/dist-packages/imu_msg/msg/_imu_msg.py'...\n"}
[5.880570] (imu_msg) StdoutLine: {'line': b'-- Installing: /home/savannah/EECE5554/LAB4/install/imu_msg/local/lib/python3.10/dist-packages/imu_msg/imu_msg_s__rosidl_typesupport_fastrtps_c.cpython-310-x86_64-linux-gnu.so\n'}
[5.880933] (imu_msg) StdoutLine: {'line': b'-- Set runtime path of "/home/savannah/EECE5554/LAB4/install/imu_msg/local/lib/python3.10/dist-packages/imu_msg/imu_msg_s__rosidl_typesupport_fastrtps_c.cpython-310-x86_64-linux-gnu.so" to ""\n'}
[5.881205] (imu_msg) StdoutLine: {'line': b'-- Installing: /home/savannah/EECE5554/LAB4/install/imu_msg/local/lib/python3.10/dist-packages/imu_msg/imu_msg_s__rosidl_typesupport_introspection_c.cpython-310-x86_64-linux-gnu.so\n'}
[5.881505] (imu_msg) StdoutLine: {'line': b'-- Set runtime path of "/home/savannah/EECE5554/LAB4/install/imu_msg/local/lib/python3.10/dist-packages/imu_msg/imu_msg_s__rosidl_typesupport_introspection_c.cpython-310-x86_64-linux-gnu.so" to ""\n'}
[5.881789] (imu_msg) StdoutLine: {'line': b'-- Installing: /home/savannah/EECE5554/LAB4/install/imu_msg/local/lib/python3.10/dist-packages/imu_msg/imu_msg_s__rosidl_typesupport_c.cpython-310-x86_64-linux-gnu.so\n'}
[5.882564] (imu_msg) StdoutLine: {'line': b'-- Set runtime path of "/home/savannah/EECE5554/LAB4/install/imu_msg/local/lib/python3.10/dist-packages/imu_msg/imu_msg_s__rosidl_typesupport_c.cpython-310-x86_64-linux-gnu.so" to ""\n'}
[5.882643] (imu_msg) StdoutLine: {'line': b'-- Installing: /home/savannah/EECE5554/LAB4/install/imu_msg/lib/libimu_msg__rosidl_generator_py.so\n'}
[5.882779] (imu_msg) StdoutLine: {'line': b'-- Set runtime path of "/home/savannah/EECE5554/LAB4/install/imu_msg/lib/libimu_msg__rosidl_generator_py.so" to ""\n'}
[5.883140] (imu_msg) StdoutLine: {'line': b'-- Installing: /home/savannah/EECE5554/LAB4/install/imu_msg/share/imu_msg/msg/ImuMsg.idl\n'}
[5.883212] (imu_msg) StdoutLine: {'line': b'-- Installing: /home/savannah/EECE5554/LAB4/install/imu_msg/share/imu_msg/msg/ImuMsg.msg\n'}
[5.883430] (imu_msg) StdoutLine: {'line': b'-- Installing: /home/savannah/EECE5554/LAB4/install/imu_msg/share/ament_index/resource_index/package_run_dependencies/imu_msg\n'}
[5.883764] (imu_msg) StdoutLine: {'line': b'-- Installing: /home/savannah/EECE5554/LAB4/install/imu_msg/share/ament_index/resource_index/parent_prefix_path/imu_msg\n'}
[5.883907] (imu_msg) StdoutLine: {'line': b'-- Installing: /home/savannah/EECE5554/LAB4/install/imu_msg/share/imu_msg/environment/ament_prefix_path.sh\n'}
[5.884102] (imu_msg) StdoutLine: {'line': b'-- Installing: /home/savannah/EECE5554/LAB4/install/imu_msg/share/imu_msg/environment/ament_prefix_path.dsv\n'}
[5.884219] (imu_msg) StdoutLine: {'line': b'-- Installing: /home/savannah/EECE5554/LAB4/install/imu_msg/share/imu_msg/environment/path.sh\n'}
[5.884442] (imu_msg) StdoutLine: {'line': b'-- Installing: /home/savannah/EECE5554/LAB4/install/imu_msg/share/imu_msg/environment/path.dsv\n'}
[5.884710] (imu_msg) StdoutLine: {'line': b'-- Installing: /home/savannah/EECE5554/LAB4/install/imu_msg/share/imu_msg/local_setup.bash\n'}
[5.884796] (imu_msg) StdoutLine: {'line': b'-- Installing: /home/savannah/EECE5554/LAB4/install/imu_msg/share/imu_msg/local_setup.sh\n'}
[5.884972] (imu_msg) StdoutLine: {'line': b'-- Installing: /home/savannah/EECE5554/LAB4/install/imu_msg/share/imu_msg/local_setup.zsh\n'}
[5.885113] (imu_msg) StdoutLine: {'line': b'-- Installing: /home/savannah/EECE5554/LAB4/install/imu_msg/share/imu_msg/local_setup.dsv\n'}
[5.885300] (imu_msg) StdoutLine: {'line': b'-- Installing: /home/savannah/EECE5554/LAB4/install/imu_msg/share/imu_msg/package.dsv\n'}
[5.885708] (imu_msg) StdoutLine: {'line': b'-- Installing: /home/savannah/EECE5554/LAB4/install/imu_msg/share/ament_index/resource_index/packages/imu_msg\n'}
[5.886293] (imu_msg) StdoutLine: {'line': b'-- Installing: /home/savannah/EECE5554/LAB4/install/imu_msg/share/imu_msg/cmake/export_imu_msg__rosidl_generator_cExport.cmake\n'}
[5.886577] (imu_msg) StdoutLine: {'line': b'-- Installing: /home/savannah/EECE5554/LAB4/install/imu_msg/share/imu_msg/cmake/export_imu_msg__rosidl_generator_cExport-noconfig.cmake\n'}
[5.886630] (imu_msg) StdoutLine: {'line': b'-- Installing: /home/savannah/EECE5554/LAB4/install/imu_msg/share/imu_msg/cmake/export_imu_msg__rosidl_typesupport_fastrtps_cExport.cmake\n'}
[5.886805] (imu_msg) StdoutLine: {'line': b'-- Installing: /home/savannah/EECE5554/LAB4/install/imu_msg/share/imu_msg/cmake/export_imu_msg__rosidl_typesupport_fastrtps_cExport-noconfig.cmake\n'}
[5.887255] (imu_msg) StdoutLine: {'line': b'-- Installing: /home/savannah/EECE5554/LAB4/install/imu_msg/share/imu_msg/cmake/export_imu_msg__rosidl_generator_cppExport.cmake\n'}
[5.887409] (imu_msg) StdoutLine: {'line': b'-- Installing: /home/savannah/EECE5554/LAB4/install/imu_msg/share/imu_msg/cmake/export_imu_msg__rosidl_typesupport_fastrtps_cppExport.cmake\n'}
[5.887632] (imu_msg) StdoutLine: {'line': b'-- Installing: /home/savannah/EECE5554/LAB4/install/imu_msg/share/imu_msg/cmake/export_imu_msg__rosidl_typesupport_fastrtps_cppExport-noconfig.cmake\n'}
[5.887831] (imu_msg) StdoutLine: {'line': b'-- Installing: /home/savannah/EECE5554/LAB4/install/imu_msg/share/imu_msg/cmake/imu_msg__rosidl_typesupport_introspection_cExport.cmake\n'}
[5.887988] (imu_msg) StdoutLine: {'line': b'-- Installing: /home/savannah/EECE5554/LAB4/install/imu_msg/share/imu_msg/cmake/imu_msg__rosidl_typesupport_introspection_cExport-noconfig.cmake\n'}
[5.888144] (imu_msg) StdoutLine: {'line': b'-- Installing: /home/savannah/EECE5554/LAB4/install/imu_msg/share/imu_msg/cmake/imu_msg__rosidl_typesupport_cExport.cmake\n'}
[5.888393] (imu_msg) StdoutLine: {'line': b'-- Installing: /home/savannah/EECE5554/LAB4/install/imu_msg/share/imu_msg/cmake/imu_msg__rosidl_typesupport_cExport-noconfig.cmake\n'}
[5.888637] (imu_msg) StdoutLine: {'line': b'-- Installing: /home/savannah/EECE5554/LAB4/install/imu_msg/share/imu_msg/cmake/imu_msg__rosidl_typesupport_introspection_cppExport.cmake\n'}
[5.888877] (imu_msg) StdoutLine: {'line': b'-- Installing: /home/savannah/EECE5554/LAB4/install/imu_msg/share/imu_msg/cmake/imu_msg__rosidl_typesupport_introspection_cppExport-noconfig.cmake\n'}
[5.889021] (imu_msg) StdoutLine: {'line': b'-- Installing: /home/savannah/EECE5554/LAB4/install/imu_msg/share/imu_msg/cmake/imu_msg__rosidl_typesupport_cppExport.cmake\n'}
[5.889077] (imu_msg) StdoutLine: {'line': b'-- Installing: /home/savannah/EECE5554/LAB4/install/imu_msg/share/imu_msg/cmake/imu_msg__rosidl_typesupport_cppExport-noconfig.cmake\n'}
[5.889284] (imu_msg) StdoutLine: {'line': b'-- Installing: /home/savannah/EECE5554/LAB4/install/imu_msg/share/imu_msg/cmake/export_imu_msg__rosidl_generator_pyExport.cmake\n'}
[5.889441] (imu_msg) StdoutLine: {'line': b'-- Installing: /home/savannah/EECE5554/LAB4/install/imu_msg/share/imu_msg/cmake/export_imu_msg__rosidl_generator_pyExport-noconfig.cmake\n'}
[5.889498] (imu_msg) StdoutLine: {'line': b'-- Installing: /home/savannah/EECE5554/LAB4/install/imu_msg/share/imu_msg/cmake/rosidl_cmake-extras.cmake\n'}
[5.889770] (imu_msg) StdoutLine: {'line': b'-- Installing: /home/savannah/EECE5554/LAB4/install/imu_msg/share/imu_msg/cmake/ament_cmake_export_dependencies-extras.cmake\n'}
[5.889928] (imu_msg) StdoutLine: {'line': b'-- Installing: /home/savannah/EECE5554/LAB4/install/imu_msg/share/imu_msg/cmake/ament_cmake_export_include_directories-extras.cmake\n'}
[5.890055] (imu_msg) StdoutLine: {'line': b'-- Installing: /home/savannah/EECE5554/LAB4/install/imu_msg/share/imu_msg/cmake/ament_cmake_export_libraries-extras.cmake\n'}
[5.890233] (imu_msg) StdoutLine: {'line': b'-- Installing: /home/savannah/EECE5554/LAB4/install/imu_msg/share/imu_msg/cmake/ament_cmake_export_targets-extras.cmake\n'}
[5.890374] (imu_msg) StdoutLine: {'line': b'-- Installing: /home/savannah/EECE5554/LAB4/install/imu_msg/share/imu_msg/cmake/rosidl_cmake_export_typesupport_targets-extras.cmake\n'}
[5.890556] (imu_msg) StdoutLine: {'line': b'-- Installing: /home/savannah/EECE5554/LAB4/install/imu_msg/share/imu_msg/cmake/rosidl_cmake_export_typesupport_libraries-extras.cmake\n'}
[5.890695] (imu_msg) StdoutLine: {'line': b'-- Installing: /home/savannah/EECE5554/LAB4/install/imu_msg/share/imu_msg/cmake/imu_msgConfig.cmake\n'}
[5.890909] (imu_msg) StdoutLine: {'line': b'-- Installing: /home/savannah/EECE5554/LAB4/install/imu_msg/share/imu_msg/cmake/imu_msgConfig-version.cmake\n'}
[5.890981] (imu_msg) StdoutLine: {'line': b'-- Installing: /home/savannah/EECE5554/LAB4/install/imu_msg/share/imu_msg/package.xml\n'}
[5.893838] (imu_msg) CommandEnded: {'returncode': 0}
[5.910986] (imu_msg) JobEnded: {'identifier': 'imu_msg', 'rc': 0}
[5.913368] (imu_driver) JobStarted: {'identifier': 'imu_driver'}
[5.973368] (-) TimerEvent: {}
[6.075628] (-) TimerEvent: {}
[6.176542] (-) TimerEvent: {}
[6.183639] (gps_driver) Command: {'cmd': ['/usr/bin/python3', '-W', 'ignore:setup.py install is deprecated', '-W', 'ignore:easy_install command is deprecated', 'setup.py', 'egg_info', '--egg-base', '../../build/gps_driver', 'build', '--build-base', '/home/savannah/EECE5554/LAB4/build/gps_driver/build', 'install', '--record', '/home/savannah/EECE5554/LAB4/build/gps_driver/install.log', '--single-version-externally-managed', 'install_data'], 'cwd': '/home/savannah/EECE5554/LAB4/src/gps_driver', 'env': {'LESSOPEN': '| /usr/bin/lesspipe %s', 'USER': 'savannah', 'XDG_SESSION_TYPE': 'wayland', 'SHLVL': '2', 'LD_LIBRARY_PATH': '/home/savannah/EECE5554/LAB4/install/gps_message/lib:/home/savannah/EECE5554/LAB4/install/imu_msg/lib:/opt/ros/humble/opt/rviz_ogre_vendor/lib:/opt/ros/humble/lib/x86_64-linux-gnu:/opt/ros/humble/lib', 'HOME': '/home/savannah', 'OLDPWD': '/home/savannah/EECE5554/LAB4/src', 'DESKTOP_SESSION': 'ubuntu', 'ROS_PYTHON_VERSION': '3', 'GNOME_SHELL_SESSION_MODE': 'ubuntu', 'GTK_MODULES': 'gail:atk-bridge', 'SYSTEMD_EXEC_PID': '1701', 'DBUS_SESSION_BUS_ADDRESS': 'unix:path=/run/user/1000/bus', 'COLORTERM': 'truecolor', 'TERMINATOR_DBUS_NAME': 'net.tenshu.Terminator25ef4b219e3b005583550f2b0f9f990c3', 'IM_CONFIG_PHASE': '1', 'WAYLAND_DISPLAY': 'wayland-0', 'COLCON_PREFIX_PATH': '/home/savannah/EECE5554/LAB4/install', 'ROS_DISTRO': 'humble', 'LOGNAME': 'savannah', '_': '/usr/bin/colcon', 'ROS_VERSION': '2', 'XDG_SESSION_CLASS': 'user', 'USERNAME': 'savannah', 'TERM': 'xterm-256color', 'GNOME_DESKTOP_SESSION_ID': 'this-is-deprecated', 'ROS_LOCALHOST_ONLY': '0', 'PATH': '/opt/ros/humble/bin:/home/savannah/.local/bin:/usr/local/sbin:/usr/local/bin:/usr/sbin:/usr/bin:/sbin:/bin:/usr/games:/usr/local/games:/snap/bin:/snap/bin', 'SESSION_MANAGER': 'local/savannah-VirtualBox:@/tmp/.ICE-unix/1661,unix/savannah-VirtualBox:/tmp/.ICE-unix/1661', 'XDG_MENU_PREFIX': 'gnome-', 'GNOME_TERMINAL_SCREEN': '/org/gnome/Terminal/screen/115b0915_29a3_46f0_93e7_838b2bbe1923', 'GNOME_SETUP_DISPLAY': ':1', 'XDG_RUNTIME_DIR': '/run/user/1000', 'DISPLAY': ':0', 'TERMINATOR_DBUS_PATH': '/net/tenshu/Terminator2', 'LANG': 'en_US.UTF-8', 'XDG_CURRENT_DESKTOP': 'ubuntu:GNOME', 'IBUS_DISABLE_SNOOPER': '1', 'XMODIFIERS': '@im=ibus', 'XDG_SESSION_DESKTOP': 'ubuntu', 'XAUTHORITY': '/run/user/1000/.mutter-Xwaylandauth.FJW132', 'LS_COLORS': 'rs=0:di=01;34:ln=01;36:mh=00:pi=40;33:so=01;35:do=01;35:bd=40;33;01:cd=40;33;01:or=40;31;01:mi=00:su=37;41:sg=30;43:ca=30;41:tw=30;42:ow=34;42:st=37;44:ex=01;32:*.tar=01;31:*.tgz=01;31:*.arc=01;31:*.arj=01;31:*.taz=01;31:*.lha=01;31:*.lz4=01;31:*.lzh=01;31:*.lzma=01;31:*.tlz=01;31:*.txz=01;31:*.tzo=01;31:*.t7z=01;31:*.zip=01;31:*.z=01;31:*.dz=01;31:*.gz=01;31:*.lrz=01;31:*.lz=01;31:*.lzo=01;31:*.xz=01;31:*.zst=01;31:*.tzst=01;31:*.bz2=01;31:*.bz=01;31:*.tbz=01;31:*.tbz2=01;31:*.tz=01;31:*.deb=01;31:*.rpm=01;31:*.jar=01;31:*.war=01;31:*.ear=01;31:*.sar=01;31:*.rar=01;31:*.alz=01;31:*.ace=01;31:*.zoo=01;31:*.cpio=01;31:*.7z=01;31:*.rz=01;31:*.cab=01;31:*.wim=01;31:*.swm=01;31:*.dwm=01;31:*.esd=01;31:*.jpg=01;35:*.jpeg=01;35:*.mjpg=01;35:*.mjpeg=01;35:*.gif=01;35:*.bmp=01;35:*.pbm=01;35:*.pgm=01;35:*.ppm=01;35:*.tga=01;35:*.xbm=01;35:*.xpm=01;35:*.tif=01;35:*.tiff=01;35:*.png=01;35:*.svg=01;35:*.svgz=01;35:*.mng=01;35:*.pcx=01;35:*.mov=01;35:*.mpg=01;35:*.mpeg=01;35:*.m2v=01;35:*.mkv=01;35:*.webm=01;35:*.webp=01;35:*.ogm=01;35:*.mp4=01;35:*.m4v=01;35:*.mp4v=01;35:*.vob=01;35:*.qt=01;35:*.nuv=01;35:*.wmv=01;35:*.asf=01;35:*.rm=01;35:*.rmvb=01;35:*.flc=01;35:*.avi=01;35:*.fli=01;35:*.flv=01;35:*.gl=01;35:*.dl=01;35:*.xcf=01;35:*.xwd=01;35:*.yuv=01;35:*.cgm=01;35:*.emf=01;35:*.ogv=01;35:*.ogx=01;35:*.aac=00;36:*.au=00;36:*.flac=00;36:*.m4a=00;36:*.mid=00;36:*.midi=00;36:*.mka=00;36:*.mp3=00;36:*.mpc=00;36:*.ogg=00;36:*.ra=00;36:*.wav=00;36:*.oga=00;36:*.opus=00;36:*.spx=00;36:*.xspf=00;36:', 'GNOME_TERMINAL_SERVICE': ':1.104', 'SSH_AGENT_LAUNCHER': 'gnome-keyring', 'SSH_AUTH_SOCK': '/run/user/1000/keyring/ssh', 'AMENT_PREFIX_PATH': '/home/savannah/EECE5554/LAB4/install/fusion_driver:/home/savannah/EECE5554/LAB4/install/imu_driver:/home/savannah/EECE5554/LAB4/install/imu_msg:/home/savannah/EECE5554/LAB4/install/gps_driver:/home/savannah/EECE5554/LAB4/install/gps_message:/opt/ros/humble', 'SHELL': '/bin/bash', 'TERMINATOR_UUID': 'urn:uuid:f90c821d-3786-4772-96da-b6768894ea90', 'QT_ACCESSIBILITY': '1', 'GDMSESSION': 'ubuntu', 'LESSCLOSE': '/usr/bin/lesspipe %s %s', 'QT_IM_MODULE': 'ibus', 'PWD': '/home/savannah/EECE5554/LAB4/build/gps_driver', 'LC_ALL': 'en_US.UTF-8', 'XDG_CONFIG_DIRS': '/etc/xdg/xdg-ubuntu:/etc/xdg', 'XDG_DATA_DIRS': '/usr/share/ubuntu:/usr/local/share/:/usr/share/:/var/lib/snapd/desktop', 'PYTHONPATH': '/home/savannah/EECE5554/LAB4/build/gps_driver/prefix_override:/usr/lib/python3/dist-packages/colcon_core/task/python/colcon_distutils_commands:/home/savannah/EECE5554/LAB4/install/gps_driver/lib/python3.10/site-packages:/home/savannah/EECE5554/LAB4/install/fusion_driver/lib/python3.10/site-packages:/home/savannah/EECE5554/LAB4/install/imu_driver/lib/python3.10/site-packages:/home/savannah/EECE5554/LAB4/install/imu_msg/local/lib/python3.10/dist-packages:/home/savannah/EECE5554/LAB4/install/gps_driver/lib/python3.10/site-packages:/home/savannah/EECE5554/LAB4/install/gps_message/local/lib/python3.10/dist-packages:/opt/ros/humble/lib/python3.10/site-packages:/opt/ros/humble/local/lib/python3.10/dist-packages', 'COLCON': '1', 'VTE_VERSION': '6800', 'CMAKE_PREFIX_PATH': '/home/savannah/EECE5554/LAB4/install/gps_message:/home/savannah/EECE5554/LAB4/install/imu_msg'}, 'shell': False}
[6.276789] (-) TimerEvent: {}
[6.378561] (-) TimerEvent: {}
[6.408376] (gps_driver) StdoutLine: {'line': b'running egg_info\n'}
[6.409074] (gps_driver) StdoutLine: {'line': b'creating ../../build/gps_driver/gps_driver.egg-info\n'}
[6.409529] (gps_driver) StdoutLine: {'line': b'writing ../../build/gps_driver/gps_driver.egg-info/PKG-INFO\n'}
[6.409750] (gps_driver) StdoutLine: {'line': b'writing dependency_links to ../../build/gps_driver/gps_driver.egg-info/dependency_links.txt\n'}
[6.410120] (gps_driver) StdoutLine: {'line': b'writing entry points to ../../build/gps_driver/gps_driver.egg-info/entry_points.txt\n'}
[6.410180] (gps_driver) StdoutLine: {'line': b'writing requirements to ../../build/gps_driver/gps_driver.egg-info/requires.txt\n'}
[6.410605] (gps_driver) StdoutLine: {'line': b'writing top-level names to ../../build/gps_driver/gps_driver.egg-info/top_level.txt\n'}
[6.412157] (gps_driver) StdoutLine: {'line': b"writing manifest file '../../build/gps_driver/gps_driver.egg-info/SOURCES.txt'\n"}
[6.412262] (gps_driver) StdoutLine: {'line': b"reading manifest file '../../build/gps_driver/gps_driver.egg-info/SOURCES.txt'\n"}
[6.412320] (gps_driver) StdoutLine: {'line': b"adding license file 'LICENSE'\n"}
[6.412356] (gps_driver) StdoutLine: {'line': b"writing manifest file '../../build/gps_driver/gps_driver.egg-info/SOURCES.txt'\n"}
[6.412519] (gps_driver) StdoutLine: {'line': b'running build\n'}
[6.412600] (gps_driver) StdoutLine: {'line': b'running build_py\n'}
[6.412716] (gps_driver) StdoutLine: {'line': b'creating /home/savannah/EECE5554/LAB4/build/gps_driver/build\n'}
[6.412833] (gps_driver) StdoutLine: {'line': b'creating /home/savannah/EECE5554/LAB4/build/gps_driver/build/lib\n'}
[6.413831] (gps_driver) StdoutLine: {'line': b'creating /home/savannah/EECE5554/LAB4/build/gps_driver/build/lib/gps_driver\n'}
[6.413956] (gps_driver) StdoutLine: {'line': b'copying gps_driver/gps_driver.py -> /home/savannah/EECE5554/LAB4/build/gps_driver/build/lib/gps_driver\n'}
[6.414019] (gps_driver) StdoutLine: {'line': b'copying gps_driver/__init__.py -> /home/savannah/EECE5554/LAB4/build/gps_driver/build/lib/gps_driver\n'}
[6.414076] (gps_driver) StdoutLine: {'line': b'running install\n'}
[6.414170] (gps_driver) StdoutLine: {'line': b'running install_lib\n'}
[6.414578] (gps_driver) StdoutLine: {'line': b'creating /home/savannah/EECE5554/LAB4/install/gps_driver/lib/python3.10/site-packages/gps_driver\n'}
[6.414663] (gps_driver) StdoutLine: {'line': b'copying /home/savannah/EECE5554/LAB4/build/gps_driver/build/lib/gps_driver/gps_driver.py -> /home/savannah/EECE5554/LAB4/install/gps_driver/lib/python3.10/site-packages/gps_driver\n'}
[6.414710] (gps_driver) StdoutLine: {'line': b'copying /home/savannah/EECE5554/LAB4/build/gps_driver/build/lib/gps_driver/__init__.py -> /home/savannah/EECE5554/LAB4/install/gps_driver/lib/python3.10/site-packages/gps_driver\n'}
[6.415124] (gps_driver) StdoutLine: {'line': b'byte-compiling /home/savannah/EECE5554/LAB4/install/gps_driver/lib/python3.10/site-packages/gps_driver/gps_driver.py to gps_driver.cpython-310.pyc\n'}
[6.416834] (gps_driver) StdoutLine: {'line': b'byte-compiling /home/savannah/EECE5554/LAB4/install/gps_driver/lib/python3.10/site-packages/gps_driver/__init__.py to __init__.cpython-310.pyc\n'}
[6.416999] (gps_driver) StdoutLine: {'line': b'running install_data\n'}
[6.417600] (gps_driver) StdoutLine: {'line': b'creating /home/savannah/EECE5554/LAB4/install/gps_driver/share/ament_index\n'}
[6.417764] (gps_driver) StdoutLine: {'line': b'creating /home/savannah/EECE5554/LAB4/install/gps_driver/share/ament_index/resource_index\n'}
[6.417853] (gps_driver) StdoutLine: {'line': b'creating /home/savannah/EECE5554/LAB4/install/gps_driver/share/ament_index/resource_index/packages\n'}
[6.417916] (gps_driver) StdoutLine: {'line': b'copying resource/gps_driver -> /home/savannah/EECE5554/LAB4/install/gps_driver/share/ament_index/resource_index/packages\n'}
[6.417981] (gps_driver) StdoutLine: {'line': b'copying package.xml -> /home/savannah/EECE5554/LAB4/install/gps_driver/share/gps_driver\n'}
[6.418042] (gps_driver) StdoutLine: {'line': b'creating /home/savannah/EECE5554/LAB4/install/gps_driver/share/gps_driver/launch\n'}
[6.418104] (gps_driver) StdoutLine: {'line': b'copying launch/driver.launch.py -> /home/savannah/EECE5554/LAB4/install/gps_driver/share/gps_driver/launch\n'}
[6.418166] (gps_driver) StdoutLine: {'line': b'running install_egg_info\n'}
[6.420101] (gps_driver) StdoutLine: {'line': b'Copying ../../build/gps_driver/gps_driver.egg-info to /home/savannah/EECE5554/LAB4/install/gps_driver/lib/python3.10/site-packages/gps_driver-0.0.0-py3.10.egg-info\n'}
[6.420251] (gps_driver) StdoutLine: {'line': b'running install_scripts\n'}
[6.438851] (gps_driver) StdoutLine: {'line': b'Installing driver script to /home/savannah/EECE5554/LAB4/install/gps_driver/lib/gps_driver\n'}
[6.440221] (gps_driver) StdoutLine: {'line': b"writing list of installed files to '/home/savannah/EECE5554/LAB4/build/gps_driver/install.log'\n"}
[6.468588] (gps_driver) CommandEnded: {'returncode': 0}
[6.478604] (gps_driver) JobEnded: {'identifier': 'gps_driver', 'rc': 0}
[6.479141] (-) TimerEvent: {}
[6.541534] (imu_driver) Command: {'cmd': ['/usr/bin/python3', '-W', 'ignore:setup.py install is deprecated', '-W', 'ignore:easy_install command is deprecated', 'setup.py', 'egg_info', '--egg-base', '../../build/imu_driver', 'build', '--build-base', '/home/savannah/EECE5554/LAB4/build/imu_driver/build', 'install', '--record', '/home/savannah/EECE5554/LAB4/build/imu_driver/install.log', '--single-version-externally-managed', 'install_data'], 'cwd': '/home/savannah/EECE5554/LAB4/src/imu_driver', 'env': {'LESSOPEN': '| /usr/bin/lesspipe %s', 'USER': 'savannah', 'XDG_SESSION_TYPE': 'wayland', 'SHLVL': '2', 'LD_LIBRARY_PATH': '/home/savannah/EECE5554/LAB4/install/imu_msg/lib:/home/savannah/EECE5554/LAB4/install/gps_message/lib:/opt/ros/humble/opt/rviz_ogre_vendor/lib:/opt/ros/humble/lib/x86_64-linux-gnu:/opt/ros/humble/lib', 'HOME': '/home/savannah', 'OLDPWD': '/home/savannah/EECE5554/LAB4/src', 'DESKTOP_SESSION': 'ubuntu', 'ROS_PYTHON_VERSION': '3', 'GNOME_SHELL_SESSION_MODE': 'ubuntu', 'GTK_MODULES': 'gail:atk-bridge', 'SYSTEMD_EXEC_PID': '1701', 'DBUS_SESSION_BUS_ADDRESS': 'unix:path=/run/user/1000/bus', 'COLORTERM': 'truecolor', 'TERMINATOR_DBUS_NAME': 'net.tenshu.Terminator25ef4b219e3b005583550f2b0f9f990c3', 'IM_CONFIG_PHASE': '1', 'WAYLAND_DISPLAY': 'wayland-0', 'COLCON_PREFIX_PATH': '/home/savannah/EECE5554/LAB4/install', 'ROS_DISTRO': 'humble', 'LOGNAME': 'savannah', '_': '/usr/bin/colcon', 'ROS_VERSION': '2', 'XDG_SESSION_CLASS': 'user', 'USERNAME': 'savannah', 'TERM': 'xterm-256color', 'GNOME_DESKTOP_SESSION_ID': 'this-is-deprecated', 'ROS_LOCALHOST_ONLY': '0', 'PATH': '/opt/ros/humble/bin:/home/savannah/.local/bin:/usr/local/sbin:/usr/local/bin:/usr/sbin:/usr/bin:/sbin:/bin:/usr/games:/usr/local/games:/snap/bin:/snap/bin', 'SESSION_MANAGER': 'local/savannah-VirtualBox:@/tmp/.ICE-unix/1661,unix/savannah-VirtualBox:/tmp/.ICE-unix/1661', 'XDG_MENU_PREFIX': 'gnome-', 'GNOME_TERMINAL_SCREEN': '/org/gnome/Terminal/screen/115b0915_29a3_46f0_93e7_838b2bbe1923', 'GNOME_SETUP_DISPLAY': ':1', 'XDG_RUNTIME_DIR': '/run/user/1000', 'DISPLAY': ':0', 'TERMINATOR_DBUS_PATH': '/net/tenshu/Terminator2', 'LANG': 'en_US.UTF-8', 'XDG_CURRENT_DESKTOP': 'ubuntu:GNOME', 'IBUS_DISABLE_SNOOPER': '1', 'XMODIFIERS': '@im=ibus', 'XDG_SESSION_DESKTOP': 'ubuntu', 'XAUTHORITY': '/run/user/1000/.mutter-Xwaylandauth.FJW132', 'LS_COLORS': 'rs=0:di=01;34:ln=01;36:mh=00:pi=40;33:so=01;35:do=01;35:bd=40;33;01:cd=40;33;01:or=40;31;01:mi=00:su=37;41:sg=30;43:ca=30;41:tw=30;42:ow=34;42:st=37;44:ex=01;32:*.tar=01;31:*.tgz=01;31:*.arc=01;31:*.arj=01;31:*.taz=01;31:*.lha=01;31:*.lz4=01;31:*.lzh=01;31:*.lzma=01;31:*.tlz=01;31:*.txz=01;31:*.tzo=01;31:*.t7z=01;31:*.zip=01;31:*.z=01;31:*.dz=01;31:*.gz=01;31:*.lrz=01;31:*.lz=01;31:*.lzo=01;31:*.xz=01;31:*.zst=01;31:*.tzst=01;31:*.bz2=01;31:*.bz=01;31:*.tbz=01;31:*.tbz2=01;31:*.tz=01;31:*.deb=01;31:*.rpm=01;31:*.jar=01;31:*.war=01;31:*.ear=01;31:*.sar=01;31:*.rar=01;31:*.alz=01;31:*.ace=01;31:*.zoo=01;31:*.cpio=01;31:*.7z=01;31:*.rz=01;31:*.cab=01;31:*.wim=01;31:*.swm=01;31:*.dwm=01;31:*.esd=01;31:*.jpg=01;35:*.jpeg=01;35:*.mjpg=01;35:*.mjpeg=01;35:*.gif=01;35:*.bmp=01;35:*.pbm=01;35:*.pgm=01;35:*.ppm=01;35:*.tga=01;35:*.xbm=01;35:*.xpm=01;35:*.tif=01;35:*.tiff=01;35:*.png=01;35:*.svg=01;35:*.svgz=01;35:*.mng=01;35:*.pcx=01;35:*.mov=01;35:*.mpg=01;35:*.mpeg=01;35:*.m2v=01;35:*.mkv=01;35:*.webm=01;35:*.webp=01;35:*.ogm=01;35:*.mp4=01;35:*.m4v=01;35:*.mp4v=01;35:*.vob=01;35:*.qt=01;35:*.nuv=01;35:*.wmv=01;35:*.asf=01;35:*.rm=01;35:*.rmvb=01;35:*.flc=01;35:*.avi=01;35:*.fli=01;35:*.flv=01;35:*.gl=01;35:*.dl=01;35:*.xcf=01;35:*.xwd=01;35:*.yuv=01;35:*.cgm=01;35:*.emf=01;35:*.ogv=01;35:*.ogx=01;35:*.aac=00;36:*.au=00;36:*.flac=00;36:*.m4a=00;36:*.mid=00;36:*.midi=00;36:*.mka=00;36:*.mp3=00;36:*.mpc=00;36:*.ogg=00;36:*.ra=00;36:*.wav=00;36:*.oga=00;36:*.opus=00;36:*.spx=00;36:*.xspf=00;36:', 'GNOME_TERMINAL_SERVICE': ':1.104', 'SSH_AGENT_LAUNCHER': 'gnome-keyring', 'SSH_AUTH_SOCK': '/run/user/1000/keyring/ssh', 'AMENT_PREFIX_PATH': '/home/savannah/EECE5554/LAB4/install/fusion_driver:/home/savannah/EECE5554/LAB4/install/imu_driver:/home/savannah/EECE5554/LAB4/install/imu_msg:/home/savannah/EECE5554/LAB4/install/gps_driver:/home/savannah/EECE5554/LAB4/install/gps_message:/opt/ros/humble', 'SHELL': '/bin/bash', 'TERMINATOR_UUID': 'urn:uuid:f90c821d-3786-4772-96da-b6768894ea90', 'QT_ACCESSIBILITY': '1', 'GDMSESSION': 'ubuntu', 'LESSCLOSE': '/usr/bin/lesspipe %s %s', 'QT_IM_MODULE': 'ibus', 'PWD': '/home/savannah/EECE5554/LAB4/build/imu_driver', 'LC_ALL': 'en_US.UTF-8', 'XDG_CONFIG_DIRS': '/etc/xdg/xdg-ubuntu:/etc/xdg', 'XDG_DATA_DIRS': '/usr/share/ubuntu:/usr/local/share/:/usr/share/:/var/lib/snapd/desktop', 'PYTHONPATH': '/home/savannah/EECE5554/LAB4/build/imu_driver/prefix_override:/usr/lib/python3/dist-packages/colcon_core/task/python/colcon_distutils_commands:/home/savannah/EECE5554/LAB4/install/imu_driver/lib/python3.10/site-packages:/home/savannah/EECE5554/LAB4/install/fusion_driver/lib/python3.10/site-packages:/home/savannah/EECE5554/LAB4/install/imu_driver/lib/python3.10/site-packages:/home/savannah/EECE5554/LAB4/install/imu_msg/local/lib/python3.10/dist-packages:/home/savannah/EECE5554/LAB4/install/gps_driver/lib/python3.10/site-packages:/home/savannah/EECE5554/LAB4/install/gps_message/local/lib/python3.10/dist-packages:/opt/ros/humble/lib/python3.10/site-packages:/opt/ros/humble/local/lib/python3.10/dist-packages', 'COLCON': '1', 'VTE_VERSION': '6800', 'CMAKE_PREFIX_PATH': '/home/savannah/EECE5554/LAB4/install/imu_msg:/home/savannah/EECE5554/LAB4/install/gps_message'}, 'shell': False}
[6.579397] (-) TimerEvent: {}
[6.679870] (-) TimerEvent: {}
[6.743007] (imu_driver) StdoutLine: {'line': b'running egg_info\n'}
[6.743178] (imu_driver) StdoutLine: {'line': b'creating ../../build/imu_driver/imu_driver.egg-info\n'}
[6.743224] (imu_driver) StdoutLine: {'line': b'writing ../../build/imu_driver/imu_driver.egg-info/PKG-INFO\n'}
[6.743263] (imu_driver) StdoutLine: {'line': b'writing dependency_links to ../../build/imu_driver/imu_driver.egg-info/dependency_links.txt\n'}
[6.745723] (imu_driver) StdoutLine: {'line': b'writing entry points to ../../build/imu_driver/imu_driver.egg-info/entry_points.txt\n'}
[6.745975] (imu_driver) StdoutLine: {'line': b'writing requirements to ../../build/imu_driver/imu_driver.egg-info/requires.txt\n'}
[6.746056] (imu_driver) StdoutLine: {'line': b'writing top-level names to ../../build/imu_driver/imu_driver.egg-info/top_level.txt\n'}
[6.746124] (imu_driver) StdoutLine: {'line': b"writing manifest file '../../build/imu_driver/imu_driver.egg-info/SOURCES.txt'\n"}
[6.746237] (imu_driver) StdoutLine: {'line': b"reading manifest file '../../build/imu_driver/imu_driver.egg-info/SOURCES.txt'\n"}
[6.746343] (imu_driver) StdoutLine: {'line': b"adding license file 'LICENSE'\n"}
[6.746407] (imu_driver) StdoutLine: {'line': b"writing manifest file '../../build/imu_driver/imu_driver.egg-info/SOURCES.txt'\n"}
[6.746462] (imu_driver) StdoutLine: {'line': b'running build\n'}
[6.746560] (imu_driver) StdoutLine: {'line': b'running build_py\n'}
[6.746621] (imu_driver) StdoutLine: {'line': b'creating /home/savannah/EECE5554/LAB4/build/imu_driver/build\n'}
[6.746686] (imu_driver) StdoutLine: {'line': b'creating /home/savannah/EECE5554/LAB4/build/imu_driver/build/lib\n'}
[6.746752] (imu_driver) StdoutLine: {'line': b'creating /home/savannah/EECE5554/LAB4/build/imu_driver/build/lib/imu_driver\n'}
[6.746818] (imu_driver) StdoutLine: {'line': b'copying imu_driver/imu_driver.py -> /home/savannah/EECE5554/LAB4/build/imu_driver/build/lib/imu_driver\n'}
[6.746885] (imu_driver) StdoutLine: {'line': b'copying imu_driver/__init__.py -> /home/savannah/EECE5554/LAB4/build/imu_driver/build/lib/imu_driver\n'}
[6.747006] (imu_driver) StdoutLine: {'line': b'running install\n'}
[6.747064] (imu_driver) StdoutLine: {'line': b'running install_lib\n'}
[6.747532] (imu_driver) StdoutLine: {'line': b'creating /home/savannah/EECE5554/LAB4/install/imu_driver/lib/python3.10/site-packages/imu_driver\n'}
[6.747698] (imu_driver) StdoutLine: {'line': b'copying /home/savannah/EECE5554/LAB4/build/imu_driver/build/lib/imu_driver/imu_driver.py -> /home/savannah/EECE5554/LAB4/install/imu_driver/lib/python3.10/site-packages/imu_driver\n'}
[6.747795] (imu_driver) StdoutLine: {'line': b'copying /home/savannah/EECE5554/LAB4/build/imu_driver/build/lib/imu_driver/__init__.py -> /home/savannah/EECE5554/LAB4/install/imu_driver/lib/python3.10/site-packages/imu_driver\n'}
[6.748279] (imu_driver) StdoutLine: {'line': b'byte-compiling /home/savannah/EECE5554/LAB4/install/imu_driver/lib/python3.10/site-packages/imu_driver/imu_driver.py to imu_driver.cpython-310.pyc\n'}
[6.752331] (imu_driver) StdoutLine: {'line': b'byte-compiling /home/savannah/EECE5554/LAB4/install/imu_driver/lib/python3.10/site-packages/imu_driver/__init__.py to __init__.cpython-310.pyc\n'}
[6.752633] (imu_driver) StdoutLine: {'line': b'running install_data\n'}
[6.752701] (imu_driver) StdoutLine: {'line': b'creating /home/savannah/EECE5554/LAB4/install/imu_driver/share/ament_index\n'}
[6.752753] (imu_driver) StdoutLine: {'line': b'creating /home/savannah/EECE5554/LAB4/install/imu_driver/share/ament_index/resource_index\n'}
[6.752802] (imu_driver) StdoutLine: {'line': b'creating /home/savannah/EECE5554/LAB4/install/imu_driver/share/ament_index/resource_index/packages\n'}
[6.752850] (imu_driver) StdoutLine: {'line': b'copying resource/imu_driver -> /home/savannah/EECE5554/LAB4/install/imu_driver/share/ament_index/resource_index/packages\n'}
[6.752898] (imu_driver) StdoutLine: {'line': b'copying package.xml -> /home/savannah/EECE5554/LAB4/install/imu_driver/share/imu_driver\n'}
[6.752968] (imu_driver) StdoutLine: {'line': b'creating /home/savannah/EECE5554/LAB4/install/imu_driver/share/imu_driver/launch\n'}
[6.753016] (imu_driver) StdoutLine: {'line': b'copying launch/imu_launch.py -> /home/savannah/EECE5554/LAB4/install/imu_driver/share/imu_driver/launch\n'}
[6.753063] (imu_driver) StdoutLine: {'line': b'running install_egg_info\n'}
[6.753109] (imu_driver) StdoutLine: {'line': b'Copying ../../build/imu_driver/imu_driver.egg-info to /home/savannah/EECE5554/LAB4/install/imu_driver/lib/python3.10/site-packages/imu_driver-0.0.0-py3.10.egg-info\n'}
[6.753218] (imu_driver) StdoutLine: {'line': b'running install_scripts\n'}
[6.772949] (imu_driver) StdoutLine: {'line': b'Installing imu_driver script to /home/savannah/EECE5554/LAB4/install/imu_driver/lib/imu_driver\n'}
[6.773335] (imu_driver) StdoutLine: {'line': b"writing list of installed files to '/home/savannah/EECE5554/LAB4/build/imu_driver/install.log'\n"}
[6.780061] (-) TimerEvent: {}
[6.803940] (imu_driver) CommandEnded: {'returncode': 0}
[6.809617] (imu_driver) JobEnded: {'identifier': 'imu_driver', 'rc': 0}
[6.810343] (fusion_driver) JobStarted: {'identifier': 'fusion_driver'}
[6.880228] (-) TimerEvent: {}
[6.980582] (-) TimerEvent: {}
[7.080965] (-) TimerEvent: {}
[7.182590] (-) TimerEvent: {}
[7.283405] (-) TimerEvent: {}
[7.384650] (-) TimerEvent: {}
[7.464746] (fusion_driver) Command: {'cmd': ['/usr/bin/python3', '-W', 'ignore:setup.py install is deprecated', '-W', 'ignore:easy_install command is deprecated', 'setup.py', 'egg_info', '--egg-base', '../../build/fusion_driver', 'build', '--build-base', '/home/savannah/EECE5554/LAB4/build/fusion_driver/build', 'install', '--record', '/home/savannah/EECE5554/LAB4/build/fusion_driver/install.log', '--single-version-externally-managed', 'install_data'], 'cwd': '/home/savannah/EECE5554/LAB4/src/fusion_driver', 'env': {'LESSOPEN': '| /usr/bin/lesspipe %s', 'USER': 'savannah', 'XDG_SESSION_TYPE': 'wayland', 'SHLVL': '2', 'LD_LIBRARY_PATH': '/home/savannah/EECE5554/LAB4/install/imu_msg/lib:/home/savannah/EECE5554/LAB4/install/gps_message/lib:/opt/ros/humble/opt/rviz_ogre_vendor/lib:/opt/ros/humble/lib/x86_64-linux-gnu:/opt/ros/humble/lib', 'HOME': '/home/savannah', 'OLDPWD': '/home/savannah/EECE5554/LAB4/src', 'DESKTOP_SESSION': 'ubuntu', 'ROS_PYTHON_VERSION': '3', 'GNOME_SHELL_SESSION_MODE': 'ubuntu', 'GTK_MODULES': 'gail:atk-bridge', 'SYSTEMD_EXEC_PID': '1701', 'DBUS_SESSION_BUS_ADDRESS': 'unix:path=/run/user/1000/bus', 'COLORTERM': 'truecolor', 'TERMINATOR_DBUS_NAME': 'net.tenshu.Terminator25ef4b219e3b005583550f2b0f9f990c3', 'IM_CONFIG_PHASE': '1', 'WAYLAND_DISPLAY': 'wayland-0', 'COLCON_PREFIX_PATH': '/home/savannah/EECE5554/LAB4/install', 'ROS_DISTRO': 'humble', 'LOGNAME': 'savannah', '_': '/usr/bin/colcon', 'ROS_VERSION': '2', 'XDG_SESSION_CLASS': 'user', 'USERNAME': 'savannah', 'TERM': 'xterm-256color', 'GNOME_DESKTOP_SESSION_ID': 'this-is-deprecated', 'ROS_LOCALHOST_ONLY': '0', 'PATH': '/opt/ros/humble/bin:/home/savannah/.local/bin:/usr/local/sbin:/usr/local/bin:/usr/sbin:/usr/bin:/sbin:/bin:/usr/games:/usr/local/games:/snap/bin:/snap/bin', 'SESSION_MANAGER': 'local/savannah-VirtualBox:@/tmp/.ICE-unix/1661,unix/savannah-VirtualBox:/tmp/.ICE-unix/1661', 'XDG_MENU_PREFIX': 'gnome-', 'GNOME_TERMINAL_SCREEN': '/org/gnome/Terminal/screen/115b0915_29a3_46f0_93e7_838b2bbe1923', 'GNOME_SETUP_DISPLAY': ':1', 'XDG_RUNTIME_DIR': '/run/user/1000', 'DISPLAY': ':0', 'TERMINATOR_DBUS_PATH': '/net/tenshu/Terminator2', 'LANG': 'en_US.UTF-8', 'XDG_CURRENT_DESKTOP': 'ubuntu:GNOME', 'IBUS_DISABLE_SNOOPER': '1', 'XMODIFIERS': '@im=ibus', 'XDG_SESSION_DESKTOP': 'ubuntu', 'XAUTHORITY': '/run/user/1000/.mutter-Xwaylandauth.FJW132', 'LS_COLORS': 'rs=0:di=01;34:ln=01;36:mh=00:pi=40;33:so=01;35:do=01;35:bd=40;33;01:cd=40;33;01:or=40;31;01:mi=00:su=37;41:sg=30;43:ca=30;41:tw=30;42:ow=34;42:st=37;44:ex=01;32:*.tar=01;31:*.tgz=01;31:*.arc=01;31:*.arj=01;31:*.taz=01;31:*.lha=01;31:*.lz4=01;31:*.lzh=01;31:*.lzma=01;31:*.tlz=01;31:*.txz=01;31:*.tzo=01;31:*.t7z=01;31:*.zip=01;31:*.z=01;31:*.dz=01;31:*.gz=01;31:*.lrz=01;31:*.lz=01;31:*.lzo=01;31:*.xz=01;31:*.zst=01;31:*.tzst=01;31:*.bz2=01;31:*.bz=01;31:*.tbz=01;31:*.tbz2=01;31:*.tz=01;31:*.deb=01;31:*.rpm=01;31:*.jar=01;31:*.war=01;31:*.ear=01;31:*.sar=01;31:*.rar=01;31:*.alz=01;31:*.ace=01;31:*.zoo=01;31:*.cpio=01;31:*.7z=01;31:*.rz=01;31:*.cab=01;31:*.wim=01;31:*.swm=01;31:*.dwm=01;31:*.esd=01;31:*.jpg=01;35:*.jpeg=01;35:*.mjpg=01;35:*.mjpeg=01;35:*.gif=01;35:*.bmp=01;35:*.pbm=01;35:*.pgm=01;35:*.ppm=01;35:*.tga=01;35:*.xbm=01;35:*.xpm=01;35:*.tif=01;35:*.tiff=01;35:*.png=01;35:*.svg=01;35:*.svgz=01;35:*.mng=01;35:*.pcx=01;35:*.mov=01;35:*.mpg=01;35:*.mpeg=01;35:*.m2v=01;35:*.mkv=01;35:*.webm=01;35:*.webp=01;35:*.ogm=01;35:*.mp4=01;35:*.m4v=01;35:*.mp4v=01;35:*.vob=01;35:*.qt=01;35:*.nuv=01;35:*.wmv=01;35:*.asf=01;35:*.rm=01;35:*.rmvb=01;35:*.flc=01;35:*.avi=01;35:*.fli=01;35:*.flv=01;35:*.gl=01;35:*.dl=01;35:*.xcf=01;35:*.xwd=01;35:*.yuv=01;35:*.cgm=01;35:*.emf=01;35:*.ogv=01;35:*.ogx=01;35:*.aac=00;36:*.au=00;36:*.flac=00;36:*.m4a=00;36:*.mid=00;36:*.midi=00;36:*.mka=00;36:*.mp3=00;36:*.mpc=00;36:*.ogg=00;36:*.ra=00;36:*.wav=00;36:*.oga=00;36:*.opus=00;36:*.spx=00;36:*.xspf=00;36:', 'GNOME_TERMINAL_SERVICE': ':1.104', 'SSH_AGENT_LAUNCHER': 'gnome-keyring', 'SSH_AUTH_SOCK': '/run/user/1000/keyring/ssh', 'AMENT_PREFIX_PATH': '/home/savannah/EECE5554/LAB4/install/imu_driver:/home/savannah/EECE5554/LAB4/install/gps_driver:/home/savannah/EECE5554/LAB4/install/fusion_driver:/home/savannah/EECE5554/LAB4/install/imu_msg:/home/savannah/EECE5554/LAB4/install/gps_message:/opt/ros/humble', 'SHELL': '/bin/bash', 'TERMINATOR_UUID': 'urn:uuid:f90c821d-3786-4772-96da-b6768894ea90', 'QT_ACCESSIBILITY': '1', 'GDMSESSION': 'ubuntu', 'LESSCLOSE': '/usr/bin/lesspipe %s %s', 'QT_IM_MODULE': 'ibus', 'PWD': '/home/savannah/EECE5554/LAB4/build/fusion_driver', 'LC_ALL': 'en_US.UTF-8', 'XDG_CONFIG_DIRS': '/etc/xdg/xdg-ubuntu:/etc/xdg', 'XDG_DATA_DIRS': '/usr/share/ubuntu:/usr/local/share/:/usr/share/:/var/lib/snapd/desktop', 'PYTHONPATH': '/home/savannah/EECE5554/LAB4/build/fusion_driver/prefix_override:/usr/lib/python3/dist-packages/colcon_core/task/python/colcon_distutils_commands:/home/savannah/EECE5554/LAB4/install/fusion_driver/lib/python3.10/site-packages:/home/savannah/EECE5554/LAB4/install/imu_driver/lib/python3.10/site-packages:/home/savannah/EECE5554/LAB4/install/gps_driver/lib/python3.10/site-packages:/home/savannah/EECE5554/LAB4/install/fusion_driver/lib/python3.10/site-packages:/home/savannah/EECE5554/LAB4/install/imu_msg/local/lib/python3.10/dist-packages:/home/savannah/EECE5554/LAB4/install/gps_message/local/lib/python3.10/dist-packages:/opt/ros/humble/lib/python3.10/site-packages:/opt/ros/humble/local/lib/python3.10/dist-packages', 'COLCON': '1', 'VTE_VERSION': '6800', 'CMAKE_PREFIX_PATH': '/home/savannah/EECE5554/LAB4/install/imu_msg:/home/savannah/EECE5554/LAB4/install/gps_message'}, 'shell': False}
[7.484809] (-) TimerEvent: {}
[7.585322] (-) TimerEvent: {}
[7.686492] (-) TimerEvent: {}
[7.698259] (fusion_driver) StdoutLine: {'line': b'running egg_info\n'}
[7.699466] (fusion_driver) StdoutLine: {'line': b'creating ../../build/fusion_driver/fusion_driver.egg-info\n'}
[7.701131] (fusion_driver) StdoutLine: {'line': b'writing ../../build/fusion_driver/fusion_driver.egg-info/PKG-INFO\n'}
[7.701330] (fusion_driver) StdoutLine: {'line': b'writing dependency_links to ../../build/fusion_driver/fusion_driver.egg-info/dependency_links.txt\n'}
[7.701426] (fusion_driver) StdoutLine: {'line': b'writing entry points to ../../build/fusion_driver/fusion_driver.egg-info/entry_points.txt\n'}
[7.701546] (fusion_driver) StdoutLine: {'line': b'writing requirements to ../../build/fusion_driver/fusion_driver.egg-info/requires.txt\n'}
[7.701625] (fusion_driver) StdoutLine: {'line': b'writing top-level names to ../../build/fusion_driver/fusion_driver.egg-info/top_level.txt\n'}
[7.701670] (fusion_driver) StdoutLine: {'line': b"writing manifest file '../../build/fusion_driver/fusion_driver.egg-info/SOURCES.txt'\n"}
[7.702712] (fusion_driver) StdoutLine: {'line': b"reading manifest file '../../build/fusion_driver/fusion_driver.egg-info/SOURCES.txt'\n"}
[7.702812] (fusion_driver) StdoutLine: {'line': b"adding license file 'LICENSE'\n"}
[7.703243] (fusion_driver) StdoutLine: {'line': b"writing manifest file '../../build/fusion_driver/fusion_driver.egg-info/SOURCES.txt'\n"}
[7.703321] (fusion_driver) StdoutLine: {'line': b'running build\n'}
[7.703421] (fusion_driver) StdoutLine: {'line': b'running build_py\n'}
[7.706720] (fusion_driver) StdoutLine: {'line': b'creating /home/savannah/EECE5554/LAB4/build/fusion_driver/build\n'}
[7.706897] (fusion_driver) StdoutLine: {'line': b'creating /home/savannah/EECE5554/LAB4/build/fusion_driver/build/lib\n'}
[7.706940] (fusion_driver) StdoutLine: {'line': b'creating /home/savannah/EECE5554/LAB4/build/fusion_driver/build/lib/fusion_driver\n'}
[7.706979] (fusion_driver) StdoutLine: {'line': b'copying fusion_driver/__init__.py -> /home/savannah/EECE5554/LAB4/build/fusion_driver/build/lib/fusion_driver\n'}
[7.707049] (fusion_driver) StdoutLine: {'line': b'running install\n'}
[7.707090] (fusion_driver) StdoutLine: {'line': b'running install_lib\n'}
[7.707136] (fusion_driver) StdoutLine: {'line': b'creating /home/savannah/EECE5554/LAB4/install/fusion_driver/lib/python3.10/site-packages/fusion_driver\n'}
[7.707178] (fusion_driver) StdoutLine: {'line': b'copying /home/savannah/EECE5554/LAB4/build/fusion_driver/build/lib/fusion_driver/__init__.py -> /home/savannah/EECE5554/LAB4/install/fusion_driver/lib/python3.10/site-packages/fusion_driver\n'}
[7.707219] (fusion_driver) StdoutLine: {'line': b'byte-compiling /home/savannah/EECE5554/LAB4/install/fusion_driver/lib/python3.10/site-packages/fusion_driver/__init__.py to __init__.cpython-310.pyc\n'}
[7.707259] (fusion_driver) StdoutLine: {'line': b'running install_data\n'}
[7.707336] (fusion_driver) StdoutLine: {'line': b'creating /home/savannah/EECE5554/LAB4/install/fusion_driver/share/ament_index\n'}
[7.707380] (fusion_driver) StdoutLine: {'line': b'creating /home/savannah/EECE5554/LAB4/install/fusion_driver/share/ament_index/resource_index\n'}
[7.707421] (fusion_driver) StdoutLine: {'line': b'creating /home/savannah/EECE5554/LAB4/install/fusion_driver/share/ament_index/resource_index/packages\n'}
[7.707463] (fusion_driver) StdoutLine: {'line': b'copying resource/fusion_driver -> /home/savannah/EECE5554/LAB4/install/fusion_driver/share/ament_index/resource_index/packages\n'}
[7.707508] (fusion_driver) StdoutLine: {'line': b'copying package.xml -> /home/savannah/EECE5554/LAB4/install/fusion_driver/share/fusion_driver\n'}
[7.707608] (fusion_driver) StdoutLine: {'line': b'creating /home/savannah/EECE5554/LAB4/install/fusion_driver/share/fusion_driver/launch\n'}
[7.707667] (fusion_driver) StdoutLine: {'line': b'copying launch/fusion_launch.py -> /home/savannah/EECE5554/LAB4/install/fusion_driver/share/fusion_driver/launch\n'}
[7.707729] (fusion_driver) StdoutLine: {'line': b'running install_egg_info\n'}
[7.708934] (fusion_driver) StdoutLine: {'line': b'Copying ../../build/fusion_driver/fusion_driver.egg-info to /home/savannah/EECE5554/LAB4/install/fusion_driver/lib/python3.10/site-packages/fusion_driver-0.0.0-py3.10.egg-info\n'}
[7.709721] (fusion_driver) StdoutLine: {'line': b'running install_scripts\n'}
[7.729785] (fusion_driver) StdoutLine: {'line': b"writing list of installed files to '/home/savannah/EECE5554/LAB4/build/fusion_driver/install.log'\n"}
[7.755359] (fusion_driver) CommandEnded: {'returncode': 0}
[7.761655] (fusion_driver) JobEnded: {'identifier': 'fusion_driver', 'rc': 0}
[7.762449] (-) EventReactorShutdown: {}
