[0.000000] (-) TimerEvent: {}
[0.001415] (gps_message) JobQueued: {'identifier': 'gps_message', 'dependencies': OrderedDict()}
[0.001488] (imu_msg) JobQueued: {'identifier': 'imu_msg', 'dependencies': OrderedDict()}
[0.001504] (gps_driver) JobQueued: {'identifier': 'gps_driver', 'dependencies': OrderedDict([('gps_message', '/home/savannah/EECE5554/LAB4/install/gps_message')])}
[0.001536] (imu_driver) JobQueued: {'identifier': 'imu_driver', 'dependencies': OrderedDict([('imu_msg', '/home/savannah/EECE5554/LAB4/install/imu_msg')])}
[0.001547] (fusion_driver) JobQueued: {'identifier': 'fusion_driver', 'dependencies': OrderedDict([('gps_message', '/home/savannah/EECE5554/LAB4/install/gps_message'), ('imu_msg', '/home/savannah/EECE5554/LAB4/install/imu_msg'), ('gps_driver', '/home/savannah/EECE5554/LAB4/install/gps_driver'), ('imu_driver', '/home/savannah/EECE5554/LAB4/install/imu_driver')])}
[0.001560] (gps_message) JobStarted: {'identifier': 'gps_message'}
[0.005676] (imu_msg) JobStarted: {'identifier': 'imu_msg'}
[0.009149] (gps_message) JobProgress: {'identifier': 'gps_message', 'progress': 'cmake'}
[0.011189] (gps_message) Command: {'cmd': ['/usr/bin/cmake', '/home/savannah/EECE5554/LAB4/src/gps_message', '-DCMAKE_INSTALL_PREFIX=/home/savannah/EECE5554/LAB4/install/gps_message'], 'cwd': '/home/savannah/EECE5554/LAB4/build/gps_message', 'env': OrderedDict([('LESSOPEN', '| /usr/bin/lesspipe %s'), ('USER', 'savannah'), ('XDG_SESSION_TYPE', 'wayland'), ('SHLVL', '2'), ('LD_LIBRARY_PATH', '/home/savannah/EECE5554/LAB4/install/imu_msg/lib:/home/savannah/EECE5554/LAB4/install/gps_message/lib:/opt/ros/humble/opt/rviz_ogre_vendor/lib:/opt/ros/humble/lib/x86_64-linux-gnu:/opt/ros/humble/lib'), ('HOME', '/home/savannah'), ('OLDPWD', '/home/savannah/EECE5554/LAB4/src/gps_driver/gps_driver'), ('DESKTOP_SESSION', 'ubuntu'), ('ROS_PYTHON_VERSION', '3'), ('GNOME_SHELL_SESSION_MODE', 'ubuntu'), ('GTK_MODULES', 'gail:atk-bridge'), ('SYSTEMD_EXEC_PID', '1701'), ('DBUS_SESSION_BUS_ADDRESS', 'unix:path=/run/user/1000/bus'), ('COLORTERM', 'truecolor'), ('TERMINATOR_DBUS_NAME', 'net.tenshu.Terminator25ef4b219e3b005583550f2b0f9f990c3'), ('IM_CONFIG_PHASE', '1'), ('WAYLAND_DISPLAY', 'wayland-0'), ('COLCON_PREFIX_PATH', '/home/savannah/EECE5554/LAB4/install'), ('ROS_DISTRO', 'humble'), ('LOGNAME', 'savannah'), ('_', '/usr/bin/colcon'), ('ROS_VERSION', '2'), ('XDG_SESSION_CLASS', 'user'), ('USERNAME', 'savannah'), ('TERM', 'xterm-256color'), ('GNOME_DESKTOP_SESSION_ID', 'this-is-deprecated'), ('ROS_LOCALHOST_ONLY', '0'), ('PATH', '/opt/ros/humble/bin:/home/savannah/.local/bin:/usr/local/sbin:/usr/local/bin:/usr/sbin:/usr/bin:/sbin:/bin:/usr/games:/usr/local/games:/snap/bin:/snap/bin'), ('SESSION_MANAGER', 'local/savannah-VirtualBox:@/tmp/.ICE-unix/1661,unix/savannah-VirtualBox:/tmp/.ICE-unix/1661'), ('XDG_MENU_PREFIX', 'gnome-'), ('GNOME_TERMINAL_SCREEN', '/org/gnome/Terminal/screen/115b0915_29a3_46f0_93e7_838b2bbe1923'), ('GNOME_SETUP_DISPLAY', ':1'), ('XDG_RUNTIME_DIR', '/run/user/1000'), ('DISPLAY', ':0'), ('TERMINATOR_DBUS_PATH', '/net/tenshu/Terminator2'), ('LANG', 'en_US.UTF-8'), ('XDG_CURRENT_DESKTOP', 'ubuntu:GNOME'), ('IBUS_DISABLE_SNOOPER', '1'), ('XMODIFIERS', '@im=ibus'), ('XDG_SESSION_DESKTOP', 'ubuntu'), ('XAUTHORITY', '/run/user/1000/.mutter-Xwaylandauth.FJW132'), ('LS_COLORS', 'rs=0:di=01;34:ln=01;36:mh=00:pi=40;33:so=01;35:do=01;35:bd=40;33;01:cd=40;33;01:or=40;31;01:mi=00:su=37;41:sg=30;43:ca=30;41:tw=30;42:ow=34;42:st=37;44:ex=01;32:*.tar=01;31:*.tgz=01;31:*.arc=01;31:*.arj=01;31:*.taz=01;31:*.lha=01;31:*.lz4=01;31:*.lzh=01;31:*.lzma=01;31:*.tlz=01;31:*.txz=01;31:*.tzo=01;31:*.t7z=01;31:*.zip=01;31:*.z=01;31:*.dz=01;31:*.gz=01;31:*.lrz=01;31:*.lz=01;31:*.lzo=01;31:*.xz=01;31:*.zst=01;31:*.tzst=01;31:*.bz2=01;31:*.bz=01;31:*.tbz=01;31:*.tbz2=01;31:*.tz=01;31:*.deb=01;31:*.rpm=01;31:*.jar=01;31:*.war=01;31:*.ear=01;31:*.sar=01;31:*.rar=01;31:*.alz=01;31:*.ace=01;31:*.zoo=01;31:*.cpio=01;31:*.7z=01;31:*.rz=01;31:*.cab=01;31:*.wim=01;31:*.swm=01;31:*.dwm=01;31:*.esd=01;31:*.jpg=01;35:*.jpeg=01;35:*.mjpg=01;35:*.mjpeg=01;35:*.gif=01;35:*.bmp=01;35:*.pbm=01;35:*.pgm=01;35:*.ppm=01;35:*.tga=01;35:*.xbm=01;35:*.xpm=01;35:*.tif=01;35:*.tiff=01;35:*.png=01;35:*.svg=01;35:*.svgz=01;35:*.mng=01;35:*.pcx=01;35:*.mov=01;35:*.mpg=01;35:*.mpeg=01;35:*.m2v=01;35:*.mkv=01;35:*.webm=01;35:*.webp=01;35:*.ogm=01;35:*.mp4=01;35:*.m4v=01;35:*.mp4v=01;35:*.vob=01;35:*.qt=01;35:*.nuv=01;35:*.wmv=01;35:*.asf=01;35:*.rm=01;35:*.rmvb=01;35:*.flc=01;35:*.avi=01;35:*.fli=01;35:*.flv=01;35:*.gl=01;35:*.dl=01;35:*.xcf=01;35:*.xwd=01;35:*.yuv=01;35:*.cgm=01;35:*.emf=01;35:*.ogv=01;35:*.ogx=01;35:*.aac=00;36:*.au=00;36:*.flac=00;36:*.m4a=00;36:*.mid=00;36:*.midi=00;36:*.mka=00;36:*.mp3=00;36:*.mpc=00;36:*.ogg=00;36:*.ra=00;36:*.wav=00;36:*.oga=00;36:*.opus=00;36:*.spx=00;36:*.xspf=00;36:'), ('GNOME_TERMINAL_SERVICE', ':1.104'), ('SSH_AGENT_LAUNCHER', 'gnome-keyring'), ('SSH_AUTH_SOCK', '/run/user/1000/keyring/ssh'), ('AMENT_PREFIX_PATH', '/home/savannah/EECE5554/LAB4/install/fusion_driver:/home/savannah/EECE5554/LAB4/install/imu_driver:/home/savannah/EECE5554/LAB4/install/imu_msg:/home/savannah/EECE5554/LAB4/install/gps_driver:/home/savannah/EECE5554/LAB4/install/gps_message:/opt/ros/humble'), ('SHELL', '/bin/bash'), ('TERMINATOR_UUID', 'urn:uuid:f90c821d-3786-4772-96da-b6768894ea90'), ('QT_ACCESSIBILITY', '1'), ('GDMSESSION', 'ubuntu'), ('LESSCLOSE', '/usr/bin/lesspipe %s %s'), ('QT_IM_MODULE', 'ibus'), ('PWD', '/home/savannah/EECE5554/LAB4/build/gps_message'), ('LC_ALL', 'en_US.UTF-8'), ('XDG_CONFIG_DIRS', '/etc/xdg/xdg-ubuntu:/etc/xdg'), ('XDG_DATA_DIRS', '/usr/share/ubuntu:/usr/local/share/:/usr/share/:/var/lib/snapd/desktop'), ('PYTHONPATH', '/home/savannah/EECE5554/LAB4/install/fusion_driver/lib/python3.10/site-packages:/home/savannah/EECE5554/LAB4/install/imu_driver/lib/python3.10/site-packages:/home/savannah/EECE5554/LAB4/install/imu_msg/local/lib/python3.10/dist-packages:/home/savannah/EECE5554/LAB4/install/gps_driver/lib/python3.10/site-packages:/home/savannah/EECE5554/LAB4/install/gps_message/local/lib/python3.10/dist-packages:/opt/ros/humble/lib/python3.10/site-packages:/opt/ros/humble/local/lib/python3.10/dist-packages'), ('COLCON', '1'), ('VTE_VERSION', '6800'), ('CMAKE_PREFIX_PATH', '/home/savannah/EECE5554/LAB4/install/imu_msg:/home/savannah/EECE5554/LAB4/install/gps_message:/home/savannah/EECE5554/LAB4/install/fusion_driver:/home/savannah/EECE5554/LAB4/install/imu_driver:/home/savannah/EECE5554/LAB4/install/gps_driver:/opt/ros/humble')]), 'shell': False}
[0.015540] (imu_msg) JobProgress: {'identifier': 'imu_msg', 'progress': 'cmake'}
[0.017627] (imu_msg) Command: {'cmd': ['/usr/bin/cmake', '/home/savannah/EECE5554/LAB4/src/imu_msg', '-DCMAKE_INSTALL_PREFIX=/home/savannah/EECE5554/LAB4/install/imu_msg'], 'cwd': '/home/savannah/EECE5554/LAB4/build/imu_msg', 'env': OrderedDict([('LESSOPEN', '| /usr/bin/lesspipe %s'), ('USER', 'savannah'), ('XDG_SESSION_TYPE', 'wayland'), ('SHLVL', '2'), ('LD_LIBRARY_PATH', '/home/savannah/EECE5554/LAB4/install/imu_msg/lib:/home/savannah/EECE5554/LAB4/install/gps_message/lib:/opt/ros/humble/opt/rviz_ogre_vendor/lib:/opt/ros/humble/lib/x86_64-linux-gnu:/opt/ros/humble/lib'), ('HOME', '/home/savannah'), ('OLDPWD', '/home/savannah/EECE5554/LAB4/src/gps_driver/gps_driver'), ('DESKTOP_SESSION', 'ubuntu'), ('ROS_PYTHON_VERSION', '3'), ('GNOME_SHELL_SESSION_MODE', 'ubuntu'), ('GTK_MODULES', 'gail:atk-bridge'), ('SYSTEMD_EXEC_PID', '1701'), ('DBUS_SESSION_BUS_ADDRESS', 'unix:path=/run/user/1000/bus'), ('COLORTERM', 'truecolor'), ('TERMINATOR_DBUS_NAME', 'net.tenshu.Terminator25ef4b219e3b005583550f2b0f9f990c3'), ('IM_CONFIG_PHASE', '1'), ('WAYLAND_DISPLAY', 'wayland-0'), ('COLCON_PREFIX_PATH', '/home/savannah/EECE5554/LAB4/install'), ('ROS_DISTRO', 'humble'), ('LOGNAME', 'savannah'), ('_', '/usr/bin/colcon'), ('ROS_VERSION', '2'), ('XDG_SESSION_CLASS', 'user'), ('USERNAME', 'savannah'), ('TERM', 'xterm-256color'), ('GNOME_DESKTOP_SESSION_ID', 'this-is-deprecated'), ('ROS_LOCALHOST_ONLY', '0'), ('PATH', '/opt/ros/humble/bin:/home/savannah/.local/bin:/usr/local/sbin:/usr/local/bin:/usr/sbin:/usr/bin:/sbin:/bin:/usr/games:/usr/local/games:/snap/bin:/snap/bin'), ('SESSION_MANAGER', 'local/savannah-VirtualBox:@/tmp/.ICE-unix/1661,unix/savannah-VirtualBox:/tmp/.ICE-unix/1661'), ('XDG_MENU_PREFIX', 'gnome-'), ('GNOME_TERMINAL_SCREEN', '/org/gnome/Terminal/screen/115b0915_29a3_46f0_93e7_838b2bbe1923'), ('GNOME_SETUP_DISPLAY', ':1'), ('XDG_RUNTIME_DIR', '/run/user/1000'), ('DISPLAY', ':0'), ('TERMINATOR_DBUS_PATH', '/net/tenshu/Terminator2'), ('LANG', 'en_US.UTF-8'), ('XDG_CURRENT_DESKTOP', 'ubuntu:GNOME'), ('IBUS_DISABLE_SNOOPER', '1'), ('XMODIFIERS', '@im=ibus'), ('XDG_SESSION_DESKTOP', 'ubuntu'), ('XAUTHORITY', '/run/user/1000/.mutter-Xwaylandauth.FJW132'), ('LS_COLORS', 'rs=0:di=01;34:ln=01;36:mh=00:pi=40;33:so=01;35:do=01;35:bd=40;33;01:cd=40;33;01:or=40;31;01:mi=00:su=37;41:sg=30;43:ca=30;41:tw=30;42:ow=34;42:st=37;44:ex=01;32:*.tar=01;31:*.tgz=01;31:*.arc=01;31:*.arj=01;31:*.taz=01;31:*.lha=01;31:*.lz4=01;31:*.lzh=01;31:*.lzma=01;31:*.tlz=01;31:*.txz=01;31:*.tzo=01;31:*.t7z=01;31:*.zip=01;31:*.z=01;31:*.dz=01;31:*.gz=01;31:*.lrz=01;31:*.lz=01;31:*.lzo=01;31:*.xz=01;31:*.zst=01;31:*.tzst=01;31:*.bz2=01;31:*.bz=01;31:*.tbz=01;31:*.tbz2=01;31:*.tz=01;31:*.deb=01;31:*.rpm=01;31:*.jar=01;31:*.war=01;31:*.ear=01;31:*.sar=01;31:*.rar=01;31:*.alz=01;31:*.ace=01;31:*.zoo=01;31:*.cpio=01;31:*.7z=01;31:*.rz=01;31:*.cab=01;31:*.wim=01;31:*.swm=01;31:*.dwm=01;31:*.esd=01;31:*.jpg=01;35:*.jpeg=01;35:*.mjpg=01;35:*.mjpeg=01;35:*.gif=01;35:*.bmp=01;35:*.pbm=01;35:*.pgm=01;35:*.ppm=01;35:*.tga=01;35:*.xbm=01;35:*.xpm=01;35:*.tif=01;35:*.tiff=01;35:*.png=01;35:*.svg=01;35:*.svgz=01;35:*.mng=01;35:*.pcx=01;35:*.mov=01;35:*.mpg=01;35:*.mpeg=01;35:*.m2v=01;35:*.mkv=01;35:*.webm=01;35:*.webp=01;35:*.ogm=01;35:*.mp4=01;35:*.m4v=01;35:*.mp4v=01;35:*.vob=01;35:*.qt=01;35:*.nuv=01;35:*.wmv=01;35:*.asf=01;35:*.rm=01;35:*.rmvb=01;35:*.flc=01;35:*.avi=01;35:*.fli=01;35:*.flv=01;35:*.gl=01;35:*.dl=01;35:*.xcf=01;35:*.xwd=01;35:*.yuv=01;35:*.cgm=01;35:*.emf=01;35:*.ogv=01;35:*.ogx=01;35:*.aac=00;36:*.au=00;36:*.flac=00;36:*.m4a=00;36:*.mid=00;36:*.midi=00;36:*.mka=00;36:*.mp3=00;36:*.mpc=00;36:*.ogg=00;36:*.ra=00;36:*.wav=00;36:*.oga=00;36:*.opus=00;36:*.spx=00;36:*.xspf=00;36:'), ('GNOME_TERMINAL_SERVICE', ':1.104'), ('SSH_AGENT_LAUNCHER', 'gnome-keyring'), ('SSH_AUTH_SOCK', '/run/user/1000/keyring/ssh'), ('AMENT_PREFIX_PATH', '/home/savannah/EECE5554/LAB4/install/fusion_driver:/home/savannah/EECE5554/LAB4/install/imu_driver:/home/savannah/EECE5554/LAB4/install/imu_msg:/home/savannah/EECE5554/LAB4/install/gps_driver:/home/savannah/EECE5554/LAB4/install/gps_message:/opt/ros/humble'), ('SHELL', '/bin/bash'), ('TERMINATOR_UUID', 'urn:uuid:f90c821d-3786-4772-96da-b6768894ea90'), ('QT_ACCESSIBILITY', '1'), ('GDMSESSION', 'ubuntu'), ('LESSCLOSE', '/usr/bin/lesspipe %s %s'), ('QT_IM_MODULE', 'ibus'), ('PWD', '/home/savannah/EECE5554/LAB4/build/imu_msg'), ('LC_ALL', 'en_US.UTF-8'), ('XDG_CONFIG_DIRS', '/etc/xdg/xdg-ubuntu:/etc/xdg'), ('XDG_DATA_DIRS', '/usr/share/ubuntu:/usr/local/share/:/usr/share/:/var/lib/snapd/desktop'), ('PYTHONPATH', '/home/savannah/EECE5554/LAB4/install/fusion_driver/lib/python3.10/site-packages:/home/savannah/EECE5554/LAB4/install/imu_driver/lib/python3.10/site-packages:/home/savannah/EECE5554/LAB4/install/imu_msg/local/lib/python3.10/dist-packages:/home/savannah/EECE5554/LAB4/install/gps_driver/lib/python3.10/site-packages:/home/savannah/EECE5554/LAB4/install/gps_message/local/lib/python3.10/dist-packages:/opt/ros/humble/lib/python3.10/site-packages:/opt/ros/humble/local/lib/python3.10/dist-packages'), ('COLCON', '1'), ('VTE_VERSION', '6800'), ('CMAKE_PREFIX_PATH', '/home/savannah/EECE5554/LAB4/install/imu_msg:/home/savannah/EECE5554/LAB4/install/gps_message:/home/savannah/EECE5554/LAB4/install/fusion_driver:/home/savannah/EECE5554/LAB4/install/imu_driver:/home/savannah/EECE5554/LAB4/install/gps_driver:/opt/ros/humble')]), 'shell': False}
[0.064220] (gps_message) StdoutLine: {'line': b'-- The C compiler identification is GNU 11.4.0\n'}
[0.068390] (imu_msg) StdoutLine: {'line': b'-- The C compiler identification is GNU 11.4.0\n'}
[0.099973] (-) TimerEvent: {}
[0.113537] (imu_msg) StdoutLine: {'line': b'-- The CXX compiler identification is GNU 11.4.0\n'}
[0.113959] (gps_message) StdoutLine: {'line': b'-- The CXX compiler identification is GNU 11.4.0\n'}
[0.119035] (gps_message) StdoutLine: {'line': b'-- Detecting C compiler ABI info\n'}
[0.119545] (imu_msg) StdoutLine: {'line': b'-- Detecting C compiler ABI info\n'}
[0.189206] (gps_message) StdoutLine: {'line': b'-- Detecting C compiler ABI info - done\n'}
[0.192438] (imu_msg) StdoutLine: {'line': b'-- Detecting C compiler ABI info - done\n'}
[0.195920] (gps_message) StdoutLine: {'line': b'-- Check for working C compiler: /usr/bin/cc - skipped\n'}
[0.196084] (gps_message) StdoutLine: {'line': b'-- Detecting C compile features\n'}
[0.196227] (gps_message) StdoutLine: {'line': b'-- Detecting C compile features - done\n'}
[0.197068] (imu_msg) StdoutLine: {'line': b'-- Check for working C compiler: /usr/bin/cc - skipped\n'}
[0.197242] (imu_msg) StdoutLine: {'line': b'-- Detecting C compile features\n'}
[0.197376] (gps_message) StdoutLine: {'line': b'-- Detecting CXX compiler ABI info\n'}
[0.197494] (imu_msg) StdoutLine: {'line': b'-- Detecting C compile features - done\n'}
[0.199856] (imu_msg) StdoutLine: {'line': b'-- Detecting CXX compiler ABI info\n'}
[0.199981] (-) TimerEvent: {}
[0.272466] (gps_message) StdoutLine: {'line': b'-- Detecting CXX compiler ABI info - done\n'}
[0.277307] (imu_msg) StdoutLine: {'line': b'-- Detecting CXX compiler ABI info - done\n'}
[0.278164] (gps_message) StdoutLine: {'line': b'-- Check for working CXX compiler: /usr/bin/c++ - skipped\n'}
[0.278342] (gps_message) StdoutLine: {'line': b'-- Detecting CXX compile features\n'}
[0.278743] (gps_message) StdoutLine: {'line': b'-- Detecting CXX compile features - done\n'}
[0.280660] (gps_message) StdoutLine: {'line': b'-- Found ament_cmake: 1.3.11 (/opt/ros/humble/share/ament_cmake/cmake)\n'}
[0.283526] (imu_msg) StdoutLine: {'line': b'-- Check for working CXX compiler: /usr/bin/c++ - skipped\n'}
[0.283716] (imu_msg) StdoutLine: {'line': b'-- Detecting CXX compile features\n'}
[0.284106] (imu_msg) StdoutLine: {'line': b'-- Detecting CXX compile features - done\n'}
[0.285613] (imu_msg) StdoutLine: {'line': b'-- Found ament_cmake: 1.3.11 (/opt/ros/humble/share/ament_cmake/cmake)\n'}
[0.300951] (-) TimerEvent: {}
[0.403055] (-) TimerEvent: {}
[0.411256] (gps_message) StdoutLine: {'line': b'-- Found Python3: /usr/bin/python3 (found version "3.10.12") found components: Interpreter \n'}
[0.424108] (imu_msg) StdoutLine: {'line': b'-- Found Python3: /usr/bin/python3 (found version "3.10.12") found components: Interpreter \n'}
[0.494554] (gps_message) StdoutLine: {'line': b'-- Found rosidl_default_generators: 1.2.0 (/opt/ros/humble/share/rosidl_default_generators/cmake)\n'}
[0.499428] (gps_message) StdoutLine: {'line': b'-- Using all available rosidl_typesupport_c: rosidl_typesupport_fastrtps_c;rosidl_typesupport_introspection_c\n'}
[0.501094] (gps_message) StdoutLine: {'line': b'-- Found rosidl_adapter: 3.1.6 (/opt/ros/humble/share/rosidl_adapter/cmake)\n'}
[0.501423] (imu_msg) StdoutLine: {'line': b'-- Found std_msgs: 4.2.4 (/opt/ros/humble/share/std_msgs/cmake)\n'}
[0.503254] (-) TimerEvent: {}
[0.521442] (imu_msg) StdoutLine: {'line': b'-- Found rosidl_generator_c: 3.1.6 (/opt/ros/humble/share/rosidl_generator_c/cmake)\n'}
[0.526143] (imu_msg) StdoutLine: {'line': b'-- Found rosidl_adapter: 3.1.6 (/opt/ros/humble/share/rosidl_adapter/cmake)\n'}
[0.531479] (gps_message) StdoutLine: {'line': b'-- Using all available rosidl_typesupport_cpp: rosidl_typesupport_fastrtps_cpp;rosidl_typesupport_introspection_cpp\n'}
[0.532264] (imu_msg) StdoutLine: {'line': b'-- Found rosidl_generator_cpp: 3.1.6 (/opt/ros/humble/share/rosidl_generator_cpp/cmake)\n'}
[0.542222] (imu_msg) StdoutLine: {'line': b'-- Using all available rosidl_typesupport_c: rosidl_typesupport_fastrtps_c;rosidl_typesupport_introspection_c\n'}
[0.553102] (imu_msg) StdoutLine: {'line': b'-- Using all available rosidl_typesupport_cpp: rosidl_typesupport_fastrtps_cpp;rosidl_typesupport_introspection_cpp\n'}
[0.556268] (gps_message) StdoutLine: {'line': b'-- Found std_msgs: 4.2.4 (/opt/ros/humble/share/std_msgs/cmake)\n'}
[0.576059] (imu_msg) StdoutLine: {'line': b'-- Found sensor_msgs: 4.2.4 (/opt/ros/humble/share/sensor_msgs/cmake)\n'}
[0.599666] (imu_msg) StdoutLine: {'line': b'-- Found rosidl_default_generators: 1.2.0 (/opt/ros/humble/share/rosidl_default_generators/cmake)\n'}
[0.604174] (-) TimerEvent: {}
[0.704674] (-) TimerEvent: {}
[0.805686] (-) TimerEvent: {}
[0.813356] (gps_message) StdoutLine: {'line': b'-- Found ament_cmake_ros: 0.10.0 (/opt/ros/humble/share/ament_cmake_ros/cmake)\n'}
[0.860572] (imu_msg) StdoutLine: {'line': b'-- Found ament_cmake_ros: 0.10.0 (/opt/ros/humble/share/ament_cmake_ros/cmake)\n'}
[0.905900] (-) TimerEvent: {}
[1.006319] (-) TimerEvent: {}
[1.011610] (gps_message) StdoutLine: {'line': b'-- Using all available rosidl_typesupport_c: rosidl_typesupport_fastrtps_c;rosidl_typesupport_introspection_c\n'}
[1.107355] (-) TimerEvent: {}
[1.209458] (-) TimerEvent: {}
[1.290391] (gps_message) StdoutLine: {'line': b'-- Using all available rosidl_typesupport_cpp: rosidl_typesupport_fastrtps_cpp;rosidl_typesupport_introspection_cpp\n'}
[1.297107] (imu_msg) StdoutLine: {'line': b'-- Using all available rosidl_typesupport_c: rosidl_typesupport_fastrtps_c;rosidl_typesupport_introspection_c\n'}
[1.310347] (-) TimerEvent: {}
[1.312569] (gps_message) StdoutLine: {'line': b'-- Found PythonInterp: /usr/bin/python3 (found suitable version "3.10.12", minimum required is "3.6") \n'}
[1.313060] (gps_message) StdoutLine: {'line': b'-- Found python_cmake_module: 0.10.0 (/opt/ros/humble/share/python_cmake_module/cmake)\n'}
[1.335692] (gps_message) StdoutLine: {'line': b'-- Found PythonLibs: /usr/lib/x86_64-linux-gnu/libpython3.10.so (found suitable version "3.10.12", minimum required is "3.5") \n'}
[1.335868] (gps_message) StdoutLine: {'line': b'-- Using PYTHON_EXECUTABLE: /usr/bin/python3\n'}
[1.335914] (gps_message) StdoutLine: {'line': b'-- Using PYTHON_INCLUDE_DIRS: /usr/include/python3.10\n'}
[1.335957] (gps_message) StdoutLine: {'line': b'-- Using PYTHON_LIBRARIES: /usr/lib/x86_64-linux-gnu/libpython3.10.so\n'}
[1.355569] (gps_message) StdoutLine: {'line': b'-- Found PythonExtra: .so  \n'}
[1.407038] (gps_message) StdoutLine: {'line': b'-- Configuring done\n'}
[1.411534] (-) TimerEvent: {}
[1.431932] (gps_message) StdoutLine: {'line': b'-- Generating done\n'}
[1.441675] (gps_message) StdoutLine: {'line': b'-- Build files have been written to: /home/savannah/EECE5554/LAB4/build/gps_message\n'}
[1.448532] (gps_message) CommandEnded: {'returncode': 0}
[1.448933] (gps_message) JobProgress: {'identifier': 'gps_message', 'progress': 'build'}
[1.453388] (gps_message) Command: {'cmd': ['/usr/bin/cmake', '--build', '/home/savannah/EECE5554/LAB4/build/gps_message', '--', '-j4', '-l4'], 'cwd': '/home/savannah/EECE5554/LAB4/build/gps_message', 'env': OrderedDict([('LESSOPEN', '| /usr/bin/lesspipe %s'), ('USER', 'savannah'), ('XDG_SESSION_TYPE', 'wayland'), ('SHLVL', '2'), ('LD_LIBRARY_PATH', '/home/savannah/EECE5554/LAB4/install/imu_msg/lib:/home/savannah/EECE5554/LAB4/install/gps_message/lib:/opt/ros/humble/opt/rviz_ogre_vendor/lib:/opt/ros/humble/lib/x86_64-linux-gnu:/opt/ros/humble/lib'), ('HOME', '/home/savannah'), ('OLDPWD', '/home/savannah/EECE5554/LAB4/src/gps_driver/gps_driver'), ('DESKTOP_SESSION', 'ubuntu'), ('ROS_PYTHON_VERSION', '3'), ('GNOME_SHELL_SESSION_MODE', 'ubuntu'), ('GTK_MODULES', 'gail:atk-bridge'), ('SYSTEMD_EXEC_PID', '1701'), ('DBUS_SESSION_BUS_ADDRESS', 'unix:path=/run/user/1000/bus'), ('COLORTERM', 'truecolor'), ('TERMINATOR_DBUS_NAME', 'net.tenshu.Terminator25ef4b219e3b005583550f2b0f9f990c3'), ('IM_CONFIG_PHASE', '1'), ('WAYLAND_DISPLAY', 'wayland-0'), ('COLCON_PREFIX_PATH', '/home/savannah/EECE5554/LAB4/install'), ('ROS_DISTRO', 'humble'), ('LOGNAME', 'savannah'), ('_', '/usr/bin/colcon'), ('ROS_VERSION', '2'), ('XDG_SESSION_CLASS', 'user'), ('USERNAME', 'savannah'), ('TERM', 'xterm-256color'), ('GNOME_DESKTOP_SESSION_ID', 'this-is-deprecated'), ('ROS_LOCALHOST_ONLY', '0'), ('PATH', '/opt/ros/humble/bin:/home/savannah/.local/bin:/usr/local/sbin:/usr/local/bin:/usr/sbin:/usr/bin:/sbin:/bin:/usr/games:/usr/local/games:/snap/bin:/snap/bin'), ('SESSION_MANAGER', 'local/savannah-VirtualBox:@/tmp/.ICE-unix/1661,unix/savannah-VirtualBox:/tmp/.ICE-unix/1661'), ('XDG_MENU_PREFIX', 'gnome-'), ('GNOME_TERMINAL_SCREEN', '/org/gnome/Terminal/screen/115b0915_29a3_46f0_93e7_838b2bbe1923'), ('GNOME_SETUP_DISPLAY', ':1'), ('XDG_RUNTIME_DIR', '/run/user/1000'), ('DISPLAY', ':0'), ('TERMINATOR_DBUS_PATH', '/net/tenshu/Terminator2'), ('LANG', 'en_US.UTF-8'), ('XDG_CURRENT_DESKTOP', 'ubuntu:GNOME'), ('IBUS_DISABLE_SNOOPER', '1'), ('XMODIFIERS', '@im=ibus'), ('XDG_SESSION_DESKTOP', 'ubuntu'), ('XAUTHORITY', '/run/user/1000/.mutter-Xwaylandauth.FJW132'), ('LS_COLORS', 'rs=0:di=01;34:ln=01;36:mh=00:pi=40;33:so=01;35:do=01;35:bd=40;33;01:cd=40;33;01:or=40;31;01:mi=00:su=37;41:sg=30;43:ca=30;41:tw=30;42:ow=34;42:st=37;44:ex=01;32:*.tar=01;31:*.tgz=01;31:*.arc=01;31:*.arj=01;31:*.taz=01;31:*.lha=01;31:*.lz4=01;31:*.lzh=01;31:*.lzma=01;31:*.tlz=01;31:*.txz=01;31:*.tzo=01;31:*.t7z=01;31:*.zip=01;31:*.z=01;31:*.dz=01;31:*.gz=01;31:*.lrz=01;31:*.lz=01;31:*.lzo=01;31:*.xz=01;31:*.zst=01;31:*.tzst=01;31:*.bz2=01;31:*.bz=01;31:*.tbz=01;31:*.tbz2=01;31:*.tz=01;31:*.deb=01;31:*.rpm=01;31:*.jar=01;31:*.war=01;31:*.ear=01;31:*.sar=01;31:*.rar=01;31:*.alz=01;31:*.ace=01;31:*.zoo=01;31:*.cpio=01;31:*.7z=01;31:*.rz=01;31:*.cab=01;31:*.wim=01;31:*.swm=01;31:*.dwm=01;31:*.esd=01;31:*.jpg=01;35:*.jpeg=01;35:*.mjpg=01;35:*.mjpeg=01;35:*.gif=01;35:*.bmp=01;35:*.pbm=01;35:*.pgm=01;35:*.ppm=01;35:*.tga=01;35:*.xbm=01;35:*.xpm=01;35:*.tif=01;35:*.tiff=01;35:*.png=01;35:*.svg=01;35:*.svgz=01;35:*.mng=01;35:*.pcx=01;35:*.mov=01;35:*.mpg=01;35:*.mpeg=01;35:*.m2v=01;35:*.mkv=01;35:*.webm=01;35:*.webp=01;35:*.ogm=01;35:*.mp4=01;35:*.m4v=01;35:*.mp4v=01;35:*.vob=01;35:*.qt=01;35:*.nuv=01;35:*.wmv=01;35:*.asf=01;35:*.rm=01;35:*.rmvb=01;35:*.flc=01;35:*.avi=01;35:*.fli=01;35:*.flv=01;35:*.gl=01;35:*.dl=01;35:*.xcf=01;35:*.xwd=01;35:*.yuv=01;35:*.cgm=01;35:*.emf=01;35:*.ogv=01;35:*.ogx=01;35:*.aac=00;36:*.au=00;36:*.flac=00;36:*.m4a=00;36:*.mid=00;36:*.midi=00;36:*.mka=00;36:*.mp3=00;36:*.mpc=00;36:*.ogg=00;36:*.ra=00;36:*.wav=00;36:*.oga=00;36:*.opus=00;36:*.spx=00;36:*.xspf=00;36:'), ('GNOME_TERMINAL_SERVICE', ':1.104'), ('SSH_AGENT_LAUNCHER', 'gnome-keyring'), ('SSH_AUTH_SOCK', '/run/user/1000/keyring/ssh'), ('AMENT_PREFIX_PATH', '/home/savannah/EECE5554/LAB4/install/fusion_driver:/home/savannah/EECE5554/LAB4/install/imu_driver:/home/savannah/EECE5554/LAB4/install/imu_msg:/home/savannah/EECE5554/LAB4/install/gps_driver:/home/savannah/EECE5554/LAB4/install/gps_message:/opt/ros/humble'), ('SHELL', '/bin/bash'), ('TERMINATOR_UUID', 'urn:uuid:f90c821d-3786-4772-96da-b6768894ea90'), ('QT_ACCESSIBILITY', '1'), ('GDMSESSION', 'ubuntu'), ('LESSCLOSE', '/usr/bin/lesspipe %s %s'), ('QT_IM_MODULE', 'ibus'), ('PWD', '/home/savannah/EECE5554/LAB4/build/gps_message'), ('LC_ALL', 'en_US.UTF-8'), ('XDG_CONFIG_DIRS', '/etc/xdg/xdg-ubuntu:/etc/xdg'), ('XDG_DATA_DIRS', '/usr/share/ubuntu:/usr/local/share/:/usr/share/:/var/lib/snapd/desktop'), ('PYTHONPATH', '/home/savannah/EECE5554/LAB4/install/fusion_driver/lib/python3.10/site-packages:/home/savannah/EECE5554/LAB4/install/imu_driver/lib/python3.10/site-packages:/home/savannah/EECE5554/LAB4/install/imu_msg/local/lib/python3.10/dist-packages:/home/savannah/EECE5554/LAB4/install/gps_driver/lib/python3.10/site-packages:/home/savannah/EECE5554/LAB4/install/gps_message/local/lib/python3.10/dist-packages:/opt/ros/humble/lib/python3.10/site-packages:/opt/ros/humble/local/lib/python3.10/dist-packages'), ('COLCON', '1'), ('VTE_VERSION', '6800'), ('CMAKE_PREFIX_PATH', '/home/savannah/EECE5554/LAB4/install/imu_msg:/home/savannah/EECE5554/LAB4/install/gps_message:/home/savannah/EECE5554/LAB4/install/fusion_driver:/home/savannah/EECE5554/LAB4/install/imu_driver:/home/savannah/EECE5554/LAB4/install/gps_driver:/opt/ros/humble')]), 'shell': False}
[1.464459] (imu_msg) StdoutLine: {'line': b'-- Using all available rosidl_typesupport_cpp: rosidl_typesupport_fastrtps_cpp;rosidl_typesupport_introspection_cpp\n'}
[1.490544] (imu_msg) StdoutLine: {'line': b'-- Found PythonInterp: /usr/bin/python3 (found suitable version "3.10.12", minimum required is "3.6") \n'}
[1.490755] (gps_message) StdoutLine: {'line': b'[  3%] \x1b[34m\x1b[1mGenerating C code for ROS interfaces\x1b[0m\n'}
[1.490832] (imu_msg) StdoutLine: {'line': b'-- Found python_cmake_module: 0.10.0 (/opt/ros/humble/share/python_cmake_module/cmake)\n'}
[1.507248] (gps_message) StdoutLine: {'line': b'[  6%] \x1b[34m\x1b[1mGenerating C++ code for ROS interfaces\x1b[0m\n'}
[1.512093] (-) TimerEvent: {}
[1.516635] (imu_msg) StdoutLine: {'line': b'-- Found PythonLibs: /usr/lib/x86_64-linux-gnu/libpython3.10.so (found suitable version "3.10.12", minimum required is "3.5") \n'}
[1.516804] (imu_msg) StdoutLine: {'line': b'-- Using PYTHON_EXECUTABLE: /usr/bin/python3\n'}
[1.516849] (imu_msg) StdoutLine: {'line': b'-- Using PYTHON_INCLUDE_DIRS: /usr/include/python3.10\n'}
[1.516889] (imu_msg) StdoutLine: {'line': b'-- Using PYTHON_LIBRARIES: /usr/lib/x86_64-linux-gnu/libpython3.10.so\n'}
[1.520882] (gps_message) StdoutLine: {'line': b'[  6%] Built target ament_cmake_python_copy_gps_message\n'}
[1.536768] (imu_msg) StdoutLine: {'line': b'-- Found PythonExtra: .so  \n'}
[1.612660] (-) TimerEvent: {}
[1.704952] (imu_msg) StdoutLine: {'line': b'-- Configuring done\n'}
[1.715542] (-) TimerEvent: {}
[1.774389] (gps_message) StdoutLine: {'line': b'running egg_info\n'}
[1.774646] (gps_message) StdoutLine: {'line': b'creating gps_message.egg-info\n'}
[1.774720] (gps_message) StdoutLine: {'line': b'writing gps_message.egg-info/PKG-INFO\n'}
[1.774827] (gps_message) StdoutLine: {'line': b'writing dependency_links to gps_message.egg-info/dependency_links.txt\n'}
[1.776354] (gps_message) StdoutLine: {'line': b'writing top-level names to gps_message.egg-info/top_level.txt\n'}
[1.776483] (gps_message) StdoutLine: {'line': b"writing manifest file 'gps_message.egg-info/SOURCES.txt'\n"}
[1.779342] (gps_message) StdoutLine: {'line': b"reading manifest file 'gps_message.egg-info/SOURCES.txt'\n"}
[1.783259] (gps_message) StdoutLine: {'line': b"writing manifest file 'gps_message.egg-info/SOURCES.txt'\n"}
[1.783675] (imu_msg) StdoutLine: {'line': b'-- Generating done\n'}
[1.794562] (imu_msg) StdoutLine: {'line': b'-- Build files have been written to: /home/savannah/EECE5554/LAB4/build/imu_msg\n'}
[1.806988] (imu_msg) CommandEnded: {'returncode': 0}
[1.807680] (imu_msg) JobProgress: {'identifier': 'imu_msg', 'progress': 'build'}
[1.807714] (imu_msg) Command: {'cmd': ['/usr/bin/cmake', '--build', '/home/savannah/EECE5554/LAB4/build/imu_msg', '--', '-j4', '-l4'], 'cwd': '/home/savannah/EECE5554/LAB4/build/imu_msg', 'env': OrderedDict([('LESSOPEN', '| /usr/bin/lesspipe %s'), ('USER', 'savannah'), ('XDG_SESSION_TYPE', 'wayland'), ('SHLVL', '2'), ('LD_LIBRARY_PATH', '/home/savannah/EECE5554/LAB4/install/imu_msg/lib:/home/savannah/EECE5554/LAB4/install/gps_message/lib:/opt/ros/humble/opt/rviz_ogre_vendor/lib:/opt/ros/humble/lib/x86_64-linux-gnu:/opt/ros/humble/lib'), ('HOME', '/home/savannah'), ('OLDPWD', '/home/savannah/EECE5554/LAB4/src/gps_driver/gps_driver'), ('DESKTOP_SESSION', 'ubuntu'), ('ROS_PYTHON_VERSION', '3'), ('GNOME_SHELL_SESSION_MODE', 'ubuntu'), ('GTK_MODULES', 'gail:atk-bridge'), ('SYSTEMD_EXEC_PID', '1701'), ('DBUS_SESSION_BUS_ADDRESS', 'unix:path=/run/user/1000/bus'), ('COLORTERM', 'truecolor'), ('TERMINATOR_DBUS_NAME', 'net.tenshu.Terminator25ef4b219e3b005583550f2b0f9f990c3'), ('IM_CONFIG_PHASE', '1'), ('WAYLAND_DISPLAY', 'wayland-0'), ('COLCON_PREFIX_PATH', '/home/savannah/EECE5554/LAB4/install'), ('ROS_DISTRO', 'humble'), ('LOGNAME', 'savannah'), ('_', '/usr/bin/colcon'), ('ROS_VERSION', '2'), ('XDG_SESSION_CLASS', 'user'), ('USERNAME', 'savannah'), ('TERM', 'xterm-256color'), ('GNOME_DESKTOP_SESSION_ID', 'this-is-deprecated'), ('ROS_LOCALHOST_ONLY', '0'), ('PATH', '/opt/ros/humble/bin:/home/savannah/.local/bin:/usr/local/sbin:/usr/local/bin:/usr/sbin:/usr/bin:/sbin:/bin:/usr/games:/usr/local/games:/snap/bin:/snap/bin'), ('SESSION_MANAGER', 'local/savannah-VirtualBox:@/tmp/.ICE-unix/1661,unix/savannah-VirtualBox:/tmp/.ICE-unix/1661'), ('XDG_MENU_PREFIX', 'gnome-'), ('GNOME_TERMINAL_SCREEN', '/org/gnome/Terminal/screen/115b0915_29a3_46f0_93e7_838b2bbe1923'), ('GNOME_SETUP_DISPLAY', ':1'), ('XDG_RUNTIME_DIR', '/run/user/1000'), ('DISPLAY', ':0'), ('TERMINATOR_DBUS_PATH', '/net/tenshu/Terminator2'), ('LANG', 'en_US.UTF-8'), ('XDG_CURRENT_DESKTOP', 'ubuntu:GNOME'), ('IBUS_DISABLE_SNOOPER', '1'), ('XMODIFIERS', '@im=ibus'), ('XDG_SESSION_DESKTOP', 'ubuntu'), ('XAUTHORITY', '/run/user/1000/.mutter-Xwaylandauth.FJW132'), ('LS_COLORS', 'rs=0:di=01;34:ln=01;36:mh=00:pi=40;33:so=01;35:do=01;35:bd=40;33;01:cd=40;33;01:or=40;31;01:mi=00:su=37;41:sg=30;43:ca=30;41:tw=30;42:ow=34;42:st=37;44:ex=01;32:*.tar=01;31:*.tgz=01;31:*.arc=01;31:*.arj=01;31:*.taz=01;31:*.lha=01;31:*.lz4=01;31:*.lzh=01;31:*.lzma=01;31:*.tlz=01;31:*.txz=01;31:*.tzo=01;31:*.t7z=01;31:*.zip=01;31:*.z=01;31:*.dz=01;31:*.gz=01;31:*.lrz=01;31:*.lz=01;31:*.lzo=01;31:*.xz=01;31:*.zst=01;31:*.tzst=01;31:*.bz2=01;31:*.bz=01;31:*.tbz=01;31:*.tbz2=01;31:*.tz=01;31:*.deb=01;31:*.rpm=01;31:*.jar=01;31:*.war=01;31:*.ear=01;31:*.sar=01;31:*.rar=01;31:*.alz=01;31:*.ace=01;31:*.zoo=01;31:*.cpio=01;31:*.7z=01;31:*.rz=01;31:*.cab=01;31:*.wim=01;31:*.swm=01;31:*.dwm=01;31:*.esd=01;31:*.jpg=01;35:*.jpeg=01;35:*.mjpg=01;35:*.mjpeg=01;35:*.gif=01;35:*.bmp=01;35:*.pbm=01;35:*.pgm=01;35:*.ppm=01;35:*.tga=01;35:*.xbm=01;35:*.xpm=01;35:*.tif=01;35:*.tiff=01;35:*.png=01;35:*.svg=01;35:*.svgz=01;35:*.mng=01;35:*.pcx=01;35:*.mov=01;35:*.mpg=01;35:*.mpeg=01;35:*.m2v=01;35:*.mkv=01;35:*.webm=01;35:*.webp=01;35:*.ogm=01;35:*.mp4=01;35:*.m4v=01;35:*.mp4v=01;35:*.vob=01;35:*.qt=01;35:*.nuv=01;35:*.wmv=01;35:*.asf=01;35:*.rm=01;35:*.rmvb=01;35:*.flc=01;35:*.avi=01;35:*.fli=01;35:*.flv=01;35:*.gl=01;35:*.dl=01;35:*.xcf=01;35:*.xwd=01;35:*.yuv=01;35:*.cgm=01;35:*.emf=01;35:*.ogv=01;35:*.ogx=01;35:*.aac=00;36:*.au=00;36:*.flac=00;36:*.m4a=00;36:*.mid=00;36:*.midi=00;36:*.mka=00;36:*.mp3=00;36:*.mpc=00;36:*.ogg=00;36:*.ra=00;36:*.wav=00;36:*.oga=00;36:*.opus=00;36:*.spx=00;36:*.xspf=00;36:'), ('GNOME_TERMINAL_SERVICE', ':1.104'), ('SSH_AGENT_LAUNCHER', 'gnome-keyring'), ('SSH_AUTH_SOCK', '/run/user/1000/keyring/ssh'), ('AMENT_PREFIX_PATH', '/home/savannah/EECE5554/LAB4/install/fusion_driver:/home/savannah/EECE5554/LAB4/install/imu_driver:/home/savannah/EECE5554/LAB4/install/imu_msg:/home/savannah/EECE5554/LAB4/install/gps_driver:/home/savannah/EECE5554/LAB4/install/gps_message:/opt/ros/humble'), ('SHELL', '/bin/bash'), ('TERMINATOR_UUID', 'urn:uuid:f90c821d-3786-4772-96da-b6768894ea90'), ('QT_ACCESSIBILITY', '1'), ('GDMSESSION', 'ubuntu'), ('LESSCLOSE', '/usr/bin/lesspipe %s %s'), ('QT_IM_MODULE', 'ibus'), ('PWD', '/home/savannah/EECE5554/LAB4/build/imu_msg'), ('LC_ALL', 'en_US.UTF-8'), ('XDG_CONFIG_DIRS', '/etc/xdg/xdg-ubuntu:/etc/xdg'), ('XDG_DATA_DIRS', '/usr/share/ubuntu:/usr/local/share/:/usr/share/:/var/lib/snapd/desktop'), ('PYTHONPATH', '/home/savannah/EECE5554/LAB4/install/fusion_driver/lib/python3.10/site-packages:/home/savannah/EECE5554/LAB4/install/imu_driver/lib/python3.10/site-packages:/home/savannah/EECE5554/LAB4/install/imu_msg/local/lib/python3.10/dist-packages:/home/savannah/EECE5554/LAB4/install/gps_driver/lib/python3.10/site-packages:/home/savannah/EECE5554/LAB4/install/gps_message/local/lib/python3.10/dist-packages:/opt/ros/humble/lib/python3.10/site-packages:/opt/ros/humble/local/lib/python3.10/dist-packages'), ('COLCON', '1'), ('VTE_VERSION', '6800'), ('CMAKE_PREFIX_PATH', '/home/savannah/EECE5554/LAB4/install/imu_msg:/home/savannah/EECE5554/LAB4/install/gps_message:/home/savannah/EECE5554/LAB4/install/fusion_driver:/home/savannah/EECE5554/LAB4/install/imu_driver:/home/savannah/EECE5554/LAB4/install/gps_driver:/opt/ros/humble')]), 'shell': False}
[1.808086] (gps_message) StdoutLine: {'line': b'[  6%] Built target ament_cmake_python_build_gps_message_egg\n'}
[1.816143] (-) TimerEvent: {}
[1.825261] (gps_message) StdoutLine: {'line': b'[  6%] Built target gps_message__cpp\n'}
[1.829468] (gps_message) StdoutLine: {'line': b'[  9%] \x1b[32mBuilding C object CMakeFiles/gps_message__rosidl_generator_c.dir/rosidl_generator_c/gps_message/msg/detail/gps_msg__functions.c.o\x1b[0m\n'}
[1.838299] (gps_message) StdoutLine: {'line': b'[ 12%] \x1b[34m\x1b[1mGenerating C++ type support for eProsima Fast-RTPS\x1b[0m\n'}
[1.845308] (gps_message) StdoutLine: {'line': b'[ 16%] \x1b[34m\x1b[1mGenerating C++ introspection for ROS interfaces\x1b[0m\n'}
[1.845547] (gps_message) StdoutLine: {'line': b'[ 19%] \x1b[34m\x1b[1mGenerating C++ type support dispatch for ROS interfaces\x1b[0m\n'}
[1.851835] (imu_msg) StdoutLine: {'line': b'[  3%] \x1b[34m\x1b[1mGenerating C code for ROS interfaces\x1b[0m\n'}
[1.867979] (imu_msg) StdoutLine: {'line': b'[  3%] Built target ament_cmake_python_copy_imu_msg\n'}
[1.875358] (imu_msg) StdoutLine: {'line': b'[  6%] \x1b[34m\x1b[1mGenerating C++ code for ROS interfaces\x1b[0m\n'}
[1.915069] (gps_message) StdoutLine: {'line': b'[ 22%] \x1b[32m\x1b[1mLinking C shared library libgps_message__rosidl_generator_c.so\x1b[0m\n'}
[1.916257] (-) TimerEvent: {}
[2.000431] (gps_message) StdoutLine: {'line': b'[ 22%] Built target gps_message__rosidl_generator_c\n'}
[2.016326] (-) TimerEvent: {}
[2.022716] (gps_message) StdoutLine: {'line': b'[ 25%] \x1b[34m\x1b[1mGenerating C type support for eProsima Fast-RTPS\x1b[0m\n'}
[2.116831] (-) TimerEvent: {}
[2.146802] (gps_message) StdoutLine: {'line': b'[ 29%] \x1b[32mBuilding CXX object CMakeFiles/gps_message__rosidl_typesupport_fastrtps_cpp.dir/rosidl_typesupport_fastrtps_cpp/gps_message/msg/detail/dds_fastrtps/gps_msg__type_support.cpp.o\x1b[0m\n'}
[2.216992] (-) TimerEvent: {}
[2.319244] (gps_message) StdoutLine: {'line': b'[ 32%] \x1b[32mBuilding CXX object CMakeFiles/gps_message__rosidl_typesupport_cpp.dir/rosidl_typesupport_cpp/gps_message/msg/gps_msg__type_support.cpp.o\x1b[0m\n'}
[2.319584] (-) TimerEvent: {}
[2.342077] (imu_msg) StdoutLine: {'line': b'running egg_info\n'}
[2.342368] (imu_msg) StdoutLine: {'line': b'creating imu_msg.egg-info\n'}
[2.342462] (imu_msg) StdoutLine: {'line': b'writing imu_msg.egg-info/PKG-INFO\n'}
[2.342527] (imu_msg) StdoutLine: {'line': b'writing dependency_links to imu_msg.egg-info/dependency_links.txt\n'}
[2.342603] (imu_msg) StdoutLine: {'line': b'writing top-level names to imu_msg.egg-info/top_level.txt\n'}
[2.342668] (imu_msg) StdoutLine: {'line': b"writing manifest file 'imu_msg.egg-info/SOURCES.txt'\n"}
[2.344479] (imu_msg) StdoutLine: {'line': b"reading manifest file 'imu_msg.egg-info/SOURCES.txt'\n"}
[2.346422] (imu_msg) StdoutLine: {'line': b"writing manifest file 'imu_msg.egg-info/SOURCES.txt'\n"}
[2.373601] (imu_msg) StdoutLine: {'line': b'[  9%] \x1b[32mBuilding C object CMakeFiles/imu_msg__rosidl_generator_c.dir/rosidl_generator_c/imu_msg/msg/detail/imu_msg__functions.c.o\x1b[0m\n'}
[2.377484] (gps_message) StdoutLine: {'line': b'[ 35%] \x1b[32mBuilding CXX object CMakeFiles/gps_message__rosidl_typesupport_introspection_cpp.dir/rosidl_typesupport_introspection_cpp/gps_message/msg/detail/gps_msg__type_support.cpp.o\x1b[0m\n'}
[2.389784] (imu_msg) StdoutLine: {'line': b'[  9%] Built target imu_msg__cpp\n'}
[2.411229] (imu_msg) StdoutLine: {'line': b'[ 12%] \x1b[34m\x1b[1mGenerating C++ type support dispatch for ROS interfaces\x1b[0m\n'}
[2.412022] (imu_msg) StdoutLine: {'line': b'[ 12%] Built target ament_cmake_python_build_imu_msg_egg\n'}
[2.414737] (imu_msg) StdoutLine: {'line': b'[ 16%] \x1b[34m\x1b[1mGenerating C++ type support for eProsima Fast-RTPS\x1b[0m\n'}
[2.422399] (-) TimerEvent: {}
[2.439437] (imu_msg) StdoutLine: {'line': b'[ 19%] \x1b[34m\x1b[1mGenerating C++ introspection for ROS interfaces\x1b[0m\n'}
[2.476928] (imu_msg) StdoutLine: {'line': b'[ 22%] \x1b[32m\x1b[1mLinking C shared library libimu_msg__rosidl_generator_c.so\x1b[0m\n'}
[2.522592] (-) TimerEvent: {}
[2.542470] (gps_message) StdoutLine: {'line': b'[ 38%] \x1b[32mBuilding CXX object CMakeFiles/gps_message__rosidl_typesupport_fastrtps_c.dir/rosidl_typesupport_fastrtps_c/gps_message/msg/detail/gps_msg__type_support_c.cpp.o\x1b[0m\n'}
[2.547820] (imu_msg) StdoutLine: {'line': b'[ 22%] Built target imu_msg__rosidl_generator_c\n'}
[2.589385] (imu_msg) StdoutLine: {'line': b'[ 25%] \x1b[34m\x1b[1mGenerating C type support for eProsima Fast-RTPS\x1b[0m\n'}
[2.622811] (-) TimerEvent: {}
[2.724361] (-) TimerEvent: {}
[2.798035] (imu_msg) StdoutLine: {'line': b'[ 29%] \x1b[32mBuilding CXX object CMakeFiles/imu_msg__rosidl_typesupport_fastrtps_cpp.dir/rosidl_typesupport_fastrtps_cpp/imu_msg/msg/detail/dds_fastrtps/imu_msg__type_support.cpp.o\x1b[0m\n'}
[2.824455] (-) TimerEvent: {}
[2.856563] (gps_message) StdoutLine: {'line': b'[ 41%] \x1b[32m\x1b[1mLinking CXX shared library libgps_message__rosidl_typesupport_fastrtps_cpp.so\x1b[0m\n'}
[2.925263] (-) TimerEvent: {}
[2.927722] (gps_message) StdoutLine: {'line': b'[ 45%] \x1b[32m\x1b[1mLinking CXX shared library libgps_message__rosidl_typesupport_cpp.so\x1b[0m\n'}
[2.946882] (imu_msg) StdoutLine: {'line': b'[ 32%] \x1b[32mBuilding CXX object CMakeFiles/imu_msg__rosidl_typesupport_introspection_cpp.dir/rosidl_typesupport_introspection_cpp/imu_msg/msg/detail/imu_msg__type_support.cpp.o\x1b[0m\n'}
[2.964444] (imu_msg) StdoutLine: {'line': b'[ 35%] \x1b[32mBuilding CXX object CMakeFiles/imu_msg__rosidl_typesupport_cpp.dir/rosidl_typesupport_cpp/imu_msg/msg/imu_msg__type_support.cpp.o\x1b[0m\n'}
[3.025854] (-) TimerEvent: {}
[3.031801] (gps_message) StdoutLine: {'line': b'[ 45%] Built target gps_message__rosidl_typesupport_cpp\n'}
[3.040656] (gps_message) StdoutLine: {'line': b'[ 45%] Built target gps_message__rosidl_typesupport_fastrtps_cpp\n'}
[3.053444] (gps_message) StdoutLine: {'line': b'[ 48%] \x1b[34m\x1b[1mGenerating C introspection for ROS interfaces\x1b[0m\n'}
[3.061449] (gps_message) StdoutLine: {'line': b'[ 51%] \x1b[34m\x1b[1mGenerating C type support dispatch for ROS interfaces\x1b[0m\n'}
[3.073828] (imu_msg) StdoutLine: {'line': b'[ 38%] \x1b[32mBuilding CXX object CMakeFiles/imu_msg__rosidl_typesupport_fastrtps_c.dir/rosidl_typesupport_fastrtps_c/imu_msg/msg/detail/imu_msg__type_support_c.cpp.o\x1b[0m\n'}
[3.122387] (gps_message) StdoutLine: {'line': b'[ 54%] \x1b[32m\x1b[1mLinking CXX shared library libgps_message__rosidl_typesupport_introspection_cpp.so\x1b[0m\n'}
[3.126410] (-) TimerEvent: {}
[3.222524] (gps_message) StdoutLine: {'line': b'[ 58%] \x1b[32m\x1b[1mLinking CXX shared library libgps_message__rosidl_typesupport_fastrtps_c.so\x1b[0m\n'}
[3.226592] (-) TimerEvent: {}
[3.243060] (gps_message) StdoutLine: {'line': b'[ 58%] Built target gps_message__rosidl_typesupport_introspection_cpp\n'}
[3.326730] (-) TimerEvent: {}
[3.380470] (imu_msg) StdoutLine: {'line': b'[ 41%] \x1b[32m\x1b[1mLinking CXX shared library libimu_msg__rosidl_typesupport_fastrtps_cpp.so\x1b[0m\n'}
[3.386397] (gps_message) StdoutLine: {'line': b'[ 58%] Built target gps_message__rosidl_typesupport_fastrtps_c\n'}
[3.427190] (-) TimerEvent: {}
[3.459262] (gps_message) StdoutLine: {'line': b'[ 61%] \x1b[32mBuilding CXX object CMakeFiles/gps_message__rosidl_typesupport_c.dir/rosidl_typesupport_c/gps_message/msg/gps_msg__type_support.cpp.o\x1b[0m\n'}
[3.467739] (imu_msg) StdoutLine: {'line': b'[ 45%] \x1b[32m\x1b[1mLinking CXX shared library libimu_msg__rosidl_typesupport_cpp.so\x1b[0m\n'}
[3.477547] (gps_message) StdoutLine: {'line': b'[ 64%] \x1b[32mBuilding C object CMakeFiles/gps_message__rosidl_typesupport_introspection_c.dir/rosidl_typesupport_introspection_c/gps_message/msg/detail/gps_msg__type_support.c.o\x1b[0m\n'}
[3.514213] (imu_msg) StdoutLine: {'line': b'[ 45%] Built target imu_msg__rosidl_typesupport_fastrtps_cpp\n'}
[3.515975] (gps_message) StdoutLine: {'line': b'[ 67%] \x1b[32m\x1b[1mLinking CXX shared library libgps_message__rosidl_typesupport_c.so\x1b[0m\n'}
[3.522579] (imu_msg) StdoutLine: {'line': b'[ 45%] Built target imu_msg__rosidl_typesupport_cpp\n'}
[3.529472] (-) TimerEvent: {}
[3.535483] (imu_msg) StdoutLine: {'line': b'[ 48%] \x1b[34m\x1b[1mGenerating C introspection for ROS interfaces\x1b[0m\n'}
[3.540265] (imu_msg) StdoutLine: {'line': b'[ 51%] \x1b[34m\x1b[1mGenerating C type support dispatch for ROS interfaces\x1b[0m\n'}
[3.553600] (gps_message) StdoutLine: {'line': b'[ 70%] \x1b[32m\x1b[1mLinking C shared library libgps_message__rosidl_typesupport_introspection_c.so\x1b[0m\n'}
[3.586671] (gps_message) StdoutLine: {'line': b'[ 70%] Built target gps_message__rosidl_typesupport_c\n'}
[3.603782] (imu_msg) StdoutLine: {'line': b'[ 54%] \x1b[32m\x1b[1mLinking CXX shared library libimu_msg__rosidl_typesupport_fastrtps_c.so\x1b[0m\n'}
[3.619120] (gps_message) StdoutLine: {'line': b'[ 70%] Built target gps_message__rosidl_typesupport_introspection_c\n'}
[3.630520] (-) TimerEvent: {}
[3.633727] (imu_msg) StdoutLine: {'line': b'[ 58%] \x1b[32m\x1b[1mLinking CXX shared library libimu_msg__rosidl_typesupport_introspection_cpp.so\x1b[0m\n'}
[3.655904] (gps_message) StdoutLine: {'line': b'[ 70%] Built target gps_message\n'}
[3.703527] (gps_message) StdoutLine: {'line': b'[ 74%] \x1b[34m\x1b[1mGenerating Python code for ROS interfaces\x1b[0m\n'}
[3.717767] (imu_msg) StdoutLine: {'line': b'[ 58%] Built target imu_msg__rosidl_typesupport_introspection_cpp\n'}
[3.717970] (imu_msg) StdoutLine: {'line': b'[ 58%] Built target imu_msg__rosidl_typesupport_fastrtps_c\n'}
[3.730777] (-) TimerEvent: {}
[3.765071] (imu_msg) StdoutLine: {'line': b'[ 61%] \x1b[32mBuilding CXX object CMakeFiles/imu_msg__rosidl_typesupport_c.dir/rosidl_typesupport_c/imu_msg/msg/imu_msg__type_support.cpp.o\x1b[0m\n'}
[3.794638] (imu_msg) StdoutLine: {'line': b'[ 64%] \x1b[32m\x1b[1mLinking CXX shared library libimu_msg__rosidl_typesupport_c.so\x1b[0m\n'}
[3.804896] (imu_msg) StdoutLine: {'line': b'[ 67%] \x1b[32mBuilding C object CMakeFiles/imu_msg__rosidl_typesupport_introspection_c.dir/rosidl_typesupport_introspection_c/imu_msg/msg/detail/imu_msg__type_support.c.o\x1b[0m\n'}
[3.830924] (-) TimerEvent: {}
[3.831789] (imu_msg) StdoutLine: {'line': b'[ 67%] Built target imu_msg__rosidl_typesupport_c\n'}
[3.837338] (imu_msg) StdoutLine: {'line': b'[ 70%] \x1b[32m\x1b[1mLinking C shared library libimu_msg__rosidl_typesupport_introspection_c.so\x1b[0m\n'}
[3.869633] (imu_msg) StdoutLine: {'line': b'[ 70%] Built target imu_msg__rosidl_typesupport_introspection_c\n'}
[3.888342] (imu_msg) StdoutLine: {'line': b'[ 70%] Built target imu_msg\n'}
[3.908723] (imu_msg) StdoutLine: {'line': b'[ 74%] \x1b[34m\x1b[1mGenerating Python code for ROS interfaces\x1b[0m\n'}
[3.931298] (-) TimerEvent: {}
[3.975832] (gps_message) StdoutLine: {'line': b'[ 74%] Built target gps_message__py\n'}
[3.997079] (gps_message) StdoutLine: {'line': b'[ 77%] \x1b[32mBuilding C object CMakeFiles/gps_message__rosidl_generator_py.dir/rosidl_generator_py/gps_message/msg/_gps_msg_s.c.o\x1b[0m\n'}
[4.032218] (-) TimerEvent: {}
[4.093035] (gps_message) StdoutLine: {'line': b'[ 80%] \x1b[32m\x1b[1mLinking C shared library rosidl_generator_py/gps_message/libgps_message__rosidl_generator_py.so\x1b[0m\n'}
[4.127832] (gps_message) StdoutLine: {'line': b'[ 80%] Built target gps_message__rosidl_generator_py\n'}
[4.132410] (-) TimerEvent: {}
[4.156481] (gps_message) StdoutLine: {'line': b'[ 83%] \x1b[32mBuilding C object CMakeFiles/gps_message__rosidl_typesupport_fastrtps_c__pyext.dir/rosidl_generator_py/gps_message/_gps_message_s.ep.rosidl_typesupport_fastrtps_c.c.o\x1b[0m\n'}
[4.156655] (gps_message) StdoutLine: {'line': b'[ 87%] \x1b[32mBuilding C object CMakeFiles/gps_message__rosidl_typesupport_introspection_c__pyext.dir/rosidl_generator_py/gps_message/_gps_message_s.ep.rosidl_typesupport_introspection_c.c.o\x1b[0m\n'}
[4.156702] (gps_message) StdoutLine: {'line': b'[ 90%] \x1b[32mBuilding C object CMakeFiles/gps_message__rosidl_typesupport_c__pyext.dir/rosidl_generator_py/gps_message/_gps_message_s.ep.rosidl_typesupport_c.c.o\x1b[0m\n'}
[4.184516] (imu_msg) StdoutLine: {'line': b'[ 74%] Built target imu_msg__py\n'}
[4.200484] (imu_msg) StdoutLine: {'line': b'[ 77%] \x1b[32mBuilding C object CMakeFiles/imu_msg__rosidl_generator_py.dir/rosidl_generator_py/imu_msg/msg/_imu_msg_s.c.o\x1b[0m\n'}
[4.230700] (gps_message) StdoutLine: {'line': b'[ 93%] \x1b[32m\x1b[1mLinking C shared library rosidl_generator_py/gps_message/gps_message_s__rosidl_typesupport_c.cpython-310-x86_64-linux-gnu.so\x1b[0m\n'}
[4.232562] (-) TimerEvent: {}
[4.237874] (gps_message) StdoutLine: {'line': b'[ 96%] \x1b[32m\x1b[1mLinking C shared library rosidl_generator_py/gps_message/gps_message_s__rosidl_typesupport_fastrtps_c.cpython-310-x86_64-linux-gnu.so\x1b[0m\n'}
[4.240481] (gps_message) StdoutLine: {'line': b'[100%] \x1b[32m\x1b[1mLinking C shared library rosidl_generator_py/gps_message/gps_message_s__rosidl_typesupport_introspection_c.cpython-310-x86_64-linux-gnu.so\x1b[0m\n'}
[4.263659] (gps_message) StdoutLine: {'line': b'[100%] Built target gps_message__rosidl_typesupport_c__pyext\n'}
[4.280504] (gps_message) StdoutLine: {'line': b'[100%] Built target gps_message__rosidl_typesupport_fastrtps_c__pyext\n'}
[4.282522] (gps_message) StdoutLine: {'line': b'[100%] Built target gps_message__rosidl_typesupport_introspection_c__pyext\n'}
[4.293680] (gps_message) CommandEnded: {'returncode': 0}
[4.294592] (gps_message) JobProgress: {'identifier': 'gps_message', 'progress': 'install'}
[4.299166] (imu_msg) StdoutLine: {'line': b'[ 80%] \x1b[32m\x1b[1mLinking C shared library rosidl_generator_py/imu_msg/libimu_msg__rosidl_generator_py.so\x1b[0m\n'}
[4.302109] (gps_message) Command: {'cmd': ['/usr/bin/cmake', '--install', '/home/savannah/EECE5554/LAB4/build/gps_message'], 'cwd': '/home/savannah/EECE5554/LAB4/build/gps_message', 'env': OrderedDict([('LESSOPEN', '| /usr/bin/lesspipe %s'), ('USER', 'savannah'), ('XDG_SESSION_TYPE', 'wayland'), ('SHLVL', '2'), ('LD_LIBRARY_PATH', '/home/savannah/EECE5554/LAB4/install/imu_msg/lib:/home/savannah/EECE5554/LAB4/install/gps_message/lib:/opt/ros/humble/opt/rviz_ogre_vendor/lib:/opt/ros/humble/lib/x86_64-linux-gnu:/opt/ros/humble/lib'), ('HOME', '/home/savannah'), ('OLDPWD', '/home/savannah/EECE5554/LAB4/src/gps_driver/gps_driver'), ('DESKTOP_SESSION', 'ubuntu'), ('ROS_PYTHON_VERSION', '3'), ('GNOME_SHELL_SESSION_MODE', 'ubuntu'), ('GTK_MODULES', 'gail:atk-bridge'), ('SYSTEMD_EXEC_PID', '1701'), ('DBUS_SESSION_BUS_ADDRESS', 'unix:path=/run/user/1000/bus'), ('COLORTERM', 'truecolor'), ('TERMINATOR_DBUS_NAME', 'net.tenshu.Terminator25ef4b219e3b005583550f2b0f9f990c3'), ('IM_CONFIG_PHASE', '1'), ('WAYLAND_DISPLAY', 'wayland-0'), ('COLCON_PREFIX_PATH', '/home/savannah/EECE5554/LAB4/install'), ('ROS_DISTRO', 'humble'), ('LOGNAME', 'savannah'), ('_', '/usr/bin/colcon'), ('ROS_VERSION', '2'), ('XDG_SESSION_CLASS', 'user'), ('USERNAME', 'savannah'), ('TERM', 'xterm-256color'), ('GNOME_DESKTOP_SESSION_ID', 'this-is-deprecated'), ('ROS_LOCALHOST_ONLY', '0'), ('PATH', '/opt/ros/humble/bin:/home/savannah/.local/bin:/usr/local/sbin:/usr/local/bin:/usr/sbin:/usr/bin:/sbin:/bin:/usr/games:/usr/local/games:/snap/bin:/snap/bin'), ('SESSION_MANAGER', 'local/savannah-VirtualBox:@/tmp/.ICE-unix/1661,unix/savannah-VirtualBox:/tmp/.ICE-unix/1661'), ('XDG_MENU_PREFIX', 'gnome-'), ('GNOME_TERMINAL_SCREEN', '/org/gnome/Terminal/screen/115b0915_29a3_46f0_93e7_838b2bbe1923'), ('GNOME_SETUP_DISPLAY', ':1'), ('XDG_RUNTIME_DIR', '/run/user/1000'), ('DISPLAY', ':0'), ('TERMINATOR_DBUS_PATH', '/net/tenshu/Terminator2'), ('LANG', 'en_US.UTF-8'), ('XDG_CURRENT_DESKTOP', 'ubuntu:GNOME'), ('IBUS_DISABLE_SNOOPER', '1'), ('XMODIFIERS', '@im=ibus'), ('XDG_SESSION_DESKTOP', 'ubuntu'), ('XAUTHORITY', '/run/user/1000/.mutter-Xwaylandauth.FJW132'), ('LS_COLORS', 'rs=0:di=01;34:ln=01;36:mh=00:pi=40;33:so=01;35:do=01;35:bd=40;33;01:cd=40;33;01:or=40;31;01:mi=00:su=37;41:sg=30;43:ca=30;41:tw=30;42:ow=34;42:st=37;44:ex=01;32:*.tar=01;31:*.tgz=01;31:*.arc=01;31:*.arj=01;31:*.taz=01;31:*.lha=01;31:*.lz4=01;31:*.lzh=01;31:*.lzma=01;31:*.tlz=01;31:*.txz=01;31:*.tzo=01;31:*.t7z=01;31:*.zip=01;31:*.z=01;31:*.dz=01;31:*.gz=01;31:*.lrz=01;31:*.lz=01;31:*.lzo=01;31:*.xz=01;31:*.zst=01;31:*.tzst=01;31:*.bz2=01;31:*.bz=01;31:*.tbz=01;31:*.tbz2=01;31:*.tz=01;31:*.deb=01;31:*.rpm=01;31:*.jar=01;31:*.war=01;31:*.ear=01;31:*.sar=01;31:*.rar=01;31:*.alz=01;31:*.ace=01;31:*.zoo=01;31:*.cpio=01;31:*.7z=01;31:*.rz=01;31:*.cab=01;31:*.wim=01;31:*.swm=01;31:*.dwm=01;31:*.esd=01;31:*.jpg=01;35:*.jpeg=01;35:*.mjpg=01;35:*.mjpeg=01;35:*.gif=01;35:*.bmp=01;35:*.pbm=01;35:*.pgm=01;35:*.ppm=01;35:*.tga=01;35:*.xbm=01;35:*.xpm=01;35:*.tif=01;35:*.tiff=01;35:*.png=01;35:*.svg=01;35:*.svgz=01;35:*.mng=01;35:*.pcx=01;35:*.mov=01;35:*.mpg=01;35:*.mpeg=01;35:*.m2v=01;35:*.mkv=01;35:*.webm=01;35:*.webp=01;35:*.ogm=01;35:*.mp4=01;35:*.m4v=01;35:*.mp4v=01;35:*.vob=01;35:*.qt=01;35:*.nuv=01;35:*.wmv=01;35:*.asf=01;35:*.rm=01;35:*.rmvb=01;35:*.flc=01;35:*.avi=01;35:*.fli=01;35:*.flv=01;35:*.gl=01;35:*.dl=01;35:*.xcf=01;35:*.xwd=01;35:*.yuv=01;35:*.cgm=01;35:*.emf=01;35:*.ogv=01;35:*.ogx=01;35:*.aac=00;36:*.au=00;36:*.flac=00;36:*.m4a=00;36:*.mid=00;36:*.midi=00;36:*.mka=00;36:*.mp3=00;36:*.mpc=00;36:*.ogg=00;36:*.ra=00;36:*.wav=00;36:*.oga=00;36:*.opus=00;36:*.spx=00;36:*.xspf=00;36:'), ('GNOME_TERMINAL_SERVICE', ':1.104'), ('SSH_AGENT_LAUNCHER', 'gnome-keyring'), ('SSH_AUTH_SOCK', '/run/user/1000/keyring/ssh'), ('AMENT_PREFIX_PATH', '/home/savannah/EECE5554/LAB4/install/fusion_driver:/home/savannah/EECE5554/LAB4/install/imu_driver:/home/savannah/EECE5554/LAB4/install/imu_msg:/home/savannah/EECE5554/LAB4/install/gps_driver:/home/savannah/EECE5554/LAB4/install/gps_message:/opt/ros/humble'), ('SHELL', '/bin/bash'), ('TERMINATOR_UUID', 'urn:uuid:f90c821d-3786-4772-96da-b6768894ea90'), ('QT_ACCESSIBILITY', '1'), ('GDMSESSION', 'ubuntu'), ('LESSCLOSE', '/usr/bin/lesspipe %s %s'), ('QT_IM_MODULE', 'ibus'), ('PWD', '/home/savannah/EECE5554/LAB4/build/gps_message'), ('LC_ALL', 'en_US.UTF-8'), ('XDG_CONFIG_DIRS', '/etc/xdg/xdg-ubuntu:/etc/xdg'), ('XDG_DATA_DIRS', '/usr/share/ubuntu:/usr/local/share/:/usr/share/:/var/lib/snapd/desktop'), ('PYTHONPATH', '/home/savannah/EECE5554/LAB4/install/fusion_driver/lib/python3.10/site-packages:/home/savannah/EECE5554/LAB4/install/imu_driver/lib/python3.10/site-packages:/home/savannah/EECE5554/LAB4/install/imu_msg/local/lib/python3.10/dist-packages:/home/savannah/EECE5554/LAB4/install/gps_driver/lib/python3.10/site-packages:/home/savannah/EECE5554/LAB4/install/gps_message/local/lib/python3.10/dist-packages:/opt/ros/humble/lib/python3.10/site-packages:/opt/ros/humble/local/lib/python3.10/dist-packages'), ('COLCON', '1'), ('VTE_VERSION', '6800'), ('CMAKE_PREFIX_PATH', '/home/savannah/EECE5554/LAB4/install/imu_msg:/home/savannah/EECE5554/LAB4/install/gps_message:/home/savannah/EECE5554/LAB4/install/fusion_driver:/home/savannah/EECE5554/LAB4/install/imu_driver:/home/savannah/EECE5554/LAB4/install/gps_driver:/opt/ros/humble')]), 'shell': False}
[4.308446] (gps_message) StdoutLine: {'line': b'-- Install configuration: ""\n'}
[4.309111] (gps_message) StdoutLine: {'line': b'-- Installing: /home/savannah/EECE5554/LAB4/install/gps_message/share/ament_index/resource_index/rosidl_interfaces/gps_message\n'}
[4.309539] (gps_message) StdoutLine: {'line': b'-- Installing: /home/savannah/EECE5554/LAB4/install/gps_message/include/gps_message/gps_message\n'}
[4.309609] (gps_message) StdoutLine: {'line': b'-- Installing: /home/savannah/EECE5554/LAB4/install/gps_message/include/gps_message/gps_message/msg\n'}
[4.309648] (gps_message) StdoutLine: {'line': b'-- Installing: /home/savannah/EECE5554/LAB4/install/gps_message/include/gps_message/gps_message/msg/gps_msg.h\n'}
[4.309685] (gps_message) StdoutLine: {'line': b'-- Installing: /home/savannah/EECE5554/LAB4/install/gps_message/include/gps_message/gps_message/msg/detail\n'}
[4.309721] (gps_message) StdoutLine: {'line': b'-- Installing: /home/savannah/EECE5554/LAB4/install/gps_message/include/gps_message/gps_message/msg/detail/gps_msg__functions.h\n'}
[4.309757] (gps_message) StdoutLine: {'line': b'-- Installing: /home/savannah/EECE5554/LAB4/install/gps_message/include/gps_message/gps_message/msg/detail/gps_msg__type_support.h\n'}
[4.309792] (gps_message) StdoutLine: {'line': b'-- Installing: /home/savannah/EECE5554/LAB4/install/gps_message/include/gps_message/gps_message/msg/detail/gps_msg__functions.c\n'}
[4.309827] (gps_message) StdoutLine: {'line': b'-- Installing: /home/savannah/EECE5554/LAB4/install/gps_message/include/gps_message/gps_message/msg/detail/gps_msg__struct.h\n'}
[4.309861] (gps_message) StdoutLine: {'line': b'-- Installing: /home/savannah/EECE5554/LAB4/install/gps_message/include/gps_message/gps_message/msg/rosidl_generator_c__visibility_control.h\n'}
[4.309925] (gps_message) StdoutLine: {'line': b'-- Installing: /home/savannah/EECE5554/LAB4/install/gps_message/share/gps_message/environment/library_path.sh\n'}
[4.309966] (gps_message) StdoutLine: {'line': b'-- Installing: /home/savannah/EECE5554/LAB4/install/gps_message/share/gps_message/environment/library_path.dsv\n'}
[4.315750] (gps_message) StdoutLine: {'line': b'-- Installing: /home/savannah/EECE5554/LAB4/install/gps_message/lib/libgps_message__rosidl_generator_c.so\n'}
[4.316084] (gps_message) StdoutLine: {'line': b'-- Set runtime path of "/home/savannah/EECE5554/LAB4/install/gps_message/lib/libgps_message__rosidl_generator_c.so" to ""\n'}
[4.316232] (gps_message) StdoutLine: {'line': b'-- Up-to-date: /home/savannah/EECE5554/LAB4/install/gps_message/include/gps_message/gps_message\n'}
[4.317742] (gps_message) StdoutLine: {'line': b'-- Up-to-date: /home/savannah/EECE5554/LAB4/install/gps_message/include/gps_message/gps_message/msg\n'}
[4.317902] (gps_message) StdoutLine: {'line': b'-- Up-to-date: /home/savannah/EECE5554/LAB4/install/gps_message/include/gps_message/gps_message/msg/detail\n'}
[4.317989] (gps_message) StdoutLine: {'line': b'-- Installing: /home/savannah/EECE5554/LAB4/install/gps_message/include/gps_message/gps_message/msg/detail/gps_msg__rosidl_typesupport_fastrtps_c.h\n'}
[4.318038] (gps_message) StdoutLine: {'line': b'-- Installing: /home/savannah/EECE5554/LAB4/install/gps_message/include/gps_message/gps_message/msg/rosidl_typesupport_fastrtps_c__visibility_control.h\n'}
[4.318083] (gps_message) StdoutLine: {'line': b'-- Installing: /home/savannah/EECE5554/LAB4/install/gps_message/lib/libgps_message__rosidl_typesupport_fastrtps_c.so\n'}
[4.318235] (gps_message) StdoutLine: {'line': b'-- Set runtime path of "/home/savannah/EECE5554/LAB4/install/gps_message/lib/libgps_message__rosidl_typesupport_fastrtps_c.so" to ""\n'}
[4.318352] (gps_message) StdoutLine: {'line': b'-- Up-to-date: /home/savannah/EECE5554/LAB4/install/gps_message/include/gps_message/gps_message\n'}
[4.318397] (gps_message) StdoutLine: {'line': b'-- Up-to-date: /home/savannah/EECE5554/LAB4/install/gps_message/include/gps_message/gps_message/msg\n'}
[4.318436] (gps_message) StdoutLine: {'line': b'-- Up-to-date: /home/savannah/EECE5554/LAB4/install/gps_message/include/gps_message/gps_message/msg/detail\n'}
[4.318473] (gps_message) StdoutLine: {'line': b'-- Installing: /home/savannah/EECE5554/LAB4/install/gps_message/include/gps_message/gps_message/msg/detail/gps_msg__rosidl_typesupport_introspection_c.h\n'}
[4.318510] (gps_message) StdoutLine: {'line': b'-- Installing: /home/savannah/EECE5554/LAB4/install/gps_message/include/gps_message/gps_message/msg/detail/gps_msg__type_support.c\n'}
[4.318546] (gps_message) StdoutLine: {'line': b'-- Installing: /home/savannah/EECE5554/LAB4/install/gps_message/include/gps_message/gps_message/msg/rosidl_typesupport_introspection_c__visibility_control.h\n'}
[4.318583] (gps_message) StdoutLine: {'line': b'-- Installing: /home/savannah/EECE5554/LAB4/install/gps_message/lib/libgps_message__rosidl_typesupport_introspection_c.so\n'}
[4.318619] (gps_message) StdoutLine: {'line': b'-- Set runtime path of "/home/savannah/EECE5554/LAB4/install/gps_message/lib/libgps_message__rosidl_typesupport_introspection_c.so" to ""\n'}
[4.318655] (gps_message) StdoutLine: {'line': b'-- Installing: /home/savannah/EECE5554/LAB4/install/gps_message/lib/libgps_message__rosidl_typesupport_c.so\n'}
[4.318690] (gps_message) StdoutLine: {'line': b'-- Set runtime path of "/home/savannah/EECE5554/LAB4/install/gps_message/lib/libgps_message__rosidl_typesupport_c.so" to ""\n'}
[4.318725] (gps_message) StdoutLine: {'line': b'-- Up-to-date: /home/savannah/EECE5554/LAB4/install/gps_message/include/gps_message/gps_message\n'}
[4.318761] (gps_message) StdoutLine: {'line': b'-- Up-to-date: /home/savannah/EECE5554/LAB4/install/gps_message/include/gps_message/gps_message/msg\n'}
[4.318807] (gps_message) StdoutLine: {'line': b'-- Installing: /home/savannah/EECE5554/LAB4/install/gps_message/include/gps_message/gps_message/msg/gps_msg.hpp\n'}
[4.318842] (gps_message) StdoutLine: {'line': b'-- Up-to-date: /home/savannah/EECE5554/LAB4/install/gps_message/include/gps_message/gps_message/msg/detail\n'}
[4.318878] (gps_message) StdoutLine: {'line': b'-- Installing: /home/savannah/EECE5554/LAB4/install/gps_message/include/gps_message/gps_message/msg/detail/gps_msg__struct.hpp\n'}
[4.318914] (gps_message) StdoutLine: {'line': b'-- Installing: /home/savannah/EECE5554/LAB4/install/gps_message/include/gps_message/gps_message/msg/detail/gps_msg__traits.hpp\n'}
[4.318950] (gps_message) StdoutLine: {'line': b'-- Installing: /home/savannah/EECE5554/LAB4/install/gps_message/include/gps_message/gps_message/msg/detail/gps_msg__builder.hpp\n'}
[4.318986] (gps_message) StdoutLine: {'line': b'-- Installing: /home/savannah/EECE5554/LAB4/install/gps_message/include/gps_message/gps_message/msg/detail/gps_msg__type_support.hpp\n'}
[4.319021] (gps_message) StdoutLine: {'line': b'-- Installing: /home/savannah/EECE5554/LAB4/install/gps_message/include/gps_message/gps_message/msg/rosidl_generator_cpp__visibility_control.hpp\n'}
[4.319057] (gps_message) StdoutLine: {'line': b'-- Up-to-date: /home/savannah/EECE5554/LAB4/install/gps_message/include/gps_message/gps_message\n'}
[4.319091] (gps_message) StdoutLine: {'line': b'-- Up-to-date: /home/savannah/EECE5554/LAB4/install/gps_message/include/gps_message/gps_message/msg\n'}
[4.319127] (gps_message) StdoutLine: {'line': b'-- Up-to-date: /home/savannah/EECE5554/LAB4/install/gps_message/include/gps_message/gps_message/msg/detail\n'}
[4.319162] (gps_message) StdoutLine: {'line': b'-- Installing: /home/savannah/EECE5554/LAB4/install/gps_message/include/gps_message/gps_message/msg/detail/gps_msg__rosidl_typesupport_fastrtps_cpp.hpp\n'}
[4.319203] (gps_message) StdoutLine: {'line': b'-- Installing: /home/savannah/EECE5554/LAB4/install/gps_message/include/gps_message/gps_message/msg/detail/dds_fastrtps\n'}
[4.319238] (gps_message) StdoutLine: {'line': b'-- Installing: /home/savannah/EECE5554/LAB4/install/gps_message/include/gps_message/gps_message/msg/rosidl_typesupport_fastrtps_cpp__visibility_control.h\n'}
[4.319272] (gps_message) StdoutLine: {'line': b'-- Installing: /home/savannah/EECE5554/LAB4/install/gps_message/lib/libgps_message__rosidl_typesupport_fastrtps_cpp.so\n'}
[4.319307] (gps_message) StdoutLine: {'line': b'-- Set runtime path of "/home/savannah/EECE5554/LAB4/install/gps_message/lib/libgps_message__rosidl_typesupport_fastrtps_cpp.so" to ""\n'}
[4.319342] (gps_message) StdoutLine: {'line': b'-- Up-to-date: /home/savannah/EECE5554/LAB4/install/gps_message/include/gps_message/gps_message\n'}
[4.319376] (gps_message) StdoutLine: {'line': b'-- Up-to-date: /home/savannah/EECE5554/LAB4/install/gps_message/include/gps_message/gps_message/msg\n'}
[4.319411] (gps_message) StdoutLine: {'line': b'-- Up-to-date: /home/savannah/EECE5554/LAB4/install/gps_message/include/gps_message/gps_message/msg/detail\n'}
[4.319448] (gps_message) StdoutLine: {'line': b'-- Installing: /home/savannah/EECE5554/LAB4/install/gps_message/include/gps_message/gps_message/msg/detail/gps_msg__type_support.cpp\n'}
[4.319489] (gps_message) StdoutLine: {'line': b'-- Installing: /home/savannah/EECE5554/LAB4/install/gps_message/include/gps_message/gps_message/msg/detail/gps_msg__rosidl_typesupport_introspection_cpp.hpp\n'}
[4.319525] (gps_message) StdoutLine: {'line': b'-- Installing: /home/savannah/EECE5554/LAB4/install/gps_message/lib/libgps_message__rosidl_typesupport_introspection_cpp.so\n'}
[4.319561] (gps_message) StdoutLine: {'line': b'-- Set runtime path of "/home/savannah/EECE5554/LAB4/install/gps_message/lib/libgps_message__rosidl_typesupport_introspection_cpp.so" to ""\n'}
[4.319596] (gps_message) StdoutLine: {'line': b'-- Installing: /home/savannah/EECE5554/LAB4/install/gps_message/lib/libgps_message__rosidl_typesupport_cpp.so\n'}
[4.319631] (gps_message) StdoutLine: {'line': b'-- Set runtime path of "/home/savannah/EECE5554/LAB4/install/gps_message/lib/libgps_message__rosidl_typesupport_cpp.so" to ""\n'}
[4.319671] (gps_message) StdoutLine: {'line': b'-- Installing: /home/savannah/EECE5554/LAB4/install/gps_message/share/gps_message/environment/pythonpath.sh\n'}
[4.319707] (gps_message) StdoutLine: {'line': b'-- Installing: /home/savannah/EECE5554/LAB4/install/gps_message/share/gps_message/environment/pythonpath.dsv\n'}
[4.319742] (gps_message) StdoutLine: {'line': b'-- Installing: /home/savannah/EECE5554/LAB4/install/gps_message/local/lib/python3.10/dist-packages/gps_message-0.0.0-py3.10.egg-info\n'}
[4.319844] (gps_message) StdoutLine: {'line': b'-- Installing: /home/savannah/EECE5554/LAB4/install/gps_message/local/lib/python3.10/dist-packages/gps_message-0.0.0-py3.10.egg-info/top_level.txt\n'}
[4.319883] (gps_message) StdoutLine: {'line': b'-- Installing: /home/savannah/EECE5554/LAB4/install/gps_message/local/lib/python3.10/dist-packages/gps_message-0.0.0-py3.10.egg-info/dependency_links.txt\n'}
[4.319936] (gps_message) StdoutLine: {'line': b'-- Installing: /home/savannah/EECE5554/LAB4/install/gps_message/local/lib/python3.10/dist-packages/gps_message-0.0.0-py3.10.egg-info/SOURCES.txt\n'}
[4.319974] (gps_message) StdoutLine: {'line': b'-- Installing: /home/savannah/EECE5554/LAB4/install/gps_message/local/lib/python3.10/dist-packages/gps_message-0.0.0-py3.10.egg-info/PKG-INFO\n'}
[4.320010] (gps_message) StdoutLine: {'line': b'-- Installing: /home/savannah/EECE5554/LAB4/install/gps_message/local/lib/python3.10/dist-packages/gps_message\n'}
[4.320046] (gps_message) StdoutLine: {'line': b'-- Installing: /home/savannah/EECE5554/LAB4/install/gps_message/local/lib/python3.10/dist-packages/gps_message/_gps_message_s.ep.rosidl_typesupport_c.c\n'}
[4.320093] (gps_message) StdoutLine: {'line': b'-- Installing: /home/savannah/EECE5554/LAB4/install/gps_message/local/lib/python3.10/dist-packages/gps_message/libgps_message__rosidl_generator_py.so\n'}
[4.320137] (gps_message) StdoutLine: {'line': b'-- Installing: /home/savannah/EECE5554/LAB4/install/gps_message/local/lib/python3.10/dist-packages/gps_message/gps_message_s__rosidl_typesupport_fastrtps_c.cpython-310-x86_64-linux-gnu.so\n'}
[4.320176] (gps_message) StdoutLine: {'line': b'-- Installing: /home/savannah/EECE5554/LAB4/install/gps_message/local/lib/python3.10/dist-packages/gps_message/gps_message_s__rosidl_typesupport_c.cpython-310-x86_64-linux-gnu.so\n'}
[4.320233] (gps_message) StdoutLine: {'line': b'-- Installing: /home/savannah/EECE5554/LAB4/install/gps_message/local/lib/python3.10/dist-packages/gps_message/gps_message_s__rosidl_typesupport_introspection_c.cpython-310-x86_64-linux-gnu.so\n'}
[4.320270] (gps_message) StdoutLine: {'line': b'-- Installing: /home/savannah/EECE5554/LAB4/install/gps_message/local/lib/python3.10/dist-packages/gps_message/_gps_message_s.ep.rosidl_typesupport_fastrtps_c.c\n'}
[4.320330] (gps_message) StdoutLine: {'line': b'-- Installing: /home/savannah/EECE5554/LAB4/install/gps_message/local/lib/python3.10/dist-packages/gps_message/msg\n'}
[4.320367] (gps_message) StdoutLine: {'line': b'-- Installing: /home/savannah/EECE5554/LAB4/install/gps_message/local/lib/python3.10/dist-packages/gps_message/msg/_gps_msg_s.c\n'}
[4.320403] (gps_message) StdoutLine: {'line': b'-- Installing: /home/savannah/EECE5554/LAB4/install/gps_message/local/lib/python3.10/dist-packages/gps_message/msg/_gps_msg.py\n'}
[4.320446] (gps_message) StdoutLine: {'line': b'-- Installing: /home/savannah/EECE5554/LAB4/install/gps_message/local/lib/python3.10/dist-packages/gps_message/msg/__init__.py\n'}
[4.320482] (gps_message) StdoutLine: {'line': b'-- Installing: /home/savannah/EECE5554/LAB4/install/gps_message/local/lib/python3.10/dist-packages/gps_message/__init__.py\n'}
[4.320517] (gps_message) StdoutLine: {'line': b'-- Installing: /home/savannah/EECE5554/LAB4/install/gps_message/local/lib/python3.10/dist-packages/gps_message/_gps_message_s.ep.rosidl_typesupport_introspection_c.c\n'}
[4.333378] (-) TimerEvent: {}
[4.343780] (imu_msg) StdoutLine: {'line': b'[ 80%] Built target imu_msg__rosidl_generator_py\n'}
[4.360232] (gps_message) StdoutLine: {'line': b"Listing '/home/savannah/EECE5554/LAB4/install/gps_message/local/lib/python3.10/dist-packages/gps_message'...\n"}
[4.360852] (gps_message) StdoutLine: {'line': b"Compiling '/home/savannah/EECE5554/LAB4/install/gps_message/local/lib/python3.10/dist-packages/gps_message/__init__.py'...\n"}
[4.361507] (gps_message) StdoutLine: {'line': b"Listing '/home/savannah/EECE5554/LAB4/install/gps_message/local/lib/python3.10/dist-packages/gps_message/msg'...\n"}
[4.361583] (gps_message) StdoutLine: {'line': b"Compiling '/home/savannah/EECE5554/LAB4/install/gps_message/local/lib/python3.10/dist-packages/gps_message/msg/__init__.py'...\n"}
[4.361642] (gps_message) StdoutLine: {'line': b"Compiling '/home/savannah/EECE5554/LAB4/install/gps_message/local/lib/python3.10/dist-packages/gps_message/msg/_gps_msg.py'...\n"}
[4.362853] (imu_msg) StdoutLine: {'line': b'[ 83%] \x1b[32mBuilding C object CMakeFiles/imu_msg__rosidl_typesupport_fastrtps_c__pyext.dir/rosidl_generator_py/imu_msg/_imu_msg_s.ep.rosidl_typesupport_fastrtps_c.c.o\x1b[0m\n'}
[4.365154] (gps_message) StdoutLine: {'line': b'-- Installing: /home/savannah/EECE5554/LAB4/install/gps_message/local/lib/python3.10/dist-packages/gps_message/gps_message_s__rosidl_typesupport_fastrtps_c.cpython-310-x86_64-linux-gnu.so\n'}
[4.365708] (gps_message) StdoutLine: {'line': b'-- Set runtime path of "/home/savannah/EECE5554/LAB4/install/gps_message/local/lib/python3.10/dist-packages/gps_message/gps_message_s__rosidl_typesupport_fastrtps_c.cpython-310-x86_64-linux-gnu.so" to ""\n'}
[4.365974] (gps_message) StdoutLine: {'line': b'-- Installing: /home/savannah/EECE5554/LAB4/install/gps_message/local/lib/python3.10/dist-packages/gps_message/gps_message_s__rosidl_typesupport_introspection_c.cpython-310-x86_64-linux-gnu.so\n'}
[4.366245] (gps_message) StdoutLine: {'line': b'-- Set runtime path of "/home/savannah/EECE5554/LAB4/install/gps_message/local/lib/python3.10/dist-packages/gps_message/gps_message_s__rosidl_typesupport_introspection_c.cpython-310-x86_64-linux-gnu.so" to ""\n'}
[4.366551] (imu_msg) StdoutLine: {'line': b'[ 87%] \x1b[32mBuilding C object CMakeFiles/imu_msg__rosidl_typesupport_introspection_c__pyext.dir/rosidl_generator_py/imu_msg/_imu_msg_s.ep.rosidl_typesupport_introspection_c.c.o\x1b[0m\n'}
[4.366820] (imu_msg) StdoutLine: {'line': b'[ 90%] \x1b[32mBuilding C object CMakeFiles/imu_msg__rosidl_typesupport_c__pyext.dir/rosidl_generator_py/imu_msg/_imu_msg_s.ep.rosidl_typesupport_c.c.o\x1b[0m\n'}
[4.367630] (gps_message) StdoutLine: {'line': b'-- Installing: /home/savannah/EECE5554/LAB4/install/gps_message/local/lib/python3.10/dist-packages/gps_message/gps_message_s__rosidl_typesupport_c.cpython-310-x86_64-linux-gnu.so\n'}
[4.367944] (gps_message) StdoutLine: {'line': b'-- Set runtime path of "/home/savannah/EECE5554/LAB4/install/gps_message/local/lib/python3.10/dist-packages/gps_message/gps_message_s__rosidl_typesupport_c.cpython-310-x86_64-linux-gnu.so" to ""\n'}
[4.368713] (gps_message) StdoutLine: {'line': b'-- Installing: /home/savannah/EECE5554/LAB4/install/gps_message/lib/libgps_message__rosidl_generator_py.so\n'}
[4.370449] (gps_message) StdoutLine: {'line': b'-- Set runtime path of "/home/savannah/EECE5554/LAB4/install/gps_message/lib/libgps_message__rosidl_generator_py.so" to ""\n'}
[4.370755] (gps_message) StdoutLine: {'line': b'-- Installing: /home/savannah/EECE5554/LAB4/install/gps_message/share/gps_message/msg/GpsMsg.idl\n'}
[4.371178] (gps_message) StdoutLine: {'line': b'-- Installing: /home/savannah/EECE5554/LAB4/install/gps_message/share/gps_message/msg/GpsMsg.msg\n'}
[4.371626] (gps_message) StdoutLine: {'line': b'-- Installing: /home/savannah/EECE5554/LAB4/install/gps_message/share/ament_index/resource_index/package_run_dependencies/gps_message\n'}
[4.371863] (gps_message) StdoutLine: {'line': b'-- Installing: /home/savannah/EECE5554/LAB4/install/gps_message/share/ament_index/resource_index/parent_prefix_path/gps_message\n'}
[4.371903] (gps_message) StdoutLine: {'line': b'-- Installing: /home/savannah/EECE5554/LAB4/install/gps_message/share/gps_message/environment/ament_prefix_path.sh\n'}
[4.371947] (gps_message) StdoutLine: {'line': b'-- Installing: /home/savannah/EECE5554/LAB4/install/gps_message/share/gps_message/environment/ament_prefix_path.dsv\n'}
[4.375270] (gps_message) StdoutLine: {'line': b'-- Installing: /home/savannah/EECE5554/LAB4/install/gps_message/share/gps_message/environment/path.sh\n'}
[4.375427] (gps_message) StdoutLine: {'line': b'-- Installing: /home/savannah/EECE5554/LAB4/install/gps_message/share/gps_message/environment/path.dsv\n'}
[4.377509] (gps_message) StdoutLine: {'line': b'-- Installing: /home/savannah/EECE5554/LAB4/install/gps_message/share/gps_message/local_setup.bash\n'}
[4.378146] (gps_message) StdoutLine: {'line': b'-- Installing: /home/savannah/EECE5554/LAB4/install/gps_message/share/gps_message/local_setup.sh\n'}
[4.378669] (gps_message) StdoutLine: {'line': b'-- Installing: /home/savannah/EECE5554/LAB4/install/gps_message/share/gps_message/local_setup.zsh\n'}
[4.378721] (gps_message) StdoutLine: {'line': b'-- Installing: /home/savannah/EECE5554/LAB4/install/gps_message/share/gps_message/local_setup.dsv\n'}
[4.378761] (gps_message) StdoutLine: {'line': b'-- Installing: /home/savannah/EECE5554/LAB4/install/gps_message/share/gps_message/package.dsv\n'}
[4.378798] (gps_message) StdoutLine: {'line': b'-- Installing: /home/savannah/EECE5554/LAB4/install/gps_message/share/ament_index/resource_index/packages/gps_message\n'}
[4.380057] (gps_message) StdoutLine: {'line': b'-- Installing: /home/savannah/EECE5554/LAB4/install/gps_message/share/gps_message/cmake/export_gps_message__rosidl_generator_cExport.cmake\n'}
[4.380571] (gps_message) StdoutLine: {'line': b'-- Installing: /home/savannah/EECE5554/LAB4/install/gps_message/share/gps_message/cmake/export_gps_message__rosidl_generator_cExport-noconfig.cmake\n'}
[4.380846] (gps_message) StdoutLine: {'line': b'-- Installing: /home/savannah/EECE5554/LAB4/install/gps_message/share/gps_message/cmake/export_gps_message__rosidl_typesupport_fastrtps_cExport.cmake\n'}
[4.381312] (gps_message) StdoutLine: {'line': b'-- Installing: /home/savannah/EECE5554/LAB4/install/gps_message/share/gps_message/cmake/export_gps_message__rosidl_typesupport_fastrtps_cExport-noconfig.cmake\n'}
[4.381648] (gps_message) StdoutLine: {'line': b'-- Installing: /home/savannah/EECE5554/LAB4/install/gps_message/share/gps_message/cmake/gps_message__rosidl_typesupport_introspection_cExport.cmake\n'}
[4.383497] (gps_message) StdoutLine: {'line': b'-- Installing: /home/savannah/EECE5554/LAB4/install/gps_message/share/gps_message/cmake/gps_message__rosidl_typesupport_introspection_cExport-noconfig.cmake\n'}
[4.384059] (gps_message) StdoutLine: {'line': b'-- Installing: /home/savannah/EECE5554/LAB4/install/gps_message/share/gps_message/cmake/gps_message__rosidl_typesupport_cExport.cmake\n'}
[4.384407] (gps_message) StdoutLine: {'line': b'-- Installing: /home/savannah/EECE5554/LAB4/install/gps_message/share/gps_message/cmake/gps_message__rosidl_typesupport_cExport-noconfig.cmake\n'}
[4.384832] (gps_message) StdoutLine: {'line': b'-- Installing: /home/savannah/EECE5554/LAB4/install/gps_message/share/gps_message/cmake/export_gps_message__rosidl_generator_cppExport.cmake\n'}
[4.385312] (gps_message) StdoutLine: {'line': b'-- Installing: /home/savannah/EECE5554/LAB4/install/gps_message/share/gps_message/cmake/export_gps_message__rosidl_typesupport_fastrtps_cppExport.cmake\n'}
[4.385742] (gps_message) StdoutLine: {'line': b'-- Installing: /home/savannah/EECE5554/LAB4/install/gps_message/share/gps_message/cmake/export_gps_message__rosidl_typesupport_fastrtps_cppExport-noconfig.cmake\n'}
[4.386160] (gps_message) StdoutLine: {'line': b'-- Installing: /home/savannah/EECE5554/LAB4/install/gps_message/share/gps_message/cmake/gps_message__rosidl_typesupport_introspection_cppExport.cmake\n'}
[4.386607] (gps_message) StdoutLine: {'line': b'-- Installing: /home/savannah/EECE5554/LAB4/install/gps_message/share/gps_message/cmake/gps_message__rosidl_typesupport_introspection_cppExport-noconfig.cmake\n'}
[4.386876] (gps_message) StdoutLine: {'line': b'-- Installing: /home/savannah/EECE5554/LAB4/install/gps_message/share/gps_message/cmake/gps_message__rosidl_typesupport_cppExport.cmake\n'}
[4.386919] (gps_message) StdoutLine: {'line': b'-- Installing: /home/savannah/EECE5554/LAB4/install/gps_message/share/gps_message/cmake/gps_message__rosidl_typesupport_cppExport-noconfig.cmake\n'}
[4.386956] (gps_message) StdoutLine: {'line': b'-- Installing: /home/savannah/EECE5554/LAB4/install/gps_message/share/gps_message/cmake/export_gps_message__rosidl_generator_pyExport.cmake\n'}
[4.386992] (gps_message) StdoutLine: {'line': b'-- Installing: /home/savannah/EECE5554/LAB4/install/gps_message/share/gps_message/cmake/export_gps_message__rosidl_generator_pyExport-noconfig.cmake\n'}
[4.387029] (gps_message) StdoutLine: {'line': b'-- Installing: /home/savannah/EECE5554/LAB4/install/gps_message/share/gps_message/cmake/rosidl_cmake-extras.cmake\n'}
[4.387064] (gps_message) StdoutLine: {'line': b'-- Installing: /home/savannah/EECE5554/LAB4/install/gps_message/share/gps_message/cmake/ament_cmake_export_dependencies-extras.cmake\n'}
[4.387100] (gps_message) StdoutLine: {'line': b'-- Installing: /home/savannah/EECE5554/LAB4/install/gps_message/share/gps_message/cmake/ament_cmake_export_include_directories-extras.cmake\n'}
[4.388890] (gps_message) StdoutLine: {'line': b'-- Installing: /home/savannah/EECE5554/LAB4/install/gps_message/share/gps_message/cmake/ament_cmake_export_libraries-extras.cmake\n'}
[4.389512] (gps_message) StdoutLine: {'line': b'-- Installing: /home/savannah/EECE5554/LAB4/install/gps_message/share/gps_message/cmake/ament_cmake_export_targets-extras.cmake\n'}
[4.390130] (gps_message) StdoutLine: {'line': b'-- Installing: /home/savannah/EECE5554/LAB4/install/gps_message/share/gps_message/cmake/rosidl_cmake_export_typesupport_targets-extras.cmake\n'}
[4.390626] (gps_message) StdoutLine: {'line': b'-- Installing: /home/savannah/EECE5554/LAB4/install/gps_message/share/gps_message/cmake/rosidl_cmake_export_typesupport_libraries-extras.cmake\n'}
[4.390676] (gps_message) StdoutLine: {'line': b'-- Installing: /home/savannah/EECE5554/LAB4/install/gps_message/share/gps_message/cmake/gps_messageConfig.cmake\n'}
[4.390722] (gps_message) StdoutLine: {'line': b'-- Installing: /home/savannah/EECE5554/LAB4/install/gps_message/share/gps_message/cmake/gps_messageConfig-version.cmake\n'}
[4.391839] (gps_message) StdoutLine: {'line': b'-- Installing: /home/savannah/EECE5554/LAB4/install/gps_message/share/gps_message/package.xml\n'}
[4.394782] (gps_message) CommandEnded: {'returncode': 0}
[4.414567] (gps_message) JobEnded: {'identifier': 'gps_message', 'rc': 0}
[4.415402] (gps_driver) JobStarted: {'identifier': 'gps_driver'}
[4.433985] (-) TimerEvent: {}
[4.455915] (imu_msg) StdoutLine: {'line': b'[ 93%] \x1b[32m\x1b[1mLinking C shared library rosidl_generator_py/imu_msg/imu_msg_s__rosidl_typesupport_fastrtps_c.cpython-310-x86_64-linux-gnu.so\x1b[0m\n'}
[4.468493] (imu_msg) StdoutLine: {'line': b'[ 96%] \x1b[32m\x1b[1mLinking C shared library rosidl_generator_py/imu_msg/imu_msg_s__rosidl_typesupport_c.cpython-310-x86_64-linux-gnu.so\x1b[0m\n'}
[4.468914] (imu_msg) StdoutLine: {'line': b'[100%] \x1b[32m\x1b[1mLinking C shared library rosidl_generator_py/imu_msg/imu_msg_s__rosidl_typesupport_introspection_c.cpython-310-x86_64-linux-gnu.so\x1b[0m\n'}
[4.497343] (imu_msg) StdoutLine: {'line': b'[100%] Built target imu_msg__rosidl_typesupport_fastrtps_c__pyext\n'}
[4.512465] (imu_msg) StdoutLine: {'line': b'[100%] Built target imu_msg__rosidl_typesupport_c__pyext\n'}
[4.515408] (imu_msg) StdoutLine: {'line': b'[100%] Built target imu_msg__rosidl_typesupport_introspection_c__pyext\n'}
[4.534264] (-) TimerEvent: {}
[4.635580] (-) TimerEvent: {}
[4.649842] (imu_msg) CommandEnded: {'returncode': 0}
[4.651676] (imu_msg) JobProgress: {'identifier': 'imu_msg', 'progress': 'install'}
[4.651745] (imu_msg) Command: {'cmd': ['/usr/bin/cmake', '--install', '/home/savannah/EECE5554/LAB4/build/imu_msg'], 'cwd': '/home/savannah/EECE5554/LAB4/build/imu_msg', 'env': OrderedDict([('LESSOPEN', '| /usr/bin/lesspipe %s'), ('USER', 'savannah'), ('XDG_SESSION_TYPE', 'wayland'), ('SHLVL', '2'), ('LD_LIBRARY_PATH', '/home/savannah/EECE5554/LAB4/install/imu_msg/lib:/home/savannah/EECE5554/LAB4/install/gps_message/lib:/opt/ros/humble/opt/rviz_ogre_vendor/lib:/opt/ros/humble/lib/x86_64-linux-gnu:/opt/ros/humble/lib'), ('HOME', '/home/savannah'), ('OLDPWD', '/home/savannah/EECE5554/LAB4/src/gps_driver/gps_driver'), ('DESKTOP_SESSION', 'ubuntu'), ('ROS_PYTHON_VERSION', '3'), ('GNOME_SHELL_SESSION_MODE', 'ubuntu'), ('GTK_MODULES', 'gail:atk-bridge'), ('SYSTEMD_EXEC_PID', '1701'), ('DBUS_SESSION_BUS_ADDRESS', 'unix:path=/run/user/1000/bus'), ('COLORTERM', 'truecolor'), ('TERMINATOR_DBUS_NAME', 'net.tenshu.Terminator25ef4b219e3b005583550f2b0f9f990c3'), ('IM_CONFIG_PHASE', '1'), ('WAYLAND_DISPLAY', 'wayland-0'), ('COLCON_PREFIX_PATH', '/home/savannah/EECE5554/LAB4/install'), ('ROS_DISTRO', 'humble'), ('LOGNAME', 'savannah'), ('_', '/usr/bin/colcon'), ('ROS_VERSION', '2'), ('XDG_SESSION_CLASS', 'user'), ('USERNAME', 'savannah'), ('TERM', 'xterm-256color'), ('GNOME_DESKTOP_SESSION_ID', 'this-is-deprecated'), ('ROS_LOCALHOST_ONLY', '0'), ('PATH', '/opt/ros/humble/bin:/home/savannah/.local/bin:/usr/local/sbin:/usr/local/bin:/usr/sbin:/usr/bin:/sbin:/bin:/usr/games:/usr/local/games:/snap/bin:/snap/bin'), ('SESSION_MANAGER', 'local/savannah-VirtualBox:@/tmp/.ICE-unix/1661,unix/savannah-VirtualBox:/tmp/.ICE-unix/1661'), ('XDG_MENU_PREFIX', 'gnome-'), ('GNOME_TERMINAL_SCREEN', '/org/gnome/Terminal/screen/115b0915_29a3_46f0_93e7_838b2bbe1923'), ('GNOME_SETUP_DISPLAY', ':1'), ('XDG_RUNTIME_DIR', '/run/user/1000'), ('DISPLAY', ':0'), ('TERMINATOR_DBUS_PATH', '/net/tenshu/Terminator2'), ('LANG', 'en_US.UTF-8'), ('XDG_CURRENT_DESKTOP', 'ubuntu:GNOME'), ('IBUS_DISABLE_SNOOPER', '1'), ('XMODIFIERS', '@im=ibus'), ('XDG_SESSION_DESKTOP', 'ubuntu'), ('XAUTHORITY', '/run/user/1000/.mutter-Xwaylandauth.FJW132'), ('LS_COLORS', 'rs=0:di=01;34:ln=01;36:mh=00:pi=40;33:so=01;35:do=01;35:bd=40;33;01:cd=40;33;01:or=40;31;01:mi=00:su=37;41:sg=30;43:ca=30;41:tw=30;42:ow=34;42:st=37;44:ex=01;32:*.tar=01;31:*.tgz=01;31:*.arc=01;31:*.arj=01;31:*.taz=01;31:*.lha=01;31:*.lz4=01;31:*.lzh=01;31:*.lzma=01;31:*.tlz=01;31:*.txz=01;31:*.tzo=01;31:*.t7z=01;31:*.zip=01;31:*.z=01;31:*.dz=01;31:*.gz=01;31:*.lrz=01;31:*.lz=01;31:*.lzo=01;31:*.xz=01;31:*.zst=01;31:*.tzst=01;31:*.bz2=01;31:*.bz=01;31:*.tbz=01;31:*.tbz2=01;31:*.tz=01;31:*.deb=01;31:*.rpm=01;31:*.jar=01;31:*.war=01;31:*.ear=01;31:*.sar=01;31:*.rar=01;31:*.alz=01;31:*.ace=01;31:*.zoo=01;31:*.cpio=01;31:*.7z=01;31:*.rz=01;31:*.cab=01;31:*.wim=01;31:*.swm=01;31:*.dwm=01;31:*.esd=01;31:*.jpg=01;35:*.jpeg=01;35:*.mjpg=01;35:*.mjpeg=01;35:*.gif=01;35:*.bmp=01;35:*.pbm=01;35:*.pgm=01;35:*.ppm=01;35:*.tga=01;35:*.xbm=01;35:*.xpm=01;35:*.tif=01;35:*.tiff=01;35:*.png=01;35:*.svg=01;35:*.svgz=01;35:*.mng=01;35:*.pcx=01;35:*.mov=01;35:*.mpg=01;35:*.mpeg=01;35:*.m2v=01;35:*.mkv=01;35:*.webm=01;35:*.webp=01;35:*.ogm=01;35:*.mp4=01;35:*.m4v=01;35:*.mp4v=01;35:*.vob=01;35:*.qt=01;35:*.nuv=01;35:*.wmv=01;35:*.asf=01;35:*.rm=01;35:*.rmvb=01;35:*.flc=01;35:*.avi=01;35:*.fli=01;35:*.flv=01;35:*.gl=01;35:*.dl=01;35:*.xcf=01;35:*.xwd=01;35:*.yuv=01;35:*.cgm=01;35:*.emf=01;35:*.ogv=01;35:*.ogx=01;35:*.aac=00;36:*.au=00;36:*.flac=00;36:*.m4a=00;36:*.mid=00;36:*.midi=00;36:*.mka=00;36:*.mp3=00;36:*.mpc=00;36:*.ogg=00;36:*.ra=00;36:*.wav=00;36:*.oga=00;36:*.opus=00;36:*.spx=00;36:*.xspf=00;36:'), ('GNOME_TERMINAL_SERVICE', ':1.104'), ('SSH_AGENT_LAUNCHER', 'gnome-keyring'), ('SSH_AUTH_SOCK', '/run/user/1000/keyring/ssh'), ('AMENT_PREFIX_PATH', '/home/savannah/EECE5554/LAB4/install/fusion_driver:/home/savannah/EECE5554/LAB4/install/imu_driver:/home/savannah/EECE5554/LAB4/install/imu_msg:/home/savannah/EECE5554/LAB4/install/gps_driver:/home/savannah/EECE5554/LAB4/install/gps_message:/opt/ros/humble'), ('SHELL', '/bin/bash'), ('TERMINATOR_UUID', 'urn:uuid:f90c821d-3786-4772-96da-b6768894ea90'), ('QT_ACCESSIBILITY', '1'), ('GDMSESSION', 'ubuntu'), ('LESSCLOSE', '/usr/bin/lesspipe %s %s'), ('QT_IM_MODULE', 'ibus'), ('PWD', '/home/savannah/EECE5554/LAB4/build/imu_msg'), ('LC_ALL', 'en_US.UTF-8'), ('XDG_CONFIG_DIRS', '/etc/xdg/xdg-ubuntu:/etc/xdg'), ('XDG_DATA_DIRS', '/usr/share/ubuntu:/usr/local/share/:/usr/share/:/var/lib/snapd/desktop'), ('PYTHONPATH', '/home/savannah/EECE5554/LAB4/install/fusion_driver/lib/python3.10/site-packages:/home/savannah/EECE5554/LAB4/install/imu_driver/lib/python3.10/site-packages:/home/savannah/EECE5554/LAB4/install/imu_msg/local/lib/python3.10/dist-packages:/home/savannah/EECE5554/LAB4/install/gps_driver/lib/python3.10/site-packages:/home/savannah/EECE5554/LAB4/install/gps_message/local/lib/python3.10/dist-packages:/opt/ros/humble/lib/python3.10/site-packages:/opt/ros/humble/local/lib/python3.10/dist-packages'), ('COLCON', '1'), ('VTE_VERSION', '6800'), ('CMAKE_PREFIX_PATH', '/home/savannah/EECE5554/LAB4/install/imu_msg:/home/savannah/EECE5554/LAB4/install/gps_message:/home/savannah/EECE5554/LAB4/install/fusion_driver:/home/savannah/EECE5554/LAB4/install/imu_driver:/home/savannah/EECE5554/LAB4/install/gps_driver:/opt/ros/humble')]), 'shell': False}
[4.660191] (imu_msg) StdoutLine: {'line': b'-- Install configuration: ""\n'}
[4.660450] (imu_msg) StdoutLine: {'line': b'-- Installing: /home/savannah/EECE5554/LAB4/install/imu_msg/share/ament_index/resource_index/rosidl_interfaces/imu_msg\n'}
[4.660495] (imu_msg) StdoutLine: {'line': b'-- Installing: /home/savannah/EECE5554/LAB4/install/imu_msg/include/imu_msg/imu_msg\n'}
[4.660532] (imu_msg) StdoutLine: {'line': b'-- Installing: /home/savannah/EECE5554/LAB4/install/imu_msg/include/imu_msg/imu_msg/msg\n'}
[4.661399] (imu_msg) StdoutLine: {'line': b'-- Installing: /home/savannah/EECE5554/LAB4/install/imu_msg/include/imu_msg/imu_msg/msg/imu_msg.h\n'}
[4.661586] (imu_msg) StdoutLine: {'line': b'-- Installing: /home/savannah/EECE5554/LAB4/install/imu_msg/include/imu_msg/imu_msg/msg/detail\n'}
[4.661626] (imu_msg) StdoutLine: {'line': b'-- Installing: /home/savannah/EECE5554/LAB4/install/imu_msg/include/imu_msg/imu_msg/msg/detail/imu_msg__functions.c\n'}
[4.661680] (imu_msg) StdoutLine: {'line': b'-- Installing: /home/savannah/EECE5554/LAB4/install/imu_msg/include/imu_msg/imu_msg/msg/detail/imu_msg__struct.h\n'}
[4.661716] (imu_msg) StdoutLine: {'line': b'-- Installing: /home/savannah/EECE5554/LAB4/install/imu_msg/include/imu_msg/imu_msg/msg/detail/imu_msg__type_support.h\n'}
[4.661765] (imu_msg) StdoutLine: {'line': b'-- Installing: /home/savannah/EECE5554/LAB4/install/imu_msg/include/imu_msg/imu_msg/msg/detail/imu_msg__functions.h\n'}
[4.661810] (imu_msg) StdoutLine: {'line': b'-- Installing: /home/savannah/EECE5554/LAB4/install/imu_msg/include/imu_msg/imu_msg/msg/rosidl_generator_c__visibility_control.h\n'}
[4.661849] (imu_msg) StdoutLine: {'line': b'-- Installing: /home/savannah/EECE5554/LAB4/install/imu_msg/share/imu_msg/environment/library_path.sh\n'}
[4.661913] (imu_msg) StdoutLine: {'line': b'-- Installing: /home/savannah/EECE5554/LAB4/install/imu_msg/share/imu_msg/environment/library_path.dsv\n'}
[4.661951] (imu_msg) StdoutLine: {'line': b'-- Installing: /home/savannah/EECE5554/LAB4/install/imu_msg/lib/libimu_msg__rosidl_generator_c.so\n'}
[4.661988] (imu_msg) StdoutLine: {'line': b'-- Set runtime path of "/home/savannah/EECE5554/LAB4/install/imu_msg/lib/libimu_msg__rosidl_generator_c.so" to ""\n'}
[4.662024] (imu_msg) StdoutLine: {'line': b'-- Up-to-date: /home/savannah/EECE5554/LAB4/install/imu_msg/include/imu_msg/imu_msg\n'}
[4.662060] (imu_msg) StdoutLine: {'line': b'-- Up-to-date: /home/savannah/EECE5554/LAB4/install/imu_msg/include/imu_msg/imu_msg/msg\n'}
[4.662097] (imu_msg) StdoutLine: {'line': b'-- Up-to-date: /home/savannah/EECE5554/LAB4/install/imu_msg/include/imu_msg/imu_msg/msg/detail\n'}
[4.664388] (imu_msg) StdoutLine: {'line': b'-- Installing: /home/savannah/EECE5554/LAB4/install/imu_msg/include/imu_msg/imu_msg/msg/detail/imu_msg__rosidl_typesupport_fastrtps_c.h\n'}
[4.664481] (imu_msg) StdoutLine: {'line': b'-- Installing: /home/savannah/EECE5554/LAB4/install/imu_msg/include/imu_msg/imu_msg/msg/rosidl_typesupport_fastrtps_c__visibility_control.h\n'}
[4.664526] (imu_msg) StdoutLine: {'line': b'-- Installing: /home/savannah/EECE5554/LAB4/install/imu_msg/lib/libimu_msg__rosidl_typesupport_fastrtps_c.so\n'}
[4.664563] (imu_msg) StdoutLine: {'line': b'-- Set runtime path of "/home/savannah/EECE5554/LAB4/install/imu_msg/lib/libimu_msg__rosidl_typesupport_fastrtps_c.so" to ""\n'}
[4.664598] (imu_msg) StdoutLine: {'line': b'-- Up-to-date: /home/savannah/EECE5554/LAB4/install/imu_msg/include/imu_msg/imu_msg\n'}
[4.664637] (imu_msg) StdoutLine: {'line': b'-- Up-to-date: /home/savannah/EECE5554/LAB4/install/imu_msg/include/imu_msg/imu_msg/msg\n'}
[4.664673] (imu_msg) StdoutLine: {'line': b'-- Installing: /home/savannah/EECE5554/LAB4/install/imu_msg/include/imu_msg/imu_msg/msg/imu_msg.hpp\n'}
[4.664709] (imu_msg) StdoutLine: {'line': b'-- Up-to-date: /home/savannah/EECE5554/LAB4/install/imu_msg/include/imu_msg/imu_msg/msg/detail\n'}
[4.664744] (imu_msg) StdoutLine: {'line': b'-- Installing: /home/savannah/EECE5554/LAB4/install/imu_msg/include/imu_msg/imu_msg/msg/detail/imu_msg__struct.hpp\n'}
[4.664779] (imu_msg) StdoutLine: {'line': b'-- Installing: /home/savannah/EECE5554/LAB4/install/imu_msg/include/imu_msg/imu_msg/msg/detail/imu_msg__traits.hpp\n'}
[4.664814] (imu_msg) StdoutLine: {'line': b'-- Installing: /home/savannah/EECE5554/LAB4/install/imu_msg/include/imu_msg/imu_msg/msg/detail/imu_msg__type_support.hpp\n'}
[4.664849] (imu_msg) StdoutLine: {'line': b'-- Installing: /home/savannah/EECE5554/LAB4/install/imu_msg/include/imu_msg/imu_msg/msg/detail/imu_msg__builder.hpp\n'}
[4.668429] (imu_msg) StdoutLine: {'line': b'-- Installing: /home/savannah/EECE5554/LAB4/install/imu_msg/include/imu_msg/imu_msg/msg/rosidl_generator_cpp__visibility_control.hpp\n'}
[4.668473] (imu_msg) StdoutLine: {'line': b'-- Up-to-date: /home/savannah/EECE5554/LAB4/install/imu_msg/include/imu_msg/imu_msg\n'}
[4.668510] (imu_msg) StdoutLine: {'line': b'-- Up-to-date: /home/savannah/EECE5554/LAB4/install/imu_msg/include/imu_msg/imu_msg/msg\n'}
[4.668547] (imu_msg) StdoutLine: {'line': b'-- Up-to-date: /home/savannah/EECE5554/LAB4/install/imu_msg/include/imu_msg/imu_msg/msg/detail\n'}
[4.668584] (imu_msg) StdoutLine: {'line': b'-- Installing: /home/savannah/EECE5554/LAB4/install/imu_msg/include/imu_msg/imu_msg/msg/detail/dds_fastrtps\n'}
[4.668620] (imu_msg) StdoutLine: {'line': b'-- Installing: /home/savannah/EECE5554/LAB4/install/imu_msg/include/imu_msg/imu_msg/msg/detail/imu_msg__rosidl_typesupport_fastrtps_cpp.hpp\n'}
[4.670432] (imu_msg) StdoutLine: {'line': b'-- Installing: /home/savannah/EECE5554/LAB4/install/imu_msg/include/imu_msg/imu_msg/msg/rosidl_typesupport_fastrtps_cpp__visibility_control.h\n'}
[4.670475] (imu_msg) StdoutLine: {'line': b'-- Installing: /home/savannah/EECE5554/LAB4/install/imu_msg/lib/libimu_msg__rosidl_typesupport_fastrtps_cpp.so\n'}
[4.670511] (imu_msg) StdoutLine: {'line': b'-- Set runtime path of "/home/savannah/EECE5554/LAB4/install/imu_msg/lib/libimu_msg__rosidl_typesupport_fastrtps_cpp.so" to ""\n'}
[4.670546] (imu_msg) StdoutLine: {'line': b'-- Up-to-date: /home/savannah/EECE5554/LAB4/install/imu_msg/include/imu_msg/imu_msg\n'}
[4.670582] (imu_msg) StdoutLine: {'line': b'-- Up-to-date: /home/savannah/EECE5554/LAB4/install/imu_msg/include/imu_msg/imu_msg/msg\n'}
[4.670618] (imu_msg) StdoutLine: {'line': b'-- Up-to-date: /home/savannah/EECE5554/LAB4/install/imu_msg/include/imu_msg/imu_msg/msg/detail\n'}
[4.670654] (imu_msg) StdoutLine: {'line': b'-- Installing: /home/savannah/EECE5554/LAB4/install/imu_msg/include/imu_msg/imu_msg/msg/detail/imu_msg__rosidl_typesupport_introspection_c.h\n'}
[4.670689] (imu_msg) StdoutLine: {'line': b'-- Installing: /home/savannah/EECE5554/LAB4/install/imu_msg/include/imu_msg/imu_msg/msg/detail/imu_msg__type_support.c\n'}
[4.670725] (imu_msg) StdoutLine: {'line': b'-- Installing: /home/savannah/EECE5554/LAB4/install/imu_msg/include/imu_msg/imu_msg/msg/rosidl_typesupport_introspection_c__visibility_control.h\n'}
[4.670761] (imu_msg) StdoutLine: {'line': b'-- Installing: /home/savannah/EECE5554/LAB4/install/imu_msg/lib/libimu_msg__rosidl_typesupport_introspection_c.so\n'}
[4.670805] (imu_msg) StdoutLine: {'line': b'-- Set runtime path of "/home/savannah/EECE5554/LAB4/install/imu_msg/lib/libimu_msg__rosidl_typesupport_introspection_c.so" to ""\n'}
[4.670840] (imu_msg) StdoutLine: {'line': b'-- Installing: /home/savannah/EECE5554/LAB4/install/imu_msg/lib/libimu_msg__rosidl_typesupport_c.so\n'}
[4.670876] (imu_msg) StdoutLine: {'line': b'-- Set runtime path of "/home/savannah/EECE5554/LAB4/install/imu_msg/lib/libimu_msg__rosidl_typesupport_c.so" to ""\n'}
[4.670918] (imu_msg) StdoutLine: {'line': b'-- Up-to-date: /home/savannah/EECE5554/LAB4/install/imu_msg/include/imu_msg/imu_msg\n'}
[4.670952] (imu_msg) StdoutLine: {'line': b'-- Up-to-date: /home/savannah/EECE5554/LAB4/install/imu_msg/include/imu_msg/imu_msg/msg\n'}
[4.670986] (imu_msg) StdoutLine: {'line': b'-- Up-to-date: /home/savannah/EECE5554/LAB4/install/imu_msg/include/imu_msg/imu_msg/msg/detail\n'}
[4.671034] (imu_msg) StdoutLine: {'line': b'-- Installing: /home/savannah/EECE5554/LAB4/install/imu_msg/include/imu_msg/imu_msg/msg/detail/imu_msg__type_support.cpp\n'}
[4.671077] (imu_msg) StdoutLine: {'line': b'-- Installing: /home/savannah/EECE5554/LAB4/install/imu_msg/include/imu_msg/imu_msg/msg/detail/imu_msg__rosidl_typesupport_introspection_cpp.hpp\n'}
[4.671113] (imu_msg) StdoutLine: {'line': b'-- Installing: /home/savannah/EECE5554/LAB4/install/imu_msg/lib/libimu_msg__rosidl_typesupport_introspection_cpp.so\n'}
[4.671149] (imu_msg) StdoutLine: {'line': b'-- Set runtime path of "/home/savannah/EECE5554/LAB4/install/imu_msg/lib/libimu_msg__rosidl_typesupport_introspection_cpp.so" to ""\n'}
[4.671185] (imu_msg) StdoutLine: {'line': b'-- Installing: /home/savannah/EECE5554/LAB4/install/imu_msg/lib/libimu_msg__rosidl_typesupport_cpp.so\n'}
[4.671224] (imu_msg) StdoutLine: {'line': b'-- Set runtime path of "/home/savannah/EECE5554/LAB4/install/imu_msg/lib/libimu_msg__rosidl_typesupport_cpp.so" to ""\n'}
[4.671260] (imu_msg) StdoutLine: {'line': b'-- Installing: /home/savannah/EECE5554/LAB4/install/imu_msg/share/imu_msg/environment/pythonpath.sh\n'}
[4.671296] (imu_msg) StdoutLine: {'line': b'-- Installing: /home/savannah/EECE5554/LAB4/install/imu_msg/share/imu_msg/environment/pythonpath.dsv\n'}
[4.671332] (imu_msg) StdoutLine: {'line': b'-- Installing: /home/savannah/EECE5554/LAB4/install/imu_msg/local/lib/python3.10/dist-packages/imu_msg-0.0.0-py3.10.egg-info\n'}
[4.671367] (imu_msg) StdoutLine: {'line': b'-- Installing: /home/savannah/EECE5554/LAB4/install/imu_msg/local/lib/python3.10/dist-packages/imu_msg-0.0.0-py3.10.egg-info/top_level.txt\n'}
[4.671402] (imu_msg) StdoutLine: {'line': b'-- Installing: /home/savannah/EECE5554/LAB4/install/imu_msg/local/lib/python3.10/dist-packages/imu_msg-0.0.0-py3.10.egg-info/dependency_links.txt\n'}
[4.671438] (imu_msg) StdoutLine: {'line': b'-- Installing: /home/savannah/EECE5554/LAB4/install/imu_msg/local/lib/python3.10/dist-packages/imu_msg-0.0.0-py3.10.egg-info/SOURCES.txt\n'}
[4.671472] (imu_msg) StdoutLine: {'line': b'-- Installing: /home/savannah/EECE5554/LAB4/install/imu_msg/local/lib/python3.10/dist-packages/imu_msg-0.0.0-py3.10.egg-info/PKG-INFO\n'}
[4.671507] (imu_msg) StdoutLine: {'line': b'-- Installing: /home/savannah/EECE5554/LAB4/install/imu_msg/local/lib/python3.10/dist-packages/imu_msg\n'}
[4.671597] (imu_msg) StdoutLine: {'line': b'-- Installing: /home/savannah/EECE5554/LAB4/install/imu_msg/local/lib/python3.10/dist-packages/imu_msg/_imu_msg_s.ep.rosidl_typesupport_c.c\n'}
[4.671644] (imu_msg) StdoutLine: {'line': b'-- Installing: /home/savannah/EECE5554/LAB4/install/imu_msg/local/lib/python3.10/dist-packages/imu_msg/libimu_msg__rosidl_generator_py.so\n'}
[4.671680] (imu_msg) StdoutLine: {'line': b'-- Installing: /home/savannah/EECE5554/LAB4/install/imu_msg/local/lib/python3.10/dist-packages/imu_msg/_imu_msg_s.ep.rosidl_typesupport_introspection_c.c\n'}
[4.671715] (imu_msg) StdoutLine: {'line': b'-- Installing: /home/savannah/EECE5554/LAB4/install/imu_msg/local/lib/python3.10/dist-packages/imu_msg/_imu_msg_s.ep.rosidl_typesupport_fastrtps_c.c\n'}
[4.671755] (imu_msg) StdoutLine: {'line': b'-- Installing: /home/savannah/EECE5554/LAB4/install/imu_msg/local/lib/python3.10/dist-packages/imu_msg/imu_msg_s__rosidl_typesupport_fastrtps_c.cpython-310-x86_64-linux-gnu.so\n'}
[4.671792] (imu_msg) StdoutLine: {'line': b'-- Installing: /home/savannah/EECE5554/LAB4/install/imu_msg/local/lib/python3.10/dist-packages/imu_msg/imu_msg_s__rosidl_typesupport_c.cpython-310-x86_64-linux-gnu.so\n'}
[4.671827] (imu_msg) StdoutLine: {'line': b'-- Installing: /home/savannah/EECE5554/LAB4/install/imu_msg/local/lib/python3.10/dist-packages/imu_msg/imu_msg_s__rosidl_typesupport_introspection_c.cpython-310-x86_64-linux-gnu.so\n'}
[4.671862] (imu_msg) StdoutLine: {'line': b'-- Installing: /home/savannah/EECE5554/LAB4/install/imu_msg/local/lib/python3.10/dist-packages/imu_msg/msg\n'}
[4.671895] (imu_msg) StdoutLine: {'line': b'-- Installing: /home/savannah/EECE5554/LAB4/install/imu_msg/local/lib/python3.10/dist-packages/imu_msg/msg/_imu_msg_s.c\n'}
[4.671930] (imu_msg) StdoutLine: {'line': b'-- Installing: /home/savannah/EECE5554/LAB4/install/imu_msg/local/lib/python3.10/dist-packages/imu_msg/msg/_imu_msg.py\n'}
[4.671971] (imu_msg) StdoutLine: {'line': b'-- Installing: /home/savannah/EECE5554/LAB4/install/imu_msg/local/lib/python3.10/dist-packages/imu_msg/msg/__init__.py\n'}
[4.672008] (imu_msg) StdoutLine: {'line': b'-- Installing: /home/savannah/EECE5554/LAB4/install/imu_msg/local/lib/python3.10/dist-packages/imu_msg/__init__.py\n'}
[4.700322] (imu_msg) StdoutLine: {'line': b"Listing '/home/savannah/EECE5554/LAB4/install/imu_msg/local/lib/python3.10/dist-packages/imu_msg'...\n"}
[4.700497] (imu_msg) StdoutLine: {'line': b"Compiling '/home/savannah/EECE5554/LAB4/install/imu_msg/local/lib/python3.10/dist-packages/imu_msg/__init__.py'...\n"}
[4.700541] (imu_msg) StdoutLine: {'line': b"Listing '/home/savannah/EECE5554/LAB4/install/imu_msg/local/lib/python3.10/dist-packages/imu_msg/msg'...\n"}
[4.700580] (imu_msg) StdoutLine: {'line': b"Compiling '/home/savannah/EECE5554/LAB4/install/imu_msg/local/lib/python3.10/dist-packages/imu_msg/msg/__init__.py'...\n"}
[4.700630] (imu_msg) StdoutLine: {'line': b"Compiling '/home/savannah/EECE5554/LAB4/install/imu_msg/local/lib/python3.10/dist-packages/imu_msg/msg/_imu_msg.py'...\n"}
[4.704555] (imu_msg) StdoutLine: {'line': b'-- Installing: /home/savannah/EECE5554/LAB4/install/imu_msg/local/lib/python3.10/dist-packages/imu_msg/imu_msg_s__rosidl_typesupport_fastrtps_c.cpython-310-x86_64-linux-gnu.so\n'}
[4.705008] (imu_msg) StdoutLine: {'line': b'-- Set runtime path of "/home/savannah/EECE5554/LAB4/install/imu_msg/local/lib/python3.10/dist-packages/imu_msg/imu_msg_s__rosidl_typesupport_fastrtps_c.cpython-310-x86_64-linux-gnu.so" to ""\n'}
[4.705107] (imu_msg) StdoutLine: {'line': b'-- Installing: /home/savannah/EECE5554/LAB4/install/imu_msg/local/lib/python3.10/dist-packages/imu_msg/imu_msg_s__rosidl_typesupport_introspection_c.cpython-310-x86_64-linux-gnu.so\n'}
[4.705170] (imu_msg) StdoutLine: {'line': b'-- Set runtime path of "/home/savannah/EECE5554/LAB4/install/imu_msg/local/lib/python3.10/dist-packages/imu_msg/imu_msg_s__rosidl_typesupport_introspection_c.cpython-310-x86_64-linux-gnu.so" to ""\n'}
[4.706261] (imu_msg) StdoutLine: {'line': b'-- Installing: /home/savannah/EECE5554/LAB4/install/imu_msg/local/lib/python3.10/dist-packages/imu_msg/imu_msg_s__rosidl_typesupport_c.cpython-310-x86_64-linux-gnu.so\n'}
[4.706527] (imu_msg) StdoutLine: {'line': b'-- Set runtime path of "/home/savannah/EECE5554/LAB4/install/imu_msg/local/lib/python3.10/dist-packages/imu_msg/imu_msg_s__rosidl_typesupport_c.cpython-310-x86_64-linux-gnu.so" to ""\n'}
[4.706573] (imu_msg) StdoutLine: {'line': b'-- Installing: /home/savannah/EECE5554/LAB4/install/imu_msg/lib/libimu_msg__rosidl_generator_py.so\n'}
[4.706612] (imu_msg) StdoutLine: {'line': b'-- Set runtime path of "/home/savannah/EECE5554/LAB4/install/imu_msg/lib/libimu_msg__rosidl_generator_py.so" to ""\n'}
[4.706648] (imu_msg) StdoutLine: {'line': b'-- Installing: /home/savannah/EECE5554/LAB4/install/imu_msg/share/imu_msg/msg/ImuMsg.idl\n'}
[4.706692] (imu_msg) StdoutLine: {'line': b'-- Installing: /home/savannah/EECE5554/LAB4/install/imu_msg/share/imu_msg/msg/ImuMsg.msg\n'}
[4.706728] (imu_msg) StdoutLine: {'line': b'-- Installing: /home/savannah/EECE5554/LAB4/install/imu_msg/share/ament_index/resource_index/package_run_dependencies/imu_msg\n'}
[4.706762] (imu_msg) StdoutLine: {'line': b'-- Installing: /home/savannah/EECE5554/LAB4/install/imu_msg/share/ament_index/resource_index/parent_prefix_path/imu_msg\n'}
[4.706797] (imu_msg) StdoutLine: {'line': b'-- Installing: /home/savannah/EECE5554/LAB4/install/imu_msg/share/imu_msg/environment/ament_prefix_path.sh\n'}
[4.706832] (imu_msg) StdoutLine: {'line': b'-- Installing: /home/savannah/EECE5554/LAB4/install/imu_msg/share/imu_msg/environment/ament_prefix_path.dsv\n'}
[4.708346] (imu_msg) StdoutLine: {'line': b'-- Installing: /home/savannah/EECE5554/LAB4/install/imu_msg/share/imu_msg/environment/path.sh\n'}
[4.708457] (imu_msg) StdoutLine: {'line': b'-- Installing: /home/savannah/EECE5554/LAB4/install/imu_msg/share/imu_msg/environment/path.dsv\n'}
[4.708499] (imu_msg) StdoutLine: {'line': b'-- Installing: /home/savannah/EECE5554/LAB4/install/imu_msg/share/imu_msg/local_setup.bash\n'}
[4.708536] (imu_msg) StdoutLine: {'line': b'-- Installing: /home/savannah/EECE5554/LAB4/install/imu_msg/share/imu_msg/local_setup.sh\n'}
[4.708572] (imu_msg) StdoutLine: {'line': b'-- Installing: /home/savannah/EECE5554/LAB4/install/imu_msg/share/imu_msg/local_setup.zsh\n'}
[4.708607] (imu_msg) StdoutLine: {'line': b'-- Installing: /home/savannah/EECE5554/LAB4/install/imu_msg/share/imu_msg/local_setup.dsv\n'}
[4.708642] (imu_msg) StdoutLine: {'line': b'-- Installing: /home/savannah/EECE5554/LAB4/install/imu_msg/share/imu_msg/package.dsv\n'}
[4.708676] (imu_msg) StdoutLine: {'line': b'-- Installing: /home/savannah/EECE5554/LAB4/install/imu_msg/share/ament_index/resource_index/packages/imu_msg\n'}
[4.708712] (imu_msg) StdoutLine: {'line': b'-- Installing: /home/savannah/EECE5554/LAB4/install/imu_msg/share/imu_msg/cmake/export_imu_msg__rosidl_generator_cExport.cmake\n'}
[4.708747] (imu_msg) StdoutLine: {'line': b'-- Installing: /home/savannah/EECE5554/LAB4/install/imu_msg/share/imu_msg/cmake/export_imu_msg__rosidl_generator_cExport-noconfig.cmake\n'}
[4.708781] (imu_msg) StdoutLine: {'line': b'-- Installing: /home/savannah/EECE5554/LAB4/install/imu_msg/share/imu_msg/cmake/export_imu_msg__rosidl_typesupport_fastrtps_cExport.cmake\n'}
[4.708816] (imu_msg) StdoutLine: {'line': b'-- Installing: /home/savannah/EECE5554/LAB4/install/imu_msg/share/imu_msg/cmake/export_imu_msg__rosidl_typesupport_fastrtps_cExport-noconfig.cmake\n'}
[4.708852] (imu_msg) StdoutLine: {'line': b'-- Installing: /home/savannah/EECE5554/LAB4/install/imu_msg/share/imu_msg/cmake/export_imu_msg__rosidl_generator_cppExport.cmake\n'}
[4.708888] (imu_msg) StdoutLine: {'line': b'-- Installing: /home/savannah/EECE5554/LAB4/install/imu_msg/share/imu_msg/cmake/export_imu_msg__rosidl_typesupport_fastrtps_cppExport.cmake\n'}
[4.708923] (imu_msg) StdoutLine: {'line': b'-- Installing: /home/savannah/EECE5554/LAB4/install/imu_msg/share/imu_msg/cmake/export_imu_msg__rosidl_typesupport_fastrtps_cppExport-noconfig.cmake\n'}
[4.708957] (imu_msg) StdoutLine: {'line': b'-- Installing: /home/savannah/EECE5554/LAB4/install/imu_msg/share/imu_msg/cmake/imu_msg__rosidl_typesupport_introspection_cExport.cmake\n'}
[4.708992] (imu_msg) StdoutLine: {'line': b'-- Installing: /home/savannah/EECE5554/LAB4/install/imu_msg/share/imu_msg/cmake/imu_msg__rosidl_typesupport_introspection_cExport-noconfig.cmake\n'}
[4.709039] (imu_msg) StdoutLine: {'line': b'-- Installing: /home/savannah/EECE5554/LAB4/install/imu_msg/share/imu_msg/cmake/imu_msg__rosidl_typesupport_cExport.cmake\n'}
[4.709075] (imu_msg) StdoutLine: {'line': b'-- Installing: /home/savannah/EECE5554/LAB4/install/imu_msg/share/imu_msg/cmake/imu_msg__rosidl_typesupport_cExport-noconfig.cmake\n'}
[4.709169] (imu_msg) StdoutLine: {'line': b'-- Installing: /home/savannah/EECE5554/LAB4/install/imu_msg/share/imu_msg/cmake/imu_msg__rosidl_typesupport_introspection_cppExport.cmake\n'}
[4.709305] (imu_msg) StdoutLine: {'line': b'-- Installing: /home/savannah/EECE5554/LAB4/install/imu_msg/share/imu_msg/cmake/imu_msg__rosidl_typesupport_introspection_cppExport-noconfig.cmake\n'}
[4.709359] (imu_msg) StdoutLine: {'line': b'-- Installing: /home/savannah/EECE5554/LAB4/install/imu_msg/share/imu_msg/cmake/imu_msg__rosidl_typesupport_cppExport.cmake\n'}
[4.709395] (imu_msg) StdoutLine: {'line': b'-- Installing: /home/savannah/EECE5554/LAB4/install/imu_msg/share/imu_msg/cmake/imu_msg__rosidl_typesupport_cppExport-noconfig.cmake\n'}
[4.709432] (imu_msg) StdoutLine: {'line': b'-- Installing: /home/savannah/EECE5554/LAB4/install/imu_msg/share/imu_msg/cmake/export_imu_msg__rosidl_generator_pyExport.cmake\n'}
[4.709468] (imu_msg) StdoutLine: {'line': b'-- Installing: /home/savannah/EECE5554/LAB4/install/imu_msg/share/imu_msg/cmake/export_imu_msg__rosidl_generator_pyExport-noconfig.cmake\n'}
[4.709504] (imu_msg) StdoutLine: {'line': b'-- Installing: /home/savannah/EECE5554/LAB4/install/imu_msg/share/imu_msg/cmake/rosidl_cmake-extras.cmake\n'}
[4.709539] (imu_msg) StdoutLine: {'line': b'-- Installing: /home/savannah/EECE5554/LAB4/install/imu_msg/share/imu_msg/cmake/ament_cmake_export_dependencies-extras.cmake\n'}
[4.709575] (imu_msg) StdoutLine: {'line': b'-- Installing: /home/savannah/EECE5554/LAB4/install/imu_msg/share/imu_msg/cmake/ament_cmake_export_include_directories-extras.cmake\n'}
[4.709610] (imu_msg) StdoutLine: {'line': b'-- Installing: /home/savannah/EECE5554/LAB4/install/imu_msg/share/imu_msg/cmake/ament_cmake_export_libraries-extras.cmake\n'}
[4.709678] (imu_msg) StdoutLine: {'line': b'-- Installing: /home/savannah/EECE5554/LAB4/install/imu_msg/share/imu_msg/cmake/ament_cmake_export_targets-extras.cmake\n'}
[4.709718] (imu_msg) StdoutLine: {'line': b'-- Installing: /home/savannah/EECE5554/LAB4/install/imu_msg/share/imu_msg/cmake/rosidl_cmake_export_typesupport_targets-extras.cmake\n'}
[4.709754] (imu_msg) StdoutLine: {'line': b'-- Installing: /home/savannah/EECE5554/LAB4/install/imu_msg/share/imu_msg/cmake/rosidl_cmake_export_typesupport_libraries-extras.cmake\n'}
[4.709790] (imu_msg) StdoutLine: {'line': b'-- Installing: /home/savannah/EECE5554/LAB4/install/imu_msg/share/imu_msg/cmake/imu_msgConfig.cmake\n'}
[4.709825] (imu_msg) StdoutLine: {'line': b'-- Installing: /home/savannah/EECE5554/LAB4/install/imu_msg/share/imu_msg/cmake/imu_msgConfig-version.cmake\n'}
[4.709860] (imu_msg) StdoutLine: {'line': b'-- Installing: /home/savannah/EECE5554/LAB4/install/imu_msg/share/imu_msg/package.xml\n'}
[4.714668] (imu_msg) CommandEnded: {'returncode': 0}
[4.725234] (imu_msg) JobEnded: {'identifier': 'imu_msg', 'rc': 0}
[4.725768] (imu_driver) JobStarted: {'identifier': 'imu_driver'}
[4.735807] (-) TimerEvent: {}
[4.837243] (-) TimerEvent: {}
[4.939217] (-) TimerEvent: {}
[4.943711] (gps_driver) Command: {'cmd': ['/usr/bin/python3', '-W', 'ignore:setup.py install is deprecated', '-W', 'ignore:easy_install command is deprecated', 'setup.py', 'egg_info', '--egg-base', '../../build/gps_driver', 'build', '--build-base', '/home/savannah/EECE5554/LAB4/build/gps_driver/build', 'install', '--record', '/home/savannah/EECE5554/LAB4/build/gps_driver/install.log', '--single-version-externally-managed', 'install_data'], 'cwd': '/home/savannah/EECE5554/LAB4/src/gps_driver', 'env': {'LESSOPEN': '| /usr/bin/lesspipe %s', 'USER': 'savannah', 'XDG_SESSION_TYPE': 'wayland', 'SHLVL': '2', 'LD_LIBRARY_PATH': '/home/savannah/EECE5554/LAB4/install/gps_message/lib:/home/savannah/EECE5554/LAB4/install/imu_msg/lib:/opt/ros/humble/opt/rviz_ogre_vendor/lib:/opt/ros/humble/lib/x86_64-linux-gnu:/opt/ros/humble/lib', 'HOME': '/home/savannah', 'OLDPWD': '/home/savannah/EECE5554/LAB4/src/gps_driver/gps_driver', 'DESKTOP_SESSION': 'ubuntu', 'ROS_PYTHON_VERSION': '3', 'GNOME_SHELL_SESSION_MODE': 'ubuntu', 'GTK_MODULES': 'gail:atk-bridge', 'SYSTEMD_EXEC_PID': '1701', 'DBUS_SESSION_BUS_ADDRESS': 'unix:path=/run/user/1000/bus', 'COLORTERM': 'truecolor', 'TERMINATOR_DBUS_NAME': 'net.tenshu.Terminator25ef4b219e3b005583550f2b0f9f990c3', 'IM_CONFIG_PHASE': '1', 'WAYLAND_DISPLAY': 'wayland-0', 'COLCON_PREFIX_PATH': '/home/savannah/EECE5554/LAB4/install', 'ROS_DISTRO': 'humble', 'LOGNAME': 'savannah', '_': '/usr/bin/colcon', 'ROS_VERSION': '2', 'XDG_SESSION_CLASS': 'user', 'USERNAME': 'savannah', 'TERM': 'xterm-256color', 'GNOME_DESKTOP_SESSION_ID': 'this-is-deprecated', 'ROS_LOCALHOST_ONLY': '0', 'PATH': '/opt/ros/humble/bin:/home/savannah/.local/bin:/usr/local/sbin:/usr/local/bin:/usr/sbin:/usr/bin:/sbin:/bin:/usr/games:/usr/local/games:/snap/bin:/snap/bin', 'SESSION_MANAGER': 'local/savannah-VirtualBox:@/tmp/.ICE-unix/1661,unix/savannah-VirtualBox:/tmp/.ICE-unix/1661', 'XDG_MENU_PREFIX': 'gnome-', 'GNOME_TERMINAL_SCREEN': '/org/gnome/Terminal/screen/115b0915_29a3_46f0_93e7_838b2bbe1923', 'GNOME_SETUP_DISPLAY': ':1', 'XDG_RUNTIME_DIR': '/run/user/1000', 'DISPLAY': ':0', 'TERMINATOR_DBUS_PATH': '/net/tenshu/Terminator2', 'LANG': 'en_US.UTF-8', 'XDG_CURRENT_DESKTOP': 'ubuntu:GNOME', 'IBUS_DISABLE_SNOOPER': '1', 'XMODIFIERS': '@im=ibus', 'XDG_SESSION_DESKTOP': 'ubuntu', 'XAUTHORITY': '/run/user/1000/.mutter-Xwaylandauth.FJW132', 'LS_COLORS': 'rs=0:di=01;34:ln=01;36:mh=00:pi=40;33:so=01;35:do=01;35:bd=40;33;01:cd=40;33;01:or=40;31;01:mi=00:su=37;41:sg=30;43:ca=30;41:tw=30;42:ow=34;42:st=37;44:ex=01;32:*.tar=01;31:*.tgz=01;31:*.arc=01;31:*.arj=01;31:*.taz=01;31:*.lha=01;31:*.lz4=01;31:*.lzh=01;31:*.lzma=01;31:*.tlz=01;31:*.txz=01;31:*.tzo=01;31:*.t7z=01;31:*.zip=01;31:*.z=01;31:*.dz=01;31:*.gz=01;31:*.lrz=01;31:*.lz=01;31:*.lzo=01;31:*.xz=01;31:*.zst=01;31:*.tzst=01;31:*.bz2=01;31:*.bz=01;31:*.tbz=01;31:*.tbz2=01;31:*.tz=01;31:*.deb=01;31:*.rpm=01;31:*.jar=01;31:*.war=01;31:*.ear=01;31:*.sar=01;31:*.rar=01;31:*.alz=01;31:*.ace=01;31:*.zoo=01;31:*.cpio=01;31:*.7z=01;31:*.rz=01;31:*.cab=01;31:*.wim=01;31:*.swm=01;31:*.dwm=01;31:*.esd=01;31:*.jpg=01;35:*.jpeg=01;35:*.mjpg=01;35:*.mjpeg=01;35:*.gif=01;35:*.bmp=01;35:*.pbm=01;35:*.pgm=01;35:*.ppm=01;35:*.tga=01;35:*.xbm=01;35:*.xpm=01;35:*.tif=01;35:*.tiff=01;35:*.png=01;35:*.svg=01;35:*.svgz=01;35:*.mng=01;35:*.pcx=01;35:*.mov=01;35:*.mpg=01;35:*.mpeg=01;35:*.m2v=01;35:*.mkv=01;35:*.webm=01;35:*.webp=01;35:*.ogm=01;35:*.mp4=01;35:*.m4v=01;35:*.mp4v=01;35:*.vob=01;35:*.qt=01;35:*.nuv=01;35:*.wmv=01;35:*.asf=01;35:*.rm=01;35:*.rmvb=01;35:*.flc=01;35:*.avi=01;35:*.fli=01;35:*.flv=01;35:*.gl=01;35:*.dl=01;35:*.xcf=01;35:*.xwd=01;35:*.yuv=01;35:*.cgm=01;35:*.emf=01;35:*.ogv=01;35:*.ogx=01;35:*.aac=00;36:*.au=00;36:*.flac=00;36:*.m4a=00;36:*.mid=00;36:*.midi=00;36:*.mka=00;36:*.mp3=00;36:*.mpc=00;36:*.ogg=00;36:*.ra=00;36:*.wav=00;36:*.oga=00;36:*.opus=00;36:*.spx=00;36:*.xspf=00;36:', 'GNOME_TERMINAL_SERVICE': ':1.104', 'SSH_AGENT_LAUNCHER': 'gnome-keyring', 'SSH_AUTH_SOCK': '/run/user/1000/keyring/ssh', 'AMENT_PREFIX_PATH': '/home/savannah/EECE5554/LAB4/install/fusion_driver:/home/savannah/EECE5554/LAB4/install/imu_driver:/home/savannah/EECE5554/LAB4/install/imu_msg:/home/savannah/EECE5554/LAB4/install/gps_driver:/home/savannah/EECE5554/LAB4/install/gps_message:/opt/ros/humble', 'SHELL': '/bin/bash', 'TERMINATOR_UUID': 'urn:uuid:f90c821d-3786-4772-96da-b6768894ea90', 'QT_ACCESSIBILITY': '1', 'GDMSESSION': 'ubuntu', 'LESSCLOSE': '/usr/bin/lesspipe %s %s', 'QT_IM_MODULE': 'ibus', 'PWD': '/home/savannah/EECE5554/LAB4/build/gps_driver', 'LC_ALL': 'en_US.UTF-8', 'XDG_CONFIG_DIRS': '/etc/xdg/xdg-ubuntu:/etc/xdg', 'XDG_DATA_DIRS': '/usr/share/ubuntu:/usr/local/share/:/usr/share/:/var/lib/snapd/desktop', 'PYTHONPATH': '/home/savannah/EECE5554/LAB4/build/gps_driver/prefix_override:/usr/lib/python3/dist-packages/colcon_core/task/python/colcon_distutils_commands:/home/savannah/EECE5554/LAB4/install/gps_driver/lib/python3.10/site-packages:/home/savannah/EECE5554/LAB4/install/fusion_driver/lib/python3.10/site-packages:/home/savannah/EECE5554/LAB4/install/imu_driver/lib/python3.10/site-packages:/home/savannah/EECE5554/LAB4/install/imu_msg/local/lib/python3.10/dist-packages:/home/savannah/EECE5554/LAB4/install/gps_driver/lib/python3.10/site-packages:/home/savannah/EECE5554/LAB4/install/gps_message/local/lib/python3.10/dist-packages:/opt/ros/humble/lib/python3.10/site-packages:/opt/ros/humble/local/lib/python3.10/dist-packages', 'COLCON': '1', 'VTE_VERSION': '6800', 'CMAKE_PREFIX_PATH': '/home/savannah/EECE5554/LAB4/install/gps_message:/home/savannah/EECE5554/LAB4/install/imu_msg'}, 'shell': False}
[5.041147] (-) TimerEvent: {}
[5.139611] (gps_driver) StdoutLine: {'line': b'running egg_info\n'}
[5.139794] (gps_driver) StdoutLine: {'line': b'creating ../../build/gps_driver/gps_driver.egg-info\n'}
[5.139838] (gps_driver) StdoutLine: {'line': b'writing ../../build/gps_driver/gps_driver.egg-info/PKG-INFO\n'}
[5.139878] (gps_driver) StdoutLine: {'line': b'writing dependency_links to ../../build/gps_driver/gps_driver.egg-info/dependency_links.txt\n'}
[5.139916] (gps_driver) StdoutLine: {'line': b'writing entry points to ../../build/gps_driver/gps_driver.egg-info/entry_points.txt\n'}
[5.139964] (gps_driver) StdoutLine: {'line': b'writing requirements to ../../build/gps_driver/gps_driver.egg-info/requires.txt\n'}
[5.140008] (gps_driver) StdoutLine: {'line': b'writing top-level names to ../../build/gps_driver/gps_driver.egg-info/top_level.txt\n'}
[5.140052] (gps_driver) StdoutLine: {'line': b"writing manifest file '../../build/gps_driver/gps_driver.egg-info/SOURCES.txt'\n"}
[5.140156] (gps_driver) StdoutLine: {'line': b"reading manifest file '../../build/gps_driver/gps_driver.egg-info/SOURCES.txt'\n"}
[5.140219] (gps_driver) StdoutLine: {'line': b"adding license file 'LICENSE'\n"}
[5.140488] (gps_driver) StdoutLine: {'line': b"writing manifest file '../../build/gps_driver/gps_driver.egg-info/SOURCES.txt'\n"}
[5.140659] (gps_driver) StdoutLine: {'line': b'running build\n'}
[5.140708] (gps_driver) StdoutLine: {'line': b'running build_py\n'}
[5.140780] (gps_driver) StdoutLine: {'line': b'creating /home/savannah/EECE5554/LAB4/build/gps_driver/build\n'}
[5.140875] (gps_driver) StdoutLine: {'line': b'creating /home/savannah/EECE5554/LAB4/build/gps_driver/build/lib\n'}
[5.140922] (gps_driver) StdoutLine: {'line': b'creating /home/savannah/EECE5554/LAB4/build/gps_driver/build/lib/gps_driver\n'}
[5.140960] (gps_driver) StdoutLine: {'line': b'copying gps_driver/gps_driver.py -> /home/savannah/EECE5554/LAB4/build/gps_driver/build/lib/gps_driver\n'}
[5.141036] (gps_driver) StdoutLine: {'line': b'copying gps_driver/__init__.py -> /home/savannah/EECE5554/LAB4/build/gps_driver/build/lib/gps_driver\n'}
[5.141128] (gps_driver) StdoutLine: {'line': b'running install\n'}
[5.141174] (-) TimerEvent: {}
[5.141395] (gps_driver) StdoutLine: {'line': b'running install_lib\n'}
[5.141918] (gps_driver) StdoutLine: {'line': b'creating /home/savannah/EECE5554/LAB4/install/gps_driver/lib/python3.10/site-packages/gps_driver\n'}
[5.141991] (gps_driver) StdoutLine: {'line': b'copying /home/savannah/EECE5554/LAB4/build/gps_driver/build/lib/gps_driver/gps_driver.py -> /home/savannah/EECE5554/LAB4/install/gps_driver/lib/python3.10/site-packages/gps_driver\n'}
[5.142092] (gps_driver) StdoutLine: {'line': b'copying /home/savannah/EECE5554/LAB4/build/gps_driver/build/lib/gps_driver/__init__.py -> /home/savannah/EECE5554/LAB4/install/gps_driver/lib/python3.10/site-packages/gps_driver\n'}
[5.142403] (gps_driver) StdoutLine: {'line': b'byte-compiling /home/savannah/EECE5554/LAB4/install/gps_driver/lib/python3.10/site-packages/gps_driver/gps_driver.py to gps_driver.cpython-310.pyc\n'}
[5.143431] (gps_driver) StdoutLine: {'line': b'byte-compiling /home/savannah/EECE5554/LAB4/install/gps_driver/lib/python3.10/site-packages/gps_driver/__init__.py to __init__.cpython-310.pyc\n'}
[5.143543] (gps_driver) StdoutLine: {'line': b'running install_data\n'}
[5.143873] (gps_driver) StdoutLine: {'line': b'creating /home/savannah/EECE5554/LAB4/install/gps_driver/share/ament_index\n'}
[5.143934] (gps_driver) StdoutLine: {'line': b'creating /home/savannah/EECE5554/LAB4/install/gps_driver/share/ament_index/resource_index\n'}
[5.143981] (gps_driver) StdoutLine: {'line': b'creating /home/savannah/EECE5554/LAB4/install/gps_driver/share/ament_index/resource_index/packages\n'}
[5.144065] (gps_driver) StdoutLine: {'line': b'copying resource/gps_driver -> /home/savannah/EECE5554/LAB4/install/gps_driver/share/ament_index/resource_index/packages\n'}
[5.144103] (gps_driver) StdoutLine: {'line': b'copying package.xml -> /home/savannah/EECE5554/LAB4/install/gps_driver/share/gps_driver\n'}
[5.144139] (gps_driver) StdoutLine: {'line': b'creating /home/savannah/EECE5554/LAB4/install/gps_driver/share/gps_driver/launch\n'}
[5.144174] (gps_driver) StdoutLine: {'line': b'copying launch/driver.launch.py -> /home/savannah/EECE5554/LAB4/install/gps_driver/share/gps_driver/launch\n'}
[5.144209] (gps_driver) StdoutLine: {'line': b'running install_egg_info\n'}
[5.145406] (gps_driver) StdoutLine: {'line': b'Copying ../../build/gps_driver/gps_driver.egg-info to /home/savannah/EECE5554/LAB4/install/gps_driver/lib/python3.10/site-packages/gps_driver-0.0.0-py3.10.egg-info\n'}
[5.145932] (gps_driver) StdoutLine: {'line': b'running install_scripts\n'}
[5.161751] (gps_driver) StdoutLine: {'line': b'Installing driver script to /home/savannah/EECE5554/LAB4/install/gps_driver/lib/gps_driver\n'}
[5.162090] (gps_driver) StdoutLine: {'line': b"writing list of installed files to '/home/savannah/EECE5554/LAB4/build/gps_driver/install.log'\n"}
[5.186888] (gps_driver) CommandEnded: {'returncode': 0}
[5.192894] (gps_driver) JobEnded: {'identifier': 'gps_driver', 'rc': 0}
[5.241531] (-) TimerEvent: {}
[5.330710] (imu_driver) Command: {'cmd': ['/usr/bin/python3', '-W', 'ignore:setup.py install is deprecated', '-W', 'ignore:easy_install command is deprecated', 'setup.py', 'egg_info', '--egg-base', '../../build/imu_driver', 'build', '--build-base', '/home/savannah/EECE5554/LAB4/build/imu_driver/build', 'install', '--record', '/home/savannah/EECE5554/LAB4/build/imu_driver/install.log', '--single-version-externally-managed', 'install_data'], 'cwd': '/home/savannah/EECE5554/LAB4/src/imu_driver', 'env': {'LESSOPEN': '| /usr/bin/lesspipe %s', 'USER': 'savannah', 'XDG_SESSION_TYPE': 'wayland', 'SHLVL': '2', 'LD_LIBRARY_PATH': '/home/savannah/EECE5554/LAB4/install/imu_msg/lib:/home/savannah/EECE5554/LAB4/install/gps_message/lib:/opt/ros/humble/opt/rviz_ogre_vendor/lib:/opt/ros/humble/lib/x86_64-linux-gnu:/opt/ros/humble/lib', 'HOME': '/home/savannah', 'OLDPWD': '/home/savannah/EECE5554/LAB4/src/gps_driver/gps_driver', 'DESKTOP_SESSION': 'ubuntu', 'ROS_PYTHON_VERSION': '3', 'GNOME_SHELL_SESSION_MODE': 'ubuntu', 'GTK_MODULES': 'gail:atk-bridge', 'SYSTEMD_EXEC_PID': '1701', 'DBUS_SESSION_BUS_ADDRESS': 'unix:path=/run/user/1000/bus', 'COLORTERM': 'truecolor', 'TERMINATOR_DBUS_NAME': 'net.tenshu.Terminator25ef4b219e3b005583550f2b0f9f990c3', 'IM_CONFIG_PHASE': '1', 'WAYLAND_DISPLAY': 'wayland-0', 'COLCON_PREFIX_PATH': '/home/savannah/EECE5554/LAB4/install', 'ROS_DISTRO': 'humble', 'LOGNAME': 'savannah', '_': '/usr/bin/colcon', 'ROS_VERSION': '2', 'XDG_SESSION_CLASS': 'user', 'USERNAME': 'savannah', 'TERM': 'xterm-256color', 'GNOME_DESKTOP_SESSION_ID': 'this-is-deprecated', 'ROS_LOCALHOST_ONLY': '0', 'PATH': '/opt/ros/humble/bin:/home/savannah/.local/bin:/usr/local/sbin:/usr/local/bin:/usr/sbin:/usr/bin:/sbin:/bin:/usr/games:/usr/local/games:/snap/bin:/snap/bin', 'SESSION_MANAGER': 'local/savannah-VirtualBox:@/tmp/.ICE-unix/1661,unix/savannah-VirtualBox:/tmp/.ICE-unix/1661', 'XDG_MENU_PREFIX': 'gnome-', 'GNOME_TERMINAL_SCREEN': '/org/gnome/Terminal/screen/115b0915_29a3_46f0_93e7_838b2bbe1923', 'GNOME_SETUP_DISPLAY': ':1', 'XDG_RUNTIME_DIR': '/run/user/1000', 'DISPLAY': ':0', 'TERMINATOR_DBUS_PATH': '/net/tenshu/Terminator2', 'LANG': 'en_US.UTF-8', 'XDG_CURRENT_DESKTOP': 'ubuntu:GNOME', 'IBUS_DISABLE_SNOOPER': '1', 'XMODIFIERS': '@im=ibus', 'XDG_SESSION_DESKTOP': 'ubuntu', 'XAUTHORITY': '/run/user/1000/.mutter-Xwaylandauth.FJW132', 'LS_COLORS': 'rs=0:di=01;34:ln=01;36:mh=00:pi=40;33:so=01;35:do=01;35:bd=40;33;01:cd=40;33;01:or=40;31;01:mi=00:su=37;41:sg=30;43:ca=30;41:tw=30;42:ow=34;42:st=37;44:ex=01;32:*.tar=01;31:*.tgz=01;31:*.arc=01;31:*.arj=01;31:*.taz=01;31:*.lha=01;31:*.lz4=01;31:*.lzh=01;31:*.lzma=01;31:*.tlz=01;31:*.txz=01;31:*.tzo=01;31:*.t7z=01;31:*.zip=01;31:*.z=01;31:*.dz=01;31:*.gz=01;31:*.lrz=01;31:*.lz=01;31:*.lzo=01;31:*.xz=01;31:*.zst=01;31:*.tzst=01;31:*.bz2=01;31:*.bz=01;31:*.tbz=01;31:*.tbz2=01;31:*.tz=01;31:*.deb=01;31:*.rpm=01;31:*.jar=01;31:*.war=01;31:*.ear=01;31:*.sar=01;31:*.rar=01;31:*.alz=01;31:*.ace=01;31:*.zoo=01;31:*.cpio=01;31:*.7z=01;31:*.rz=01;31:*.cab=01;31:*.wim=01;31:*.swm=01;31:*.dwm=01;31:*.esd=01;31:*.jpg=01;35:*.jpeg=01;35:*.mjpg=01;35:*.mjpeg=01;35:*.gif=01;35:*.bmp=01;35:*.pbm=01;35:*.pgm=01;35:*.ppm=01;35:*.tga=01;35:*.xbm=01;35:*.xpm=01;35:*.tif=01;35:*.tiff=01;35:*.png=01;35:*.svg=01;35:*.svgz=01;35:*.mng=01;35:*.pcx=01;35:*.mov=01;35:*.mpg=01;35:*.mpeg=01;35:*.m2v=01;35:*.mkv=01;35:*.webm=01;35:*.webp=01;35:*.ogm=01;35:*.mp4=01;35:*.m4v=01;35:*.mp4v=01;35:*.vob=01;35:*.qt=01;35:*.nuv=01;35:*.wmv=01;35:*.asf=01;35:*.rm=01;35:*.rmvb=01;35:*.flc=01;35:*.avi=01;35:*.fli=01;35:*.flv=01;35:*.gl=01;35:*.dl=01;35:*.xcf=01;35:*.xwd=01;35:*.yuv=01;35:*.cgm=01;35:*.emf=01;35:*.ogv=01;35:*.ogx=01;35:*.aac=00;36:*.au=00;36:*.flac=00;36:*.m4a=00;36:*.mid=00;36:*.midi=00;36:*.mka=00;36:*.mp3=00;36:*.mpc=00;36:*.ogg=00;36:*.ra=00;36:*.wav=00;36:*.oga=00;36:*.opus=00;36:*.spx=00;36:*.xspf=00;36:', 'GNOME_TERMINAL_SERVICE': ':1.104', 'SSH_AGENT_LAUNCHER': 'gnome-keyring', 'SSH_AUTH_SOCK': '/run/user/1000/keyring/ssh', 'AMENT_PREFIX_PATH': '/home/savannah/EECE5554/LAB4/install/fusion_driver:/home/savannah/EECE5554/LAB4/install/imu_driver:/home/savannah/EECE5554/LAB4/install/imu_msg:/home/savannah/EECE5554/LAB4/install/gps_driver:/home/savannah/EECE5554/LAB4/install/gps_message:/opt/ros/humble', 'SHELL': '/bin/bash', 'TERMINATOR_UUID': 'urn:uuid:f90c821d-3786-4772-96da-b6768894ea90', 'QT_ACCESSIBILITY': '1', 'GDMSESSION': 'ubuntu', 'LESSCLOSE': '/usr/bin/lesspipe %s %s', 'QT_IM_MODULE': 'ibus', 'PWD': '/home/savannah/EECE5554/LAB4/build/imu_driver', 'LC_ALL': 'en_US.UTF-8', 'XDG_CONFIG_DIRS': '/etc/xdg/xdg-ubuntu:/etc/xdg', 'XDG_DATA_DIRS': '/usr/share/ubuntu:/usr/local/share/:/usr/share/:/var/lib/snapd/desktop', 'PYTHONPATH': '/home/savannah/EECE5554/LAB4/build/imu_driver/prefix_override:/usr/lib/python3/dist-packages/colcon_core/task/python/colcon_distutils_commands:/home/savannah/EECE5554/LAB4/install/imu_driver/lib/python3.10/site-packages:/home/savannah/EECE5554/LAB4/install/fusion_driver/lib/python3.10/site-packages:/home/savannah/EECE5554/LAB4/install/imu_driver/lib/python3.10/site-packages:/home/savannah/EECE5554/LAB4/install/imu_msg/local/lib/python3.10/dist-packages:/home/savannah/EECE5554/LAB4/install/gps_driver/lib/python3.10/site-packages:/home/savannah/EECE5554/LAB4/install/gps_message/local/lib/python3.10/dist-packages:/opt/ros/humble/lib/python3.10/site-packages:/opt/ros/humble/local/lib/python3.10/dist-packages', 'COLCON': '1', 'VTE_VERSION': '6800', 'CMAKE_PREFIX_PATH': '/home/savannah/EECE5554/LAB4/install/imu_msg:/home/savannah/EECE5554/LAB4/install/gps_message'}, 'shell': False}
[5.342251] (-) TimerEvent: {}
[5.445419] (-) TimerEvent: {}
[5.508449] (imu_driver) StdoutLine: {'line': b'running egg_info\n'}
[5.508962] (imu_driver) StdoutLine: {'line': b'creating ../../build/imu_driver/imu_driver.egg-info\n'}
[5.509189] (imu_driver) StdoutLine: {'line': b'writing ../../build/imu_driver/imu_driver.egg-info/PKG-INFO\n'}
[5.509611] (imu_driver) StdoutLine: {'line': b'writing dependency_links to ../../build/imu_driver/imu_driver.egg-info/dependency_links.txt\n'}
[5.509704] (imu_driver) StdoutLine: {'line': b'writing entry points to ../../build/imu_driver/imu_driver.egg-info/entry_points.txt\n'}
[5.509765] (imu_driver) StdoutLine: {'line': b'writing requirements to ../../build/imu_driver/imu_driver.egg-info/requires.txt\n'}
[5.509854] (imu_driver) StdoutLine: {'line': b'writing top-level names to ../../build/imu_driver/imu_driver.egg-info/top_level.txt\n'}
[5.510059] (imu_driver) StdoutLine: {'line': b"writing manifest file '../../build/imu_driver/imu_driver.egg-info/SOURCES.txt'\n"}
[5.511097] (imu_driver) StdoutLine: {'line': b"reading manifest file '../../build/imu_driver/imu_driver.egg-info/SOURCES.txt'\n"}
[5.511294] (imu_driver) StdoutLine: {'line': b"adding license file 'LICENSE'\n"}
[5.511818] (imu_driver) StdoutLine: {'line': b"writing manifest file '../../build/imu_driver/imu_driver.egg-info/SOURCES.txt'\n"}
[5.511972] (imu_driver) StdoutLine: {'line': b'running build\n'}
[5.512031] (imu_driver) StdoutLine: {'line': b'running build_py\n'}
[5.512195] (imu_driver) StdoutLine: {'line': b'creating /home/savannah/EECE5554/LAB4/build/imu_driver/build\n'}
[5.512381] (imu_driver) StdoutLine: {'line': b'creating /home/savannah/EECE5554/LAB4/build/imu_driver/build/lib\n'}
[5.512439] (imu_driver) StdoutLine: {'line': b'creating /home/savannah/EECE5554/LAB4/build/imu_driver/build/lib/imu_driver\n'}
[5.512536] (imu_driver) StdoutLine: {'line': b'copying imu_driver/imu_driver.py -> /home/savannah/EECE5554/LAB4/build/imu_driver/build/lib/imu_driver\n'}
[5.512629] (imu_driver) StdoutLine: {'line': b'copying imu_driver/__init__.py -> /home/savannah/EECE5554/LAB4/build/imu_driver/build/lib/imu_driver\n'}
[5.513928] (imu_driver) StdoutLine: {'line': b'running install\n'}
[5.514024] (imu_driver) StdoutLine: {'line': b'running install_lib\n'}
[5.514260] (imu_driver) StdoutLine: {'line': b'creating /home/savannah/EECE5554/LAB4/install/imu_driver/lib/python3.10/site-packages/imu_driver\n'}
[5.514370] (imu_driver) StdoutLine: {'line': b'copying /home/savannah/EECE5554/LAB4/build/imu_driver/build/lib/imu_driver/imu_driver.py -> /home/savannah/EECE5554/LAB4/install/imu_driver/lib/python3.10/site-packages/imu_driver\n'}
[5.514566] (imu_driver) StdoutLine: {'line': b'copying /home/savannah/EECE5554/LAB4/build/imu_driver/build/lib/imu_driver/__init__.py -> /home/savannah/EECE5554/LAB4/install/imu_driver/lib/python3.10/site-packages/imu_driver\n'}
[5.515110] (imu_driver) StdoutLine: {'line': b'byte-compiling /home/savannah/EECE5554/LAB4/install/imu_driver/lib/python3.10/site-packages/imu_driver/imu_driver.py to imu_driver.cpython-310.pyc\n'}
[5.516033] (imu_driver) StdoutLine: {'line': b'byte-compiling /home/savannah/EECE5554/LAB4/install/imu_driver/lib/python3.10/site-packages/imu_driver/__init__.py to __init__.cpython-310.pyc\n'}
[5.516195] (imu_driver) StdoutLine: {'line': b'running install_data\n'}
[5.516350] (imu_driver) StdoutLine: {'line': b'creating /home/savannah/EECE5554/LAB4/install/imu_driver/share/ament_index\n'}
[5.516502] (imu_driver) StdoutLine: {'line': b'creating /home/savannah/EECE5554/LAB4/install/imu_driver/share/ament_index/resource_index\n'}
[5.516563] (imu_driver) StdoutLine: {'line': b'creating /home/savannah/EECE5554/LAB4/install/imu_driver/share/ament_index/resource_index/packages\n'}
[5.516644] (imu_driver) StdoutLine: {'line': b'copying resource/imu_driver -> /home/savannah/EECE5554/LAB4/install/imu_driver/share/ament_index/resource_index/packages\n'}
[5.516841] (imu_driver) StdoutLine: {'line': b'copying package.xml -> /home/savannah/EECE5554/LAB4/install/imu_driver/share/imu_driver\n'}
[5.516994] (imu_driver) StdoutLine: {'line': b'creating /home/savannah/EECE5554/LAB4/install/imu_driver/share/imu_driver/launch\n'}
[5.517109] (imu_driver) StdoutLine: {'line': b'copying launch/imu_launch.py -> /home/savannah/EECE5554/LAB4/install/imu_driver/share/imu_driver/launch\n'}
[5.517220] (imu_driver) StdoutLine: {'line': b'running install_egg_info\n'}
[5.518810] (imu_driver) StdoutLine: {'line': b'Copying ../../build/imu_driver/imu_driver.egg-info to /home/savannah/EECE5554/LAB4/install/imu_driver/lib/python3.10/site-packages/imu_driver-0.0.0-py3.10.egg-info\n'}
[5.519328] (imu_driver) StdoutLine: {'line': b'running install_scripts\n'}
[5.534956] (imu_driver) StdoutLine: {'line': b'Installing imu_driver script to /home/savannah/EECE5554/LAB4/install/imu_driver/lib/imu_driver\n'}
[5.535417] (imu_driver) StdoutLine: {'line': b"writing list of installed files to '/home/savannah/EECE5554/LAB4/build/imu_driver/install.log'\n"}
[5.548097] (-) TimerEvent: {}
[5.555466] (imu_driver) CommandEnded: {'returncode': 0}
[5.560383] (imu_driver) JobEnded: {'identifier': 'imu_driver', 'rc': 0}
[5.560902] (fusion_driver) JobStarted: {'identifier': 'fusion_driver'}
[5.648141] (-) TimerEvent: {}
[5.748971] (-) TimerEvent: {}
[5.849372] (-) TimerEvent: {}
[5.950169] (-) TimerEvent: {}
[6.006773] (fusion_driver) Command: {'cmd': ['/usr/bin/python3', '-W', 'ignore:setup.py install is deprecated', '-W', 'ignore:easy_install command is deprecated', 'setup.py', 'egg_info', '--egg-base', '../../build/fusion_driver', 'build', '--build-base', '/home/savannah/EECE5554/LAB4/build/fusion_driver/build', 'install', '--record', '/home/savannah/EECE5554/LAB4/build/fusion_driver/install.log', '--single-version-externally-managed', 'install_data'], 'cwd': '/home/savannah/EECE5554/LAB4/src/fusion_driver', 'env': {'LESSOPEN': '| /usr/bin/lesspipe %s', 'USER': 'savannah', 'XDG_SESSION_TYPE': 'wayland', 'SHLVL': '2', 'LD_LIBRARY_PATH': '/home/savannah/EECE5554/LAB4/install/imu_msg/lib:/home/savannah/EECE5554/LAB4/install/gps_message/lib:/opt/ros/humble/opt/rviz_ogre_vendor/lib:/opt/ros/humble/lib/x86_64-linux-gnu:/opt/ros/humble/lib', 'HOME': '/home/savannah', 'OLDPWD': '/home/savannah/EECE5554/LAB4/src/gps_driver/gps_driver', 'DESKTOP_SESSION': 'ubuntu', 'ROS_PYTHON_VERSION': '3', 'GNOME_SHELL_SESSION_MODE': 'ubuntu', 'GTK_MODULES': 'gail:atk-bridge', 'SYSTEMD_EXEC_PID': '1701', 'DBUS_SESSION_BUS_ADDRESS': 'unix:path=/run/user/1000/bus', 'COLORTERM': 'truecolor', 'TERMINATOR_DBUS_NAME': 'net.tenshu.Terminator25ef4b219e3b005583550f2b0f9f990c3', 'IM_CONFIG_PHASE': '1', 'WAYLAND_DISPLAY': 'wayland-0', 'COLCON_PREFIX_PATH': '/home/savannah/EECE5554/LAB4/install', 'ROS_DISTRO': 'humble', 'LOGNAME': 'savannah', '_': '/usr/bin/colcon', 'ROS_VERSION': '2', 'XDG_SESSION_CLASS': 'user', 'USERNAME': 'savannah', 'TERM': 'xterm-256color', 'GNOME_DESKTOP_SESSION_ID': 'this-is-deprecated', 'ROS_LOCALHOST_ONLY': '0', 'PATH': '/opt/ros/humble/bin:/home/savannah/.local/bin:/usr/local/sbin:/usr/local/bin:/usr/sbin:/usr/bin:/sbin:/bin:/usr/games:/usr/local/games:/snap/bin:/snap/bin', 'SESSION_MANAGER': 'local/savannah-VirtualBox:@/tmp/.ICE-unix/1661,unix/savannah-VirtualBox:/tmp/.ICE-unix/1661', 'XDG_MENU_PREFIX': 'gnome-', 'GNOME_TERMINAL_SCREEN': '/org/gnome/Terminal/screen/115b0915_29a3_46f0_93e7_838b2bbe1923', 'GNOME_SETUP_DISPLAY': ':1', 'XDG_RUNTIME_DIR': '/run/user/1000', 'DISPLAY': ':0', 'TERMINATOR_DBUS_PATH': '/net/tenshu/Terminator2', 'LANG': 'en_US.UTF-8', 'XDG_CURRENT_DESKTOP': 'ubuntu:GNOME', 'IBUS_DISABLE_SNOOPER': '1', 'XMODIFIERS': '@im=ibus', 'XDG_SESSION_DESKTOP': 'ubuntu', 'XAUTHORITY': '/run/user/1000/.mutter-Xwaylandauth.FJW132', 'LS_COLORS': 'rs=0:di=01;34:ln=01;36:mh=00:pi=40;33:so=01;35:do=01;35:bd=40;33;01:cd=40;33;01:or=40;31;01:mi=00:su=37;41:sg=30;43:ca=30;41:tw=30;42:ow=34;42:st=37;44:ex=01;32:*.tar=01;31:*.tgz=01;31:*.arc=01;31:*.arj=01;31:*.taz=01;31:*.lha=01;31:*.lz4=01;31:*.lzh=01;31:*.lzma=01;31:*.tlz=01;31:*.txz=01;31:*.tzo=01;31:*.t7z=01;31:*.zip=01;31:*.z=01;31:*.dz=01;31:*.gz=01;31:*.lrz=01;31:*.lz=01;31:*.lzo=01;31:*.xz=01;31:*.zst=01;31:*.tzst=01;31:*.bz2=01;31:*.bz=01;31:*.tbz=01;31:*.tbz2=01;31:*.tz=01;31:*.deb=01;31:*.rpm=01;31:*.jar=01;31:*.war=01;31:*.ear=01;31:*.sar=01;31:*.rar=01;31:*.alz=01;31:*.ace=01;31:*.zoo=01;31:*.cpio=01;31:*.7z=01;31:*.rz=01;31:*.cab=01;31:*.wim=01;31:*.swm=01;31:*.dwm=01;31:*.esd=01;31:*.jpg=01;35:*.jpeg=01;35:*.mjpg=01;35:*.mjpeg=01;35:*.gif=01;35:*.bmp=01;35:*.pbm=01;35:*.pgm=01;35:*.ppm=01;35:*.tga=01;35:*.xbm=01;35:*.xpm=01;35:*.tif=01;35:*.tiff=01;35:*.png=01;35:*.svg=01;35:*.svgz=01;35:*.mng=01;35:*.pcx=01;35:*.mov=01;35:*.mpg=01;35:*.mpeg=01;35:*.m2v=01;35:*.mkv=01;35:*.webm=01;35:*.webp=01;35:*.ogm=01;35:*.mp4=01;35:*.m4v=01;35:*.mp4v=01;35:*.vob=01;35:*.qt=01;35:*.nuv=01;35:*.wmv=01;35:*.asf=01;35:*.rm=01;35:*.rmvb=01;35:*.flc=01;35:*.avi=01;35:*.fli=01;35:*.flv=01;35:*.gl=01;35:*.dl=01;35:*.xcf=01;35:*.xwd=01;35:*.yuv=01;35:*.cgm=01;35:*.emf=01;35:*.ogv=01;35:*.ogx=01;35:*.aac=00;36:*.au=00;36:*.flac=00;36:*.m4a=00;36:*.mid=00;36:*.midi=00;36:*.mka=00;36:*.mp3=00;36:*.mpc=00;36:*.ogg=00;36:*.ra=00;36:*.wav=00;36:*.oga=00;36:*.opus=00;36:*.spx=00;36:*.xspf=00;36:', 'GNOME_TERMINAL_SERVICE': ':1.104', 'SSH_AGENT_LAUNCHER': 'gnome-keyring', 'SSH_AUTH_SOCK': '/run/user/1000/keyring/ssh', 'AMENT_PREFIX_PATH': '/home/savannah/EECE5554/LAB4/install/imu_driver:/home/savannah/EECE5554/LAB4/install/gps_driver:/home/savannah/EECE5554/LAB4/install/fusion_driver:/home/savannah/EECE5554/LAB4/install/imu_msg:/home/savannah/EECE5554/LAB4/install/gps_message:/opt/ros/humble', 'SHELL': '/bin/bash', 'TERMINATOR_UUID': 'urn:uuid:f90c821d-3786-4772-96da-b6768894ea90', 'QT_ACCESSIBILITY': '1', 'GDMSESSION': 'ubuntu', 'LESSCLOSE': '/usr/bin/lesspipe %s %s', 'QT_IM_MODULE': 'ibus', 'PWD': '/home/savannah/EECE5554/LAB4/build/fusion_driver', 'LC_ALL': 'en_US.UTF-8', 'XDG_CONFIG_DIRS': '/etc/xdg/xdg-ubuntu:/etc/xdg', 'XDG_DATA_DIRS': '/usr/share/ubuntu:/usr/local/share/:/usr/share/:/var/lib/snapd/desktop', 'PYTHONPATH': '/home/savannah/EECE5554/LAB4/build/fusion_driver/prefix_override:/usr/lib/python3/dist-packages/colcon_core/task/python/colcon_distutils_commands:/home/savannah/EECE5554/LAB4/install/fusion_driver/lib/python3.10/site-packages:/home/savannah/EECE5554/LAB4/install/imu_driver/lib/python3.10/site-packages:/home/savannah/EECE5554/LAB4/install/gps_driver/lib/python3.10/site-packages:/home/savannah/EECE5554/LAB4/install/fusion_driver/lib/python3.10/site-packages:/home/savannah/EECE5554/LAB4/install/imu_msg/local/lib/python3.10/dist-packages:/home/savannah/EECE5554/LAB4/install/gps_message/local/lib/python3.10/dist-packages:/opt/ros/humble/lib/python3.10/site-packages:/opt/ros/humble/local/lib/python3.10/dist-packages', 'COLCON': '1', 'VTE_VERSION': '6800', 'CMAKE_PREFIX_PATH': '/home/savannah/EECE5554/LAB4/install/imu_msg:/home/savannah/EECE5554/LAB4/install/gps_message'}, 'shell': False}
[6.052332] (-) TimerEvent: {}
[6.154423] (-) TimerEvent: {}
[6.181496] (fusion_driver) StdoutLine: {'line': b'running egg_info\n'}
[6.181882] (fusion_driver) StdoutLine: {'line': b'creating ../../build/fusion_driver/fusion_driver.egg-info\n'}
[6.182032] (fusion_driver) StdoutLine: {'line': b'writing ../../build/fusion_driver/fusion_driver.egg-info/PKG-INFO\n'}
[6.182231] (fusion_driver) StdoutLine: {'line': b'writing dependency_links to ../../build/fusion_driver/fusion_driver.egg-info/dependency_links.txt\n'}
[6.182404] (fusion_driver) StdoutLine: {'line': b'writing entry points to ../../build/fusion_driver/fusion_driver.egg-info/entry_points.txt\n'}
[6.182529] (fusion_driver) StdoutLine: {'line': b'writing requirements to ../../build/fusion_driver/fusion_driver.egg-info/requires.txt\n'}
[6.182632] (fusion_driver) StdoutLine: {'line': b'writing top-level names to ../../build/fusion_driver/fusion_driver.egg-info/top_level.txt\n'}
[6.182678] (fusion_driver) StdoutLine: {'line': b"writing manifest file '../../build/fusion_driver/fusion_driver.egg-info/SOURCES.txt'\n"}
[6.183967] (fusion_driver) StdoutLine: {'line': b"reading manifest file '../../build/fusion_driver/fusion_driver.egg-info/SOURCES.txt'\n"}
[6.184094] (fusion_driver) StdoutLine: {'line': b"adding license file 'LICENSE'\n"}
[6.184540] (fusion_driver) StdoutLine: {'line': b"writing manifest file '../../build/fusion_driver/fusion_driver.egg-info/SOURCES.txt'\n"}
[6.184770] (fusion_driver) StdoutLine: {'line': b'running build\n'}
[6.184860] (fusion_driver) StdoutLine: {'line': b'running build_py\n'}
[6.187330] (fusion_driver) StdoutLine: {'line': b'creating /home/savannah/EECE5554/LAB4/build/fusion_driver/build\n'}
[6.187436] (fusion_driver) StdoutLine: {'line': b'creating /home/savannah/EECE5554/LAB4/build/fusion_driver/build/lib\n'}
[6.187479] (fusion_driver) StdoutLine: {'line': b'creating /home/savannah/EECE5554/LAB4/build/fusion_driver/build/lib/fusion_driver\n'}
[6.187518] (fusion_driver) StdoutLine: {'line': b'copying fusion_driver/__init__.py -> /home/savannah/EECE5554/LAB4/build/fusion_driver/build/lib/fusion_driver\n'}
[6.187554] (fusion_driver) StdoutLine: {'line': b'running install\n'}
[6.187590] (fusion_driver) StdoutLine: {'line': b'running install_lib\n'}
[6.187625] (fusion_driver) StdoutLine: {'line': b'creating /home/savannah/EECE5554/LAB4/install/fusion_driver/lib/python3.10/site-packages/fusion_driver\n'}
[6.187670] (fusion_driver) StdoutLine: {'line': b'copying /home/savannah/EECE5554/LAB4/build/fusion_driver/build/lib/fusion_driver/__init__.py -> /home/savannah/EECE5554/LAB4/install/fusion_driver/lib/python3.10/site-packages/fusion_driver\n'}
[6.187706] (fusion_driver) StdoutLine: {'line': b'byte-compiling /home/savannah/EECE5554/LAB4/install/fusion_driver/lib/python3.10/site-packages/fusion_driver/__init__.py to __init__.cpython-310.pyc\n'}
[6.187742] (fusion_driver) StdoutLine: {'line': b'running install_data\n'}
[6.187776] (fusion_driver) StdoutLine: {'line': b'creating /home/savannah/EECE5554/LAB4/install/fusion_driver/share/ament_index\n'}
[6.187811] (fusion_driver) StdoutLine: {'line': b'creating /home/savannah/EECE5554/LAB4/install/fusion_driver/share/ament_index/resource_index\n'}
[6.187847] (fusion_driver) StdoutLine: {'line': b'creating /home/savannah/EECE5554/LAB4/install/fusion_driver/share/ament_index/resource_index/packages\n'}
[6.187882] (fusion_driver) StdoutLine: {'line': b'copying resource/fusion_driver -> /home/savannah/EECE5554/LAB4/install/fusion_driver/share/ament_index/resource_index/packages\n'}
[6.187918] (fusion_driver) StdoutLine: {'line': b'copying package.xml -> /home/savannah/EECE5554/LAB4/install/fusion_driver/share/fusion_driver\n'}
[6.187952] (fusion_driver) StdoutLine: {'line': b'creating /home/savannah/EECE5554/LAB4/install/fusion_driver/share/fusion_driver/launch\n'}
[6.187987] (fusion_driver) StdoutLine: {'line': b'copying launch/fusion_launch.py -> /home/savannah/EECE5554/LAB4/install/fusion_driver/share/fusion_driver/launch\n'}
[6.188023] (fusion_driver) StdoutLine: {'line': b'running install_egg_info\n'}
[6.190799] (fusion_driver) StdoutLine: {'line': b'Copying ../../build/fusion_driver/fusion_driver.egg-info to /home/savannah/EECE5554/LAB4/install/fusion_driver/lib/python3.10/site-packages/fusion_driver-0.0.0-py3.10.egg-info\n'}
[6.191113] (fusion_driver) StdoutLine: {'line': b'running install_scripts\n'}
[6.208682] (fusion_driver) StdoutLine: {'line': b"writing list of installed files to '/home/savannah/EECE5554/LAB4/build/fusion_driver/install.log'\n"}
[6.231198] (fusion_driver) CommandEnded: {'returncode': 0}
[6.239821] (fusion_driver) JobEnded: {'identifier': 'fusion_driver', 'rc': 0}
[6.240177] (-) EventReactorShutdown: {}
