[0.000000] (-) TimerEvent: {}
[0.000250] (gps_message) JobQueued: {'identifier': 'gps_message', 'dependencies': OrderedDict()}
[0.000301] (imu_msg) JobQueued: {'identifier': 'imu_msg', 'dependencies': OrderedDict()}
[0.000329] (gps_driver) JobQueued: {'identifier': 'gps_driver', 'dependencies': OrderedDict([('gps_message', '/home/savannah/EECE5554/LAB4/install/gps_message')])}
[0.000354] (imu_driver) JobQueued: {'identifier': 'imu_driver', 'dependencies': OrderedDict([('imu_msg', '/home/savannah/EECE5554/LAB4/install/imu_msg')])}
[0.000375] (fusion_driver) JobQueued: {'identifier': 'fusion_driver', 'dependencies': OrderedDict([('gps_message', '/home/savannah/EECE5554/LAB4/install/gps_message'), ('imu_msg', '/home/savannah/EECE5554/LAB4/install/imu_msg'), ('gps_driver', '/home/savannah/EECE5554/LAB4/install/gps_driver'), ('imu_driver', '/home/savannah/EECE5554/LAB4/install/imu_driver')])}
[0.000401] (gps_message) JobStarted: {'identifier': 'gps_message'}
[0.006512] (imu_msg) JobStarted: {'identifier': 'imu_msg'}
[0.011736] (gps_message) JobProgress: {'identifier': 'gps_message', 'progress': 'cmake'}
[0.012601] (gps_message) Command: {'cmd': ['/usr/bin/cmake', '/home/savannah/EECE5554/LAB4/src/gps_message', '-DCMAKE_INSTALL_PREFIX=/home/savannah/EECE5554/LAB4/install/gps_message'], 'cwd': '/home/savannah/EECE5554/LAB4/build/gps_message', 'env': OrderedDict([('GJS_DEBUG_TOPICS', 'JS ERROR;JS LOG'), ('LESSOPEN', '| /usr/bin/lesspipe %s'), ('USER', 'savannah'), ('XDG_SESSION_TYPE', 'wayland'), ('GIT_ASKPASS', '/usr/share/code/resources/app/extensions/git/dist/askpass.sh'), ('SHLVL', '1'), ('LD_LIBRARY_PATH', '/home/savannah/EECE5554/LAB3/install/imu_msg/lib:/home/savannah/EECE5554/LAB1/install/gps_message/lib:/opt/ros/humble/opt/rviz_ogre_vendor/lib:/opt/ros/humble/lib/x86_64-linux-gnu:/opt/ros/humble/lib'), ('HOME', '/home/savannah'), ('CHROME_DESKTOP', 'code.desktop'), ('OLDPWD', '/home/savannah/EECE5554/LAB1/src'), ('TERM_PROGRAM_VERSION', '1.98.2'), ('DESKTOP_SESSION', 'ubuntu'), ('GIO_LAUNCHED_DESKTOP_FILE', '/usr/share/applications/code.desktop'), ('ROS_PYTHON_VERSION', '3'), ('GNOME_SHELL_SESSION_MODE', 'ubuntu'), ('GTK_MODULES', 'gail:atk-bridge'), ('VSCODE_GIT_ASKPASS_MAIN', '/usr/share/code/resources/app/extensions/git/dist/askpass-main.js'), ('VSCODE_GIT_ASKPASS_NODE', '/usr/share/code/code'), ('MANAGERPID', '1537'), ('PYDEVD_DISABLE_FILE_VALIDATION', '1'), ('SYSTEMD_EXEC_PID', '1701'), ('BUNDLED_DEBUGPY_PATH', '/home/savannah/.vscode/extensions/ms-python.debugpy-2025.4.1-linux-x64/bundled/libs/debugpy'), ('IM_CONFIG_CHECK_ENV', '1'), ('DBUS_SESSION_BUS_ADDRESS', 'unix:path=/run/user/1000/bus'), ('COLORTERM', 'truecolor'), ('GIO_LAUNCHED_DESKTOP_FILE_PID', '5392'), ('IM_CONFIG_PHASE', '1'), ('WAYLAND_DISPLAY', 'wayland-0'), ('COLCON_PREFIX_PATH', '/home/savannah/EECE5554/LAB3/install:/home/savannah/EECE5554/LAB1/install'), ('ROS_DISTRO', 'humble'), ('LOGNAME', 'savannah'), ('JOURNAL_STREAM', '8:13357'), ('_', '/usr/bin/colcon'), ('ROS_VERSION', '2'), ('XDG_SESSION_CLASS', 'user'), ('USERNAME', 'savannah'), ('TERM', 'xterm-256color'), ('GNOME_DESKTOP_SESSION_ID', 'this-is-deprecated'), ('ROS_LOCALHOST_ONLY', '0'), ('PATH', '/home/savannah/.local/bin:/opt/ros/humble/bin:/home/savannah/.local/bin:/usr/local/sbin:/usr/local/bin:/usr/sbin:/usr/bin:/sbin:/bin:/usr/games:/usr/local/games:/snap/bin:/snap/bin:/home/savannah/.vscode/extensions/ms-python.debugpy-2025.4.1-linux-x64/bundled/scripts/noConfigScripts:/home/savannah/.config/Code/User/globalStorage/github.copilot-chat/debugCommand'), ('SESSION_MANAGER', 'local/savannah-VirtualBox:@/tmp/.ICE-unix/1661,unix/savannah-VirtualBox:/tmp/.ICE-unix/1661'), ('INVOCATION_ID', '4cf4a4ac0533494dbc59575410bfcf53'), ('XDG_MENU_PREFIX', 'gnome-'), ('GNOME_SETUP_DISPLAY', ':1'), ('XDG_RUNTIME_DIR', '/run/user/1000'), ('GDK_BACKEND', 'x11'), ('DISPLAY', ':0'), ('VSCODE_DEBUGPY_ADAPTER_ENDPOINTS', '/home/savannah/.vscode/extensions/ms-python.debugpy-2025.4.1-linux-x64/.noConfigDebugAdapterEndpoints/endpoint-70845fa85972ba80.txt'), ('LANG', 'en_US.UTF-8'), ('XDG_CURRENT_DESKTOP', 'Unity'), ('XMODIFIERS', '@im=ibus'), ('XDG_SESSION_DESKTOP', 'ubuntu'), ('XAUTHORITY', '/run/user/1000/.mutter-Xwaylandauth.FJW132'), ('LS_COLORS', 'rs=0:di=01;34:ln=01;36:mh=00:pi=40;33:so=01;35:do=01;35:bd=40;33;01:cd=40;33;01:or=40;31;01:mi=00:su=37;41:sg=30;43:ca=30;41:tw=30;42:ow=34;42:st=37;44:ex=01;32:*.tar=01;31:*.tgz=01;31:*.arc=01;31:*.arj=01;31:*.taz=01;31:*.lha=01;31:*.lz4=01;31:*.lzh=01;31:*.lzma=01;31:*.tlz=01;31:*.txz=01;31:*.tzo=01;31:*.t7z=01;31:*.zip=01;31:*.z=01;31:*.dz=01;31:*.gz=01;31:*.lrz=01;31:*.lz=01;31:*.lzo=01;31:*.xz=01;31:*.zst=01;31:*.tzst=01;31:*.bz2=01;31:*.bz=01;31:*.tbz=01;31:*.tbz2=01;31:*.tz=01;31:*.deb=01;31:*.rpm=01;31:*.jar=01;31:*.war=01;31:*.ear=01;31:*.sar=01;31:*.rar=01;31:*.alz=01;31:*.ace=01;31:*.zoo=01;31:*.cpio=01;31:*.7z=01;31:*.rz=01;31:*.cab=01;31:*.wim=01;31:*.swm=01;31:*.dwm=01;31:*.esd=01;31:*.jpg=01;35:*.jpeg=01;35:*.mjpg=01;35:*.mjpeg=01;35:*.gif=01;35:*.bmp=01;35:*.pbm=01;35:*.pgm=01;35:*.ppm=01;35:*.tga=01;35:*.xbm=01;35:*.xpm=01;35:*.tif=01;35:*.tiff=01;35:*.png=01;35:*.svg=01;35:*.svgz=01;35:*.mng=01;35:*.pcx=01;35:*.mov=01;35:*.mpg=01;35:*.mpeg=01;35:*.m2v=01;35:*.mkv=01;35:*.webm=01;35:*.webp=01;35:*.ogm=01;35:*.mp4=01;35:*.m4v=01;35:*.mp4v=01;35:*.vob=01;35:*.qt=01;35:*.nuv=01;35:*.wmv=01;35:*.asf=01;35:*.rm=01;35:*.rmvb=01;35:*.flc=01;35:*.avi=01;35:*.fli=01;35:*.flv=01;35:*.gl=01;35:*.dl=01;35:*.xcf=01;35:*.xwd=01;35:*.yuv=01;35:*.cgm=01;35:*.emf=01;35:*.ogv=01;35:*.ogx=01;35:*.aac=00;36:*.au=00;36:*.flac=00;36:*.m4a=00;36:*.mid=00;36:*.midi=00;36:*.mka=00;36:*.mp3=00;36:*.mpc=00;36:*.ogg=00;36:*.ra=00;36:*.wav=00;36:*.oga=00;36:*.opus=00;36:*.spx=00;36:*.xspf=00;36:'), ('VSCODE_GIT_IPC_HANDLE', '/run/user/1000/vscode-git-c6ca62f6e0.sock'), ('TERM_PROGRAM', 'vscode'), ('SSH_AGENT_LAUNCHER', 'gnome-keyring'), ('SSH_AUTH_SOCK', '/run/user/1000/keyring/ssh'), ('AMENT_PREFIX_PATH', '/home/savannah/EECE5554/LAB3/install/imu_driver:/home/savannah/EECE5554/LAB3/install/imu_msg:/home/savannah/EECE5554/LAB1/install/gps_driver:/home/savannah/EECE5554/LAB1/install/gps_message:/opt/ros/humble'), ('ORIGINAL_XDG_CURRENT_DESKTOP', 'ubuntu:GNOME'), ('SHELL', '/bin/bash'), ('QT_ACCESSIBILITY', '1'), ('GDMSESSION', 'ubuntu'), ('LESSCLOSE', '/usr/bin/lesspipe %s %s'), ('GJS_DEBUG_OUTPUT', 'stderr'), ('VSCODE_GIT_ASKPASS_EXTRA_ARGS', ''), ('QT_IM_MODULE', 'ibus'), ('PWD', '/home/savannah/EECE5554/LAB4/build/gps_message'), ('LC_ALL', 'en_US.UTF-8'), ('XDG_CONFIG_DIRS', '/etc/xdg/xdg-ubuntu:/etc/xdg'), ('XDG_DATA_DIRS', '/usr/share/ubuntu:/usr/local/share/:/usr/share/:/var/lib/snapd/desktop'), ('PYTHONPATH', '/home/savannah/EECE5554/LAB3/install/imu_driver/lib/python3.10/site-packages:/home/savannah/EECE5554/LAB3/install/imu_msg/local/lib/python3.10/dist-packages:/home/savannah/EECE5554/LAB1/install/gps_driver/lib/python3.10/site-packages:/home/savannah/EECE5554/LAB1/install/gps_message/local/lib/python3.10/dist-packages:/opt/ros/humble/lib/python3.10/site-packages:/opt/ros/humble/local/lib/python3.10/dist-packages'), ('COLCON', '1'), ('CMAKE_PREFIX_PATH', '/home/savannah/EECE5554/LAB3/install/imu_msg:/home/savannah/EECE5554/LAB1/install/gps_message:/home/savannah/EECE5554/LAB3/install/imu_driver:/home/savannah/EECE5554/LAB1/install/gps_driver:/opt/ros/humble')]), 'shell': False}
[0.018238] (imu_msg) JobProgress: {'identifier': 'imu_msg', 'progress': 'cmake'}
[0.023898] (imu_msg) Command: {'cmd': ['/usr/bin/cmake', '/home/savannah/EECE5554/LAB4/src/imu_msg', '-DCMAKE_INSTALL_PREFIX=/home/savannah/EECE5554/LAB4/install/imu_msg'], 'cwd': '/home/savannah/EECE5554/LAB4/build/imu_msg', 'env': OrderedDict([('GJS_DEBUG_TOPICS', 'JS ERROR;JS LOG'), ('LESSOPEN', '| /usr/bin/lesspipe %s'), ('USER', 'savannah'), ('XDG_SESSION_TYPE', 'wayland'), ('GIT_ASKPASS', '/usr/share/code/resources/app/extensions/git/dist/askpass.sh'), ('SHLVL', '1'), ('LD_LIBRARY_PATH', '/home/savannah/EECE5554/LAB3/install/imu_msg/lib:/home/savannah/EECE5554/LAB1/install/gps_message/lib:/opt/ros/humble/opt/rviz_ogre_vendor/lib:/opt/ros/humble/lib/x86_64-linux-gnu:/opt/ros/humble/lib'), ('HOME', '/home/savannah'), ('CHROME_DESKTOP', 'code.desktop'), ('OLDPWD', '/home/savannah/EECE5554/LAB1/src'), ('TERM_PROGRAM_VERSION', '1.98.2'), ('DESKTOP_SESSION', 'ubuntu'), ('GIO_LAUNCHED_DESKTOP_FILE', '/usr/share/applications/code.desktop'), ('ROS_PYTHON_VERSION', '3'), ('GNOME_SHELL_SESSION_MODE', 'ubuntu'), ('GTK_MODULES', 'gail:atk-bridge'), ('VSCODE_GIT_ASKPASS_MAIN', '/usr/share/code/resources/app/extensions/git/dist/askpass-main.js'), ('VSCODE_GIT_ASKPASS_NODE', '/usr/share/code/code'), ('MANAGERPID', '1537'), ('PYDEVD_DISABLE_FILE_VALIDATION', '1'), ('SYSTEMD_EXEC_PID', '1701'), ('BUNDLED_DEBUGPY_PATH', '/home/savannah/.vscode/extensions/ms-python.debugpy-2025.4.1-linux-x64/bundled/libs/debugpy'), ('IM_CONFIG_CHECK_ENV', '1'), ('DBUS_SESSION_BUS_ADDRESS', 'unix:path=/run/user/1000/bus'), ('COLORTERM', 'truecolor'), ('GIO_LAUNCHED_DESKTOP_FILE_PID', '5392'), ('IM_CONFIG_PHASE', '1'), ('WAYLAND_DISPLAY', 'wayland-0'), ('COLCON_PREFIX_PATH', '/home/savannah/EECE5554/LAB3/install:/home/savannah/EECE5554/LAB1/install'), ('ROS_DISTRO', 'humble'), ('LOGNAME', 'savannah'), ('JOURNAL_STREAM', '8:13357'), ('_', '/usr/bin/colcon'), ('ROS_VERSION', '2'), ('XDG_SESSION_CLASS', 'user'), ('USERNAME', 'savannah'), ('TERM', 'xterm-256color'), ('GNOME_DESKTOP_SESSION_ID', 'this-is-deprecated'), ('ROS_LOCALHOST_ONLY', '0'), ('PATH', '/home/savannah/.local/bin:/opt/ros/humble/bin:/home/savannah/.local/bin:/usr/local/sbin:/usr/local/bin:/usr/sbin:/usr/bin:/sbin:/bin:/usr/games:/usr/local/games:/snap/bin:/snap/bin:/home/savannah/.vscode/extensions/ms-python.debugpy-2025.4.1-linux-x64/bundled/scripts/noConfigScripts:/home/savannah/.config/Code/User/globalStorage/github.copilot-chat/debugCommand'), ('SESSION_MANAGER', 'local/savannah-VirtualBox:@/tmp/.ICE-unix/1661,unix/savannah-VirtualBox:/tmp/.ICE-unix/1661'), ('INVOCATION_ID', '4cf4a4ac0533494dbc59575410bfcf53'), ('XDG_MENU_PREFIX', 'gnome-'), ('GNOME_SETUP_DISPLAY', ':1'), ('XDG_RUNTIME_DIR', '/run/user/1000'), ('GDK_BACKEND', 'x11'), ('DISPLAY', ':0'), ('VSCODE_DEBUGPY_ADAPTER_ENDPOINTS', '/home/savannah/.vscode/extensions/ms-python.debugpy-2025.4.1-linux-x64/.noConfigDebugAdapterEndpoints/endpoint-70845fa85972ba80.txt'), ('LANG', 'en_US.UTF-8'), ('XDG_CURRENT_DESKTOP', 'Unity'), ('XMODIFIERS', '@im=ibus'), ('XDG_SESSION_DESKTOP', 'ubuntu'), ('XAUTHORITY', '/run/user/1000/.mutter-Xwaylandauth.FJW132'), ('LS_COLORS', 'rs=0:di=01;34:ln=01;36:mh=00:pi=40;33:so=01;35:do=01;35:bd=40;33;01:cd=40;33;01:or=40;31;01:mi=00:su=37;41:sg=30;43:ca=30;41:tw=30;42:ow=34;42:st=37;44:ex=01;32:*.tar=01;31:*.tgz=01;31:*.arc=01;31:*.arj=01;31:*.taz=01;31:*.lha=01;31:*.lz4=01;31:*.lzh=01;31:*.lzma=01;31:*.tlz=01;31:*.txz=01;31:*.tzo=01;31:*.t7z=01;31:*.zip=01;31:*.z=01;31:*.dz=01;31:*.gz=01;31:*.lrz=01;31:*.lz=01;31:*.lzo=01;31:*.xz=01;31:*.zst=01;31:*.tzst=01;31:*.bz2=01;31:*.bz=01;31:*.tbz=01;31:*.tbz2=01;31:*.tz=01;31:*.deb=01;31:*.rpm=01;31:*.jar=01;31:*.war=01;31:*.ear=01;31:*.sar=01;31:*.rar=01;31:*.alz=01;31:*.ace=01;31:*.zoo=01;31:*.cpio=01;31:*.7z=01;31:*.rz=01;31:*.cab=01;31:*.wim=01;31:*.swm=01;31:*.dwm=01;31:*.esd=01;31:*.jpg=01;35:*.jpeg=01;35:*.mjpg=01;35:*.mjpeg=01;35:*.gif=01;35:*.bmp=01;35:*.pbm=01;35:*.pgm=01;35:*.ppm=01;35:*.tga=01;35:*.xbm=01;35:*.xpm=01;35:*.tif=01;35:*.tiff=01;35:*.png=01;35:*.svg=01;35:*.svgz=01;35:*.mng=01;35:*.pcx=01;35:*.mov=01;35:*.mpg=01;35:*.mpeg=01;35:*.m2v=01;35:*.mkv=01;35:*.webm=01;35:*.webp=01;35:*.ogm=01;35:*.mp4=01;35:*.m4v=01;35:*.mp4v=01;35:*.vob=01;35:*.qt=01;35:*.nuv=01;35:*.wmv=01;35:*.asf=01;35:*.rm=01;35:*.rmvb=01;35:*.flc=01;35:*.avi=01;35:*.fli=01;35:*.flv=01;35:*.gl=01;35:*.dl=01;35:*.xcf=01;35:*.xwd=01;35:*.yuv=01;35:*.cgm=01;35:*.emf=01;35:*.ogv=01;35:*.ogx=01;35:*.aac=00;36:*.au=00;36:*.flac=00;36:*.m4a=00;36:*.mid=00;36:*.midi=00;36:*.mka=00;36:*.mp3=00;36:*.mpc=00;36:*.ogg=00;36:*.ra=00;36:*.wav=00;36:*.oga=00;36:*.opus=00;36:*.spx=00;36:*.xspf=00;36:'), ('VSCODE_GIT_IPC_HANDLE', '/run/user/1000/vscode-git-c6ca62f6e0.sock'), ('TERM_PROGRAM', 'vscode'), ('SSH_AGENT_LAUNCHER', 'gnome-keyring'), ('SSH_AUTH_SOCK', '/run/user/1000/keyring/ssh'), ('AMENT_PREFIX_PATH', '/home/savannah/EECE5554/LAB3/install/imu_driver:/home/savannah/EECE5554/LAB3/install/imu_msg:/home/savannah/EECE5554/LAB1/install/gps_driver:/home/savannah/EECE5554/LAB1/install/gps_message:/opt/ros/humble'), ('ORIGINAL_XDG_CURRENT_DESKTOP', 'ubuntu:GNOME'), ('SHELL', '/bin/bash'), ('QT_ACCESSIBILITY', '1'), ('GDMSESSION', 'ubuntu'), ('LESSCLOSE', '/usr/bin/lesspipe %s %s'), ('GJS_DEBUG_OUTPUT', 'stderr'), ('VSCODE_GIT_ASKPASS_EXTRA_ARGS', ''), ('QT_IM_MODULE', 'ibus'), ('PWD', '/home/savannah/EECE5554/LAB4/build/imu_msg'), ('LC_ALL', 'en_US.UTF-8'), ('XDG_CONFIG_DIRS', '/etc/xdg/xdg-ubuntu:/etc/xdg'), ('XDG_DATA_DIRS', '/usr/share/ubuntu:/usr/local/share/:/usr/share/:/var/lib/snapd/desktop'), ('PYTHONPATH', '/home/savannah/EECE5554/LAB3/install/imu_driver/lib/python3.10/site-packages:/home/savannah/EECE5554/LAB3/install/imu_msg/local/lib/python3.10/dist-packages:/home/savannah/EECE5554/LAB1/install/gps_driver/lib/python3.10/site-packages:/home/savannah/EECE5554/LAB1/install/gps_message/local/lib/python3.10/dist-packages:/opt/ros/humble/lib/python3.10/site-packages:/opt/ros/humble/local/lib/python3.10/dist-packages'), ('COLCON', '1'), ('CMAKE_PREFIX_PATH', '/home/savannah/EECE5554/LAB3/install/imu_msg:/home/savannah/EECE5554/LAB1/install/gps_message:/home/savannah/EECE5554/LAB3/install/imu_driver:/home/savannah/EECE5554/LAB1/install/gps_driver:/opt/ros/humble')]), 'shell': False}
[0.098561] (gps_message) StdoutLine: {'line': b'-- The C compiler identification is GNU 11.4.0\n'}
[0.099266] (-) TimerEvent: {}
[0.103514] (imu_msg) StdoutLine: {'line': b'-- The C compiler identification is GNU 11.4.0\n'}
[0.159099] (gps_message) StdoutLine: {'line': b'-- The CXX compiler identification is GNU 11.4.0\n'}
[0.169385] (imu_msg) StdoutLine: {'line': b'-- The CXX compiler identification is GNU 11.4.0\n'}
[0.173563] (imu_msg) StdoutLine: {'line': b'-- Detecting C compiler ABI info\n'}
[0.176432] (gps_message) StdoutLine: {'line': b'-- Detecting C compiler ABI info\n'}
[0.201359] (-) TimerEvent: {}
[0.257808] (gps_message) StdoutLine: {'line': b'-- Detecting C compiler ABI info - done\n'}
[0.259604] (gps_message) StdoutLine: {'line': b'-- Check for working C compiler: /usr/bin/cc - skipped\n'}
[0.259987] (gps_message) StdoutLine: {'line': b'-- Detecting C compile features\n'}
[0.263614] (gps_message) StdoutLine: {'line': b'-- Detecting C compile features - done\n'}
[0.268524] (imu_msg) StdoutLine: {'line': b'-- Detecting C compiler ABI info - done\n'}
[0.271048] (gps_message) StdoutLine: {'line': b'-- Detecting CXX compiler ABI info\n'}
[0.275678] (imu_msg) StdoutLine: {'line': b'-- Check for working C compiler: /usr/bin/cc - skipped\n'}
[0.276497] (imu_msg) StdoutLine: {'line': b'-- Detecting C compile features\n'}
[0.282444] (imu_msg) StdoutLine: {'line': b'-- Detecting C compile features - done\n'}
[0.285363] (imu_msg) StdoutLine: {'line': b'-- Detecting CXX compiler ABI info\n'}
[0.301679] (-) TimerEvent: {}
[0.392678] (gps_message) StdoutLine: {'line': b'-- Detecting CXX compiler ABI info - done\n'}
[0.402347] (-) TimerEvent: {}
[0.413526] (imu_msg) StdoutLine: {'line': b'-- Detecting CXX compiler ABI info - done\n'}
[0.414878] (gps_message) StdoutLine: {'line': b'-- Check for working CXX compiler: /usr/bin/c++ - skipped\n'}
[0.415010] (gps_message) StdoutLine: {'line': b'-- Detecting CXX compile features\n'}
[0.415049] (gps_message) StdoutLine: {'line': b'-- Detecting CXX compile features - done\n'}
[0.415086] (gps_message) StdoutLine: {'line': b'-- Found ament_cmake: 1.3.11 (/opt/ros/humble/share/ament_cmake/cmake)\n'}
[0.422338] (imu_msg) StdoutLine: {'line': b'-- Check for working CXX compiler: /usr/bin/c++ - skipped\n'}
[0.424663] (imu_msg) StdoutLine: {'line': b'-- Detecting CXX compile features\n'}
[0.424861] (imu_msg) StdoutLine: {'line': b'-- Detecting CXX compile features - done\n'}
[0.426877] (imu_msg) StdoutLine: {'line': b'-- Found ament_cmake: 1.3.11 (/opt/ros/humble/share/ament_cmake/cmake)\n'}
[0.502534] (-) TimerEvent: {}
[0.602873] (-) TimerEvent: {}
[0.606471] (gps_message) StdoutLine: {'line': b'-- Found Python3: /usr/bin/python3 (found version "3.10.12") found components: Interpreter \n'}
[0.624064] (imu_msg) StdoutLine: {'line': b'-- Found Python3: /usr/bin/python3 (found version "3.10.12") found components: Interpreter \n'}
[0.705391] (-) TimerEvent: {}
[0.706587] (gps_message) StdoutLine: {'line': b'-- Found rosidl_default_generators: 1.2.0 (/opt/ros/humble/share/rosidl_default_generators/cmake)\n'}
[0.706778] (gps_message) StdoutLine: {'line': b'-- Using all available rosidl_typesupport_c: rosidl_typesupport_fastrtps_c;rosidl_typesupport_introspection_c\n'}
[0.711053] (gps_message) StdoutLine: {'line': b'-- Found rosidl_adapter: 3.1.6 (/opt/ros/humble/share/rosidl_adapter/cmake)\n'}
[0.732403] (imu_msg) StdoutLine: {'line': b'-- Found std_msgs: 4.2.4 (/opt/ros/humble/share/std_msgs/cmake)\n'}
[0.753811] (gps_message) StdoutLine: {'line': b'-- Using all available rosidl_typesupport_cpp: rosidl_typesupport_fastrtps_cpp;rosidl_typesupport_introspection_cpp\n'}
[0.763264] (imu_msg) StdoutLine: {'line': b'-- Found rosidl_generator_c: 3.1.6 (/opt/ros/humble/share/rosidl_generator_c/cmake)\n'}
[0.769029] (imu_msg) StdoutLine: {'line': b'-- Found rosidl_adapter: 3.1.6 (/opt/ros/humble/share/rosidl_adapter/cmake)\n'}
[0.775503] (imu_msg) StdoutLine: {'line': b'-- Found rosidl_generator_cpp: 3.1.6 (/opt/ros/humble/share/rosidl_generator_cpp/cmake)\n'}
[0.785160] (gps_message) StdoutLine: {'line': b'-- Found std_msgs: 4.2.4 (/opt/ros/humble/share/std_msgs/cmake)\n'}
[0.785984] (imu_msg) StdoutLine: {'line': b'-- Using all available rosidl_typesupport_c: rosidl_typesupport_fastrtps_c;rosidl_typesupport_introspection_c\n'}
[0.801164] (imu_msg) StdoutLine: {'line': b'-- Using all available rosidl_typesupport_cpp: rosidl_typesupport_fastrtps_cpp;rosidl_typesupport_introspection_cpp\n'}
[0.805576] (-) TimerEvent: {}
[0.828666] (imu_msg) StdoutLine: {'line': b'-- Found sensor_msgs: 4.2.4 (/opt/ros/humble/share/sensor_msgs/cmake)\n'}
[0.856413] (imu_msg) StdoutLine: {'line': b'-- Found rosidl_default_generators: 1.2.0 (/opt/ros/humble/share/rosidl_default_generators/cmake)\n'}
[0.905846] (-) TimerEvent: {}
[1.009346] (-) TimerEvent: {}
[1.095472] (gps_message) StdoutLine: {'line': b'-- Found ament_cmake_ros: 0.10.0 (/opt/ros/humble/share/ament_cmake_ros/cmake)\n'}
[1.109407] (-) TimerEvent: {}
[1.182352] (imu_msg) StdoutLine: {'line': b'-- Found ament_cmake_ros: 0.10.0 (/opt/ros/humble/share/ament_cmake_ros/cmake)\n'}
[1.209484] (-) TimerEvent: {}
[1.310694] (-) TimerEvent: {}
[1.370397] (gps_message) StdoutLine: {'line': b'-- Using all available rosidl_typesupport_c: rosidl_typesupport_fastrtps_c;rosidl_typesupport_introspection_c\n'}
[1.410825] (-) TimerEvent: {}
[1.511155] (-) TimerEvent: {}
[1.612618] (-) TimerEvent: {}
[1.657102] (gps_message) StdoutLine: {'line': b'-- Using all available rosidl_typesupport_cpp: rosidl_typesupport_fastrtps_cpp;rosidl_typesupport_introspection_cpp\n'}
[1.679637] (gps_message) StdoutLine: {'line': b'-- Found PythonInterp: /usr/bin/python3 (found suitable version "3.10.12", minimum required is "3.6") \n'}
[1.679789] (gps_message) StdoutLine: {'line': b'-- Found python_cmake_module: 0.10.0 (/opt/ros/humble/share/python_cmake_module/cmake)\n'}
[1.693084] (imu_msg) StdoutLine: {'line': b'-- Using all available rosidl_typesupport_c: rosidl_typesupport_fastrtps_c;rosidl_typesupport_introspection_c\n'}
[1.700658] (gps_message) StdoutLine: {'line': b'-- Found PythonLibs: /usr/lib/x86_64-linux-gnu/libpython3.10.so (found suitable version "3.10.12", minimum required is "3.5") \n'}
[1.700832] (gps_message) StdoutLine: {'line': b'-- Using PYTHON_EXECUTABLE: /usr/bin/python3\n'}
[1.700877] (gps_message) StdoutLine: {'line': b'-- Using PYTHON_INCLUDE_DIRS: /usr/include/python3.10\n'}
[1.700915] (gps_message) StdoutLine: {'line': b'-- Using PYTHON_LIBRARIES: /usr/lib/x86_64-linux-gnu/libpython3.10.so\n'}
[1.713559] (-) TimerEvent: {}
[1.720498] (gps_message) StdoutLine: {'line': b'-- Found PythonExtra: .so  \n'}
[1.764125] (gps_message) StdoutLine: {'line': b'-- Configuring done\n'}
[1.797384] (gps_message) StdoutLine: {'line': b'-- Generating done\n'}
[1.808195] (gps_message) StdoutLine: {'line': b'-- Build files have been written to: /home/savannah/EECE5554/LAB4/build/gps_message\n'}
[1.813655] (-) TimerEvent: {}
[1.814004] (gps_message) CommandEnded: {'returncode': 0}
[1.819346] (gps_message) JobProgress: {'identifier': 'gps_message', 'progress': 'build'}
[1.819393] (gps_message) Command: {'cmd': ['/usr/bin/cmake', '--build', '/home/savannah/EECE5554/LAB4/build/gps_message', '--', '-j4', '-l4'], 'cwd': '/home/savannah/EECE5554/LAB4/build/gps_message', 'env': OrderedDict([('GJS_DEBUG_TOPICS', 'JS ERROR;JS LOG'), ('LESSOPEN', '| /usr/bin/lesspipe %s'), ('USER', 'savannah'), ('XDG_SESSION_TYPE', 'wayland'), ('GIT_ASKPASS', '/usr/share/code/resources/app/extensions/git/dist/askpass.sh'), ('SHLVL', '1'), ('LD_LIBRARY_PATH', '/home/savannah/EECE5554/LAB3/install/imu_msg/lib:/home/savannah/EECE5554/LAB1/install/gps_message/lib:/opt/ros/humble/opt/rviz_ogre_vendor/lib:/opt/ros/humble/lib/x86_64-linux-gnu:/opt/ros/humble/lib'), ('HOME', '/home/savannah'), ('CHROME_DESKTOP', 'code.desktop'), ('OLDPWD', '/home/savannah/EECE5554/LAB1/src'), ('TERM_PROGRAM_VERSION', '1.98.2'), ('DESKTOP_SESSION', 'ubuntu'), ('GIO_LAUNCHED_DESKTOP_FILE', '/usr/share/applications/code.desktop'), ('ROS_PYTHON_VERSION', '3'), ('GNOME_SHELL_SESSION_MODE', 'ubuntu'), ('GTK_MODULES', 'gail:atk-bridge'), ('VSCODE_GIT_ASKPASS_MAIN', '/usr/share/code/resources/app/extensions/git/dist/askpass-main.js'), ('VSCODE_GIT_ASKPASS_NODE', '/usr/share/code/code'), ('MANAGERPID', '1537'), ('PYDEVD_DISABLE_FILE_VALIDATION', '1'), ('SYSTEMD_EXEC_PID', '1701'), ('BUNDLED_DEBUGPY_PATH', '/home/savannah/.vscode/extensions/ms-python.debugpy-2025.4.1-linux-x64/bundled/libs/debugpy'), ('IM_CONFIG_CHECK_ENV', '1'), ('DBUS_SESSION_BUS_ADDRESS', 'unix:path=/run/user/1000/bus'), ('COLORTERM', 'truecolor'), ('GIO_LAUNCHED_DESKTOP_FILE_PID', '5392'), ('IM_CONFIG_PHASE', '1'), ('WAYLAND_DISPLAY', 'wayland-0'), ('COLCON_PREFIX_PATH', '/home/savannah/EECE5554/LAB3/install:/home/savannah/EECE5554/LAB1/install'), ('ROS_DISTRO', 'humble'), ('LOGNAME', 'savannah'), ('JOURNAL_STREAM', '8:13357'), ('_', '/usr/bin/colcon'), ('ROS_VERSION', '2'), ('XDG_SESSION_CLASS', 'user'), ('USERNAME', 'savannah'), ('TERM', 'xterm-256color'), ('GNOME_DESKTOP_SESSION_ID', 'this-is-deprecated'), ('ROS_LOCALHOST_ONLY', '0'), ('PATH', '/home/savannah/.local/bin:/opt/ros/humble/bin:/home/savannah/.local/bin:/usr/local/sbin:/usr/local/bin:/usr/sbin:/usr/bin:/sbin:/bin:/usr/games:/usr/local/games:/snap/bin:/snap/bin:/home/savannah/.vscode/extensions/ms-python.debugpy-2025.4.1-linux-x64/bundled/scripts/noConfigScripts:/home/savannah/.config/Code/User/globalStorage/github.copilot-chat/debugCommand'), ('SESSION_MANAGER', 'local/savannah-VirtualBox:@/tmp/.ICE-unix/1661,unix/savannah-VirtualBox:/tmp/.ICE-unix/1661'), ('INVOCATION_ID', '4cf4a4ac0533494dbc59575410bfcf53'), ('XDG_MENU_PREFIX', 'gnome-'), ('GNOME_SETUP_DISPLAY', ':1'), ('XDG_RUNTIME_DIR', '/run/user/1000'), ('GDK_BACKEND', 'x11'), ('DISPLAY', ':0'), ('VSCODE_DEBUGPY_ADAPTER_ENDPOINTS', '/home/savannah/.vscode/extensions/ms-python.debugpy-2025.4.1-linux-x64/.noConfigDebugAdapterEndpoints/endpoint-70845fa85972ba80.txt'), ('LANG', 'en_US.UTF-8'), ('XDG_CURRENT_DESKTOP', 'Unity'), ('XMODIFIERS', '@im=ibus'), ('XDG_SESSION_DESKTOP', 'ubuntu'), ('XAUTHORITY', '/run/user/1000/.mutter-Xwaylandauth.FJW132'), ('LS_COLORS', 'rs=0:di=01;34:ln=01;36:mh=00:pi=40;33:so=01;35:do=01;35:bd=40;33;01:cd=40;33;01:or=40;31;01:mi=00:su=37;41:sg=30;43:ca=30;41:tw=30;42:ow=34;42:st=37;44:ex=01;32:*.tar=01;31:*.tgz=01;31:*.arc=01;31:*.arj=01;31:*.taz=01;31:*.lha=01;31:*.lz4=01;31:*.lzh=01;31:*.lzma=01;31:*.tlz=01;31:*.txz=01;31:*.tzo=01;31:*.t7z=01;31:*.zip=01;31:*.z=01;31:*.dz=01;31:*.gz=01;31:*.lrz=01;31:*.lz=01;31:*.lzo=01;31:*.xz=01;31:*.zst=01;31:*.tzst=01;31:*.bz2=01;31:*.bz=01;31:*.tbz=01;31:*.tbz2=01;31:*.tz=01;31:*.deb=01;31:*.rpm=01;31:*.jar=01;31:*.war=01;31:*.ear=01;31:*.sar=01;31:*.rar=01;31:*.alz=01;31:*.ace=01;31:*.zoo=01;31:*.cpio=01;31:*.7z=01;31:*.rz=01;31:*.cab=01;31:*.wim=01;31:*.swm=01;31:*.dwm=01;31:*.esd=01;31:*.jpg=01;35:*.jpeg=01;35:*.mjpg=01;35:*.mjpeg=01;35:*.gif=01;35:*.bmp=01;35:*.pbm=01;35:*.pgm=01;35:*.ppm=01;35:*.tga=01;35:*.xbm=01;35:*.xpm=01;35:*.tif=01;35:*.tiff=01;35:*.png=01;35:*.svg=01;35:*.svgz=01;35:*.mng=01;35:*.pcx=01;35:*.mov=01;35:*.mpg=01;35:*.mpeg=01;35:*.m2v=01;35:*.mkv=01;35:*.webm=01;35:*.webp=01;35:*.ogm=01;35:*.mp4=01;35:*.m4v=01;35:*.mp4v=01;35:*.vob=01;35:*.qt=01;35:*.nuv=01;35:*.wmv=01;35:*.asf=01;35:*.rm=01;35:*.rmvb=01;35:*.flc=01;35:*.avi=01;35:*.fli=01;35:*.flv=01;35:*.gl=01;35:*.dl=01;35:*.xcf=01;35:*.xwd=01;35:*.yuv=01;35:*.cgm=01;35:*.emf=01;35:*.ogv=01;35:*.ogx=01;35:*.aac=00;36:*.au=00;36:*.flac=00;36:*.m4a=00;36:*.mid=00;36:*.midi=00;36:*.mka=00;36:*.mp3=00;36:*.mpc=00;36:*.ogg=00;36:*.ra=00;36:*.wav=00;36:*.oga=00;36:*.opus=00;36:*.spx=00;36:*.xspf=00;36:'), ('VSCODE_GIT_IPC_HANDLE', '/run/user/1000/vscode-git-c6ca62f6e0.sock'), ('TERM_PROGRAM', 'vscode'), ('SSH_AGENT_LAUNCHER', 'gnome-keyring'), ('SSH_AUTH_SOCK', '/run/user/1000/keyring/ssh'), ('AMENT_PREFIX_PATH', '/home/savannah/EECE5554/LAB3/install/imu_driver:/home/savannah/EECE5554/LAB3/install/imu_msg:/home/savannah/EECE5554/LAB1/install/gps_driver:/home/savannah/EECE5554/LAB1/install/gps_message:/opt/ros/humble'), ('ORIGINAL_XDG_CURRENT_DESKTOP', 'ubuntu:GNOME'), ('SHELL', '/bin/bash'), ('QT_ACCESSIBILITY', '1'), ('GDMSESSION', 'ubuntu'), ('LESSCLOSE', '/usr/bin/lesspipe %s %s'), ('GJS_DEBUG_OUTPUT', 'stderr'), ('VSCODE_GIT_ASKPASS_EXTRA_ARGS', ''), ('QT_IM_MODULE', 'ibus'), ('PWD', '/home/savannah/EECE5554/LAB4/build/gps_message'), ('LC_ALL', 'en_US.UTF-8'), ('XDG_CONFIG_DIRS', '/etc/xdg/xdg-ubuntu:/etc/xdg'), ('XDG_DATA_DIRS', '/usr/share/ubuntu:/usr/local/share/:/usr/share/:/var/lib/snapd/desktop'), ('PYTHONPATH', '/home/savannah/EECE5554/LAB3/install/imu_driver/lib/python3.10/site-packages:/home/savannah/EECE5554/LAB3/install/imu_msg/local/lib/python3.10/dist-packages:/home/savannah/EECE5554/LAB1/install/gps_driver/lib/python3.10/site-packages:/home/savannah/EECE5554/LAB1/install/gps_message/local/lib/python3.10/dist-packages:/opt/ros/humble/lib/python3.10/site-packages:/opt/ros/humble/local/lib/python3.10/dist-packages'), ('COLCON', '1'), ('CMAKE_PREFIX_PATH', '/home/savannah/EECE5554/LAB3/install/imu_msg:/home/savannah/EECE5554/LAB1/install/gps_message:/home/savannah/EECE5554/LAB3/install/imu_driver:/home/savannah/EECE5554/LAB1/install/gps_driver:/opt/ros/humble')]), 'shell': False}
[1.861859] (gps_message) StdoutLine: {'line': b'[  3%] \x1b[34m\x1b[1mGenerating C code for ROS interfaces\x1b[0m\n'}
[1.882693] (gps_message) StdoutLine: {'line': b'[  6%] \x1b[34m\x1b[1mGenerating C++ code for ROS interfaces\x1b[0m\n'}
[1.887514] (gps_message) StdoutLine: {'line': b'[  6%] Built target ament_cmake_python_copy_gps_message\n'}
[1.890798] (imu_msg) StdoutLine: {'line': b'-- Using all available rosidl_typesupport_cpp: rosidl_typesupport_fastrtps_cpp;rosidl_typesupport_introspection_cpp\n'}
[1.913666] (imu_msg) StdoutLine: {'line': b'-- Found PythonInterp: /usr/bin/python3 (found suitable version "3.10.12", minimum required is "3.6") \n'}
[1.913822] (-) TimerEvent: {}
[1.914656] (imu_msg) StdoutLine: {'line': b'-- Found python_cmake_module: 0.10.0 (/opt/ros/humble/share/python_cmake_module/cmake)\n'}
[1.940313] (imu_msg) StdoutLine: {'line': b'-- Found PythonLibs: /usr/lib/x86_64-linux-gnu/libpython3.10.so (found suitable version "3.10.12", minimum required is "3.5") \n'}
[1.940499] (imu_msg) StdoutLine: {'line': b'-- Using PYTHON_EXECUTABLE: /usr/bin/python3\n'}
[1.940541] (imu_msg) StdoutLine: {'line': b'-- Using PYTHON_INCLUDE_DIRS: /usr/include/python3.10\n'}
[1.940579] (imu_msg) StdoutLine: {'line': b'-- Using PYTHON_LIBRARIES: /usr/lib/x86_64-linux-gnu/libpython3.10.so\n'}
[1.959969] (imu_msg) StdoutLine: {'line': b'-- Found PythonExtra: .so  \n'}
[2.018383] (-) TimerEvent: {}
[2.046928] (imu_msg) StdoutLine: {'line': b'-- Configuring done\n'}
[2.098342] (imu_msg) StdoutLine: {'line': b'-- Generating done\n'}
[2.110767] (imu_msg) StdoutLine: {'line': b'-- Build files have been written to: /home/savannah/EECE5554/LAB4/build/imu_msg\n'}
[2.118908] (-) TimerEvent: {}
[2.120920] (imu_msg) CommandEnded: {'returncode': 0}
[2.124310] (imu_msg) JobProgress: {'identifier': 'imu_msg', 'progress': 'build'}
[2.124381] (imu_msg) Command: {'cmd': ['/usr/bin/cmake', '--build', '/home/savannah/EECE5554/LAB4/build/imu_msg', '--', '-j4', '-l4'], 'cwd': '/home/savannah/EECE5554/LAB4/build/imu_msg', 'env': OrderedDict([('GJS_DEBUG_TOPICS', 'JS ERROR;JS LOG'), ('LESSOPEN', '| /usr/bin/lesspipe %s'), ('USER', 'savannah'), ('XDG_SESSION_TYPE', 'wayland'), ('GIT_ASKPASS', '/usr/share/code/resources/app/extensions/git/dist/askpass.sh'), ('SHLVL', '1'), ('LD_LIBRARY_PATH', '/home/savannah/EECE5554/LAB3/install/imu_msg/lib:/home/savannah/EECE5554/LAB1/install/gps_message/lib:/opt/ros/humble/opt/rviz_ogre_vendor/lib:/opt/ros/humble/lib/x86_64-linux-gnu:/opt/ros/humble/lib'), ('HOME', '/home/savannah'), ('CHROME_DESKTOP', 'code.desktop'), ('OLDPWD', '/home/savannah/EECE5554/LAB1/src'), ('TERM_PROGRAM_VERSION', '1.98.2'), ('DESKTOP_SESSION', 'ubuntu'), ('GIO_LAUNCHED_DESKTOP_FILE', '/usr/share/applications/code.desktop'), ('ROS_PYTHON_VERSION', '3'), ('GNOME_SHELL_SESSION_MODE', 'ubuntu'), ('GTK_MODULES', 'gail:atk-bridge'), ('VSCODE_GIT_ASKPASS_MAIN', '/usr/share/code/resources/app/extensions/git/dist/askpass-main.js'), ('VSCODE_GIT_ASKPASS_NODE', '/usr/share/code/code'), ('MANAGERPID', '1537'), ('PYDEVD_DISABLE_FILE_VALIDATION', '1'), ('SYSTEMD_EXEC_PID', '1701'), ('BUNDLED_DEBUGPY_PATH', '/home/savannah/.vscode/extensions/ms-python.debugpy-2025.4.1-linux-x64/bundled/libs/debugpy'), ('IM_CONFIG_CHECK_ENV', '1'), ('DBUS_SESSION_BUS_ADDRESS', 'unix:path=/run/user/1000/bus'), ('COLORTERM', 'truecolor'), ('GIO_LAUNCHED_DESKTOP_FILE_PID', '5392'), ('IM_CONFIG_PHASE', '1'), ('WAYLAND_DISPLAY', 'wayland-0'), ('COLCON_PREFIX_PATH', '/home/savannah/EECE5554/LAB3/install:/home/savannah/EECE5554/LAB1/install'), ('ROS_DISTRO', 'humble'), ('LOGNAME', 'savannah'), ('JOURNAL_STREAM', '8:13357'), ('_', '/usr/bin/colcon'), ('ROS_VERSION', '2'), ('XDG_SESSION_CLASS', 'user'), ('USERNAME', 'savannah'), ('TERM', 'xterm-256color'), ('GNOME_DESKTOP_SESSION_ID', 'this-is-deprecated'), ('ROS_LOCALHOST_ONLY', '0'), ('PATH', '/home/savannah/.local/bin:/opt/ros/humble/bin:/home/savannah/.local/bin:/usr/local/sbin:/usr/local/bin:/usr/sbin:/usr/bin:/sbin:/bin:/usr/games:/usr/local/games:/snap/bin:/snap/bin:/home/savannah/.vscode/extensions/ms-python.debugpy-2025.4.1-linux-x64/bundled/scripts/noConfigScripts:/home/savannah/.config/Code/User/globalStorage/github.copilot-chat/debugCommand'), ('SESSION_MANAGER', 'local/savannah-VirtualBox:@/tmp/.ICE-unix/1661,unix/savannah-VirtualBox:/tmp/.ICE-unix/1661'), ('INVOCATION_ID', '4cf4a4ac0533494dbc59575410bfcf53'), ('XDG_MENU_PREFIX', 'gnome-'), ('GNOME_SETUP_DISPLAY', ':1'), ('XDG_RUNTIME_DIR', '/run/user/1000'), ('GDK_BACKEND', 'x11'), ('DISPLAY', ':0'), ('VSCODE_DEBUGPY_ADAPTER_ENDPOINTS', '/home/savannah/.vscode/extensions/ms-python.debugpy-2025.4.1-linux-x64/.noConfigDebugAdapterEndpoints/endpoint-70845fa85972ba80.txt'), ('LANG', 'en_US.UTF-8'), ('XDG_CURRENT_DESKTOP', 'Unity'), ('XMODIFIERS', '@im=ibus'), ('XDG_SESSION_DESKTOP', 'ubuntu'), ('XAUTHORITY', '/run/user/1000/.mutter-Xwaylandauth.FJW132'), ('LS_COLORS', 'rs=0:di=01;34:ln=01;36:mh=00:pi=40;33:so=01;35:do=01;35:bd=40;33;01:cd=40;33;01:or=40;31;01:mi=00:su=37;41:sg=30;43:ca=30;41:tw=30;42:ow=34;42:st=37;44:ex=01;32:*.tar=01;31:*.tgz=01;31:*.arc=01;31:*.arj=01;31:*.taz=01;31:*.lha=01;31:*.lz4=01;31:*.lzh=01;31:*.lzma=01;31:*.tlz=01;31:*.txz=01;31:*.tzo=01;31:*.t7z=01;31:*.zip=01;31:*.z=01;31:*.dz=01;31:*.gz=01;31:*.lrz=01;31:*.lz=01;31:*.lzo=01;31:*.xz=01;31:*.zst=01;31:*.tzst=01;31:*.bz2=01;31:*.bz=01;31:*.tbz=01;31:*.tbz2=01;31:*.tz=01;31:*.deb=01;31:*.rpm=01;31:*.jar=01;31:*.war=01;31:*.ear=01;31:*.sar=01;31:*.rar=01;31:*.alz=01;31:*.ace=01;31:*.zoo=01;31:*.cpio=01;31:*.7z=01;31:*.rz=01;31:*.cab=01;31:*.wim=01;31:*.swm=01;31:*.dwm=01;31:*.esd=01;31:*.jpg=01;35:*.jpeg=01;35:*.mjpg=01;35:*.mjpeg=01;35:*.gif=01;35:*.bmp=01;35:*.pbm=01;35:*.pgm=01;35:*.ppm=01;35:*.tga=01;35:*.xbm=01;35:*.xpm=01;35:*.tif=01;35:*.tiff=01;35:*.png=01;35:*.svg=01;35:*.svgz=01;35:*.mng=01;35:*.pcx=01;35:*.mov=01;35:*.mpg=01;35:*.mpeg=01;35:*.m2v=01;35:*.mkv=01;35:*.webm=01;35:*.webp=01;35:*.ogm=01;35:*.mp4=01;35:*.m4v=01;35:*.mp4v=01;35:*.vob=01;35:*.qt=01;35:*.nuv=01;35:*.wmv=01;35:*.asf=01;35:*.rm=01;35:*.rmvb=01;35:*.flc=01;35:*.avi=01;35:*.fli=01;35:*.flv=01;35:*.gl=01;35:*.dl=01;35:*.xcf=01;35:*.xwd=01;35:*.yuv=01;35:*.cgm=01;35:*.emf=01;35:*.ogv=01;35:*.ogx=01;35:*.aac=00;36:*.au=00;36:*.flac=00;36:*.m4a=00;36:*.mid=00;36:*.midi=00;36:*.mka=00;36:*.mp3=00;36:*.mpc=00;36:*.ogg=00;36:*.ra=00;36:*.wav=00;36:*.oga=00;36:*.opus=00;36:*.spx=00;36:*.xspf=00;36:'), ('VSCODE_GIT_IPC_HANDLE', '/run/user/1000/vscode-git-c6ca62f6e0.sock'), ('TERM_PROGRAM', 'vscode'), ('SSH_AGENT_LAUNCHER', 'gnome-keyring'), ('SSH_AUTH_SOCK', '/run/user/1000/keyring/ssh'), ('AMENT_PREFIX_PATH', '/home/savannah/EECE5554/LAB3/install/imu_driver:/home/savannah/EECE5554/LAB3/install/imu_msg:/home/savannah/EECE5554/LAB1/install/gps_driver:/home/savannah/EECE5554/LAB1/install/gps_message:/opt/ros/humble'), ('ORIGINAL_XDG_CURRENT_DESKTOP', 'ubuntu:GNOME'), ('SHELL', '/bin/bash'), ('QT_ACCESSIBILITY', '1'), ('GDMSESSION', 'ubuntu'), ('LESSCLOSE', '/usr/bin/lesspipe %s %s'), ('GJS_DEBUG_OUTPUT', 'stderr'), ('VSCODE_GIT_ASKPASS_EXTRA_ARGS', ''), ('QT_IM_MODULE', 'ibus'), ('PWD', '/home/savannah/EECE5554/LAB4/build/imu_msg'), ('LC_ALL', 'en_US.UTF-8'), ('XDG_CONFIG_DIRS', '/etc/xdg/xdg-ubuntu:/etc/xdg'), ('XDG_DATA_DIRS', '/usr/share/ubuntu:/usr/local/share/:/usr/share/:/var/lib/snapd/desktop'), ('PYTHONPATH', '/home/savannah/EECE5554/LAB3/install/imu_driver/lib/python3.10/site-packages:/home/savannah/EECE5554/LAB3/install/imu_msg/local/lib/python3.10/dist-packages:/home/savannah/EECE5554/LAB1/install/gps_driver/lib/python3.10/site-packages:/home/savannah/EECE5554/LAB1/install/gps_message/local/lib/python3.10/dist-packages:/opt/ros/humble/lib/python3.10/site-packages:/opt/ros/humble/local/lib/python3.10/dist-packages'), ('COLCON', '1'), ('CMAKE_PREFIX_PATH', '/home/savannah/EECE5554/LAB3/install/imu_msg:/home/savannah/EECE5554/LAB1/install/gps_message:/home/savannah/EECE5554/LAB3/install/imu_driver:/home/savannah/EECE5554/LAB1/install/gps_driver:/opt/ros/humble')]), 'shell': False}
[2.178029] (imu_msg) StdoutLine: {'line': b'[  3%] \x1b[34m\x1b[1mGenerating C code for ROS interfaces\x1b[0m\n'}
[2.207940] (gps_message) StdoutLine: {'line': b'[  9%] \x1b[32mBuilding C object CMakeFiles/gps_message__rosidl_generator_c.dir/rosidl_generator_c/gps_message/msg/detail/gps_msg__functions.c.o\x1b[0m\n'}
[2.211037] (imu_msg) StdoutLine: {'line': b'[  6%] \x1b[34m\x1b[1mGenerating C++ code for ROS interfaces\x1b[0m\n'}
[2.219096] (-) TimerEvent: {}
[2.228361] (imu_msg) StdoutLine: {'line': b'[  6%] Built target ament_cmake_python_copy_imu_msg\n'}
[2.297660] (gps_message) StdoutLine: {'line': b'[  9%] Built target gps_message__cpp\n'}
[2.304690] (gps_message) StdoutLine: {'line': b'running egg_info\n'}
[2.309343] (gps_message) StdoutLine: {'line': b'creating gps_message.egg-info\n'}
[2.311767] (gps_message) StdoutLine: {'line': b'writing gps_message.egg-info/PKG-INFO\n'}
[2.311926] (gps_message) StdoutLine: {'line': b'writing dependency_links to gps_message.egg-info/dependency_links.txt\n'}
[2.311977] (gps_message) StdoutLine: {'line': b'writing top-level names to gps_message.egg-info/top_level.txt\n'}
[2.312018] (gps_message) StdoutLine: {'line': b"writing manifest file 'gps_message.egg-info/SOURCES.txt'\n"}
[2.316879] (gps_message) StdoutLine: {'line': b"reading manifest file 'gps_message.egg-info/SOURCES.txt'\n"}
[2.318636] (gps_message) StdoutLine: {'line': b"writing manifest file 'gps_message.egg-info/SOURCES.txt'\n"}
[2.318787] (gps_message) StdoutLine: {'line': b'[ 12%] \x1b[34m\x1b[1mGenerating C++ introspection for ROS interfaces\x1b[0m\n'}
[2.319275] (-) TimerEvent: {}
[2.324101] (gps_message) StdoutLine: {'line': b'[ 16%] \x1b[34m\x1b[1mGenerating C++ type support for eProsima Fast-RTPS\x1b[0m\n'}
[2.327183] (gps_message) StdoutLine: {'line': b'[ 19%] \x1b[32m\x1b[1mLinking C shared library libgps_message__rosidl_generator_c.so\x1b[0m\n'}
[2.416327] (gps_message) StdoutLine: {'line': b'[ 19%] Built target gps_message__rosidl_generator_c\n'}
[2.421437] (-) TimerEvent: {}
[2.438632] (gps_message) StdoutLine: {'line': b'[ 22%] \x1b[34m\x1b[1mGenerating C++ type support dispatch for ROS interfaces\x1b[0m\n'}
[2.454557] (gps_message) StdoutLine: {'line': b'[ 22%] Built target ament_cmake_python_build_gps_message_egg\n'}
[2.489376] (gps_message) StdoutLine: {'line': b'[ 25%] \x1b[34m\x1b[1mGenerating C type support for eProsima Fast-RTPS\x1b[0m\n'}
[2.521578] (-) TimerEvent: {}
[2.629987] (-) TimerEvent: {}
[2.734230] (-) TimerEvent: {}
[2.823371] (imu_msg) StdoutLine: {'line': b'[  6%] Built target imu_msg__cpp\n'}
[2.836174] (-) TimerEvent: {}
[2.865463] (imu_msg) StdoutLine: {'line': b'[  9%] \x1b[34m\x1b[1mGenerating C++ type support dispatch for ROS interfaces\x1b[0m\n'}
[2.874126] (gps_message) StdoutLine: {'line': b'[ 29%] \x1b[32mBuilding CXX object CMakeFiles/gps_message__rosidl_typesupport_cpp.dir/rosidl_typesupport_cpp/gps_message/msg/gps_msg__type_support.cpp.o\x1b[0m\n'}
[2.877908] (imu_msg) StdoutLine: {'line': b'[ 12%] \x1b[34m\x1b[1mGenerating C++ type support for eProsima Fast-RTPS\x1b[0m\n'}
[2.905409] (imu_msg) StdoutLine: {'line': b'[ 16%] \x1b[32mBuilding C object CMakeFiles/imu_msg__rosidl_generator_c.dir/rosidl_generator_c/imu_msg/msg/detail/imu_msg__functions.c.o\x1b[0m\n'}
[2.938957] (-) TimerEvent: {}
[3.049771] (-) TimerEvent: {}
[3.053283] (imu_msg) StdoutLine: {'line': b'[ 19%] \x1b[32m\x1b[1mLinking C shared library libimu_msg__rosidl_generator_c.so\x1b[0m\n'}
[3.093948] (imu_msg) StdoutLine: {'line': b'running egg_info\n'}
[3.095408] (imu_msg) StdoutLine: {'line': b'creating imu_msg.egg-info\n'}
[3.095805] (imu_msg) StdoutLine: {'line': b'writing imu_msg.egg-info/PKG-INFO\n'}
[3.096168] (imu_msg) StdoutLine: {'line': b'writing dependency_links to imu_msg.egg-info/dependency_links.txt\n'}
[3.096626] (imu_msg) StdoutLine: {'line': b'writing top-level names to imu_msg.egg-info/top_level.txt\n'}
[3.096935] (imu_msg) StdoutLine: {'line': b"writing manifest file 'imu_msg.egg-info/SOURCES.txt'\n"}
[3.100604] (imu_msg) StdoutLine: {'line': b"reading manifest file 'imu_msg.egg-info/SOURCES.txt'\n"}
[3.101271] (imu_msg) StdoutLine: {'line': b"writing manifest file 'imu_msg.egg-info/SOURCES.txt'\n"}
[3.142627] (imu_msg) StdoutLine: {'line': b'[ 19%] Built target imu_msg__rosidl_generator_c\n'}
[3.149919] (-) TimerEvent: {}
[3.152278] (gps_message) StdoutLine: {'line': b'[ 32%] \x1b[32mBuilding CXX object CMakeFiles/gps_message__rosidl_typesupport_introspection_cpp.dir/rosidl_typesupport_introspection_cpp/gps_message/msg/detail/gps_msg__type_support.cpp.o\x1b[0m\n'}
[3.160039] (imu_msg) StdoutLine: {'line': b'[ 22%] \x1b[34m\x1b[1mGenerating C++ introspection for ROS interfaces\x1b[0m\n'}
[3.162974] (gps_message) StdoutLine: {'line': b'[ 35%] \x1b[32mBuilding CXX object CMakeFiles/gps_message__rosidl_typesupport_fastrtps_cpp.dir/rosidl_typesupport_fastrtps_cpp/gps_message/msg/detail/dds_fastrtps/gps_msg__type_support.cpp.o\x1b[0m\n'}
[3.198770] (imu_msg) StdoutLine: {'line': b'[ 22%] Built target ament_cmake_python_build_imu_msg_egg\n'}
[3.213759] (imu_msg) StdoutLine: {'line': b'[ 25%] \x1b[34m\x1b[1mGenerating C type support for eProsima Fast-RTPS\x1b[0m\n'}
[3.250486] (-) TimerEvent: {}
[3.352023] (gps_message) StdoutLine: {'line': b'[ 38%] \x1b[32mBuilding CXX object CMakeFiles/gps_message__rosidl_typesupport_fastrtps_c.dir/rosidl_typesupport_fastrtps_c/gps_message/msg/detail/gps_msg__type_support_c.cpp.o\x1b[0m\n'}
[3.352193] (-) TimerEvent: {}
[3.453922] (-) TimerEvent: {}
[3.464132] (imu_msg) StdoutLine: {'line': b'[ 29%] \x1b[32mBuilding CXX object CMakeFiles/imu_msg__rosidl_typesupport_cpp.dir/rosidl_typesupport_cpp/imu_msg/msg/imu_msg__type_support.cpp.o\x1b[0m\n'}
[3.554179] (-) TimerEvent: {}
[3.658795] (-) TimerEvent: {}
[3.667419] (imu_msg) StdoutLine: {'line': b'[ 32%] \x1b[32mBuilding CXX object CMakeFiles/imu_msg__rosidl_typesupport_fastrtps_cpp.dir/rosidl_typesupport_fastrtps_cpp/imu_msg/msg/detail/dds_fastrtps/imu_msg__type_support.cpp.o\x1b[0m\n'}
[3.704419] (imu_msg) StdoutLine: {'line': b'[ 35%] \x1b[32mBuilding CXX object CMakeFiles/imu_msg__rosidl_typesupport_fastrtps_c.dir/rosidl_typesupport_fastrtps_c/imu_msg/msg/detail/imu_msg__type_support_c.cpp.o\x1b[0m\n'}
[3.718719] (imu_msg) StdoutLine: {'line': b'[ 38%] \x1b[32mBuilding CXX object CMakeFiles/imu_msg__rosidl_typesupport_introspection_cpp.dir/rosidl_typesupport_introspection_cpp/imu_msg/msg/detail/imu_msg__type_support.cpp.o\x1b[0m\n'}
[3.751594] (gps_message) StdoutLine: {'line': b'[ 41%] \x1b[32m\x1b[1mLinking CXX shared library libgps_message__rosidl_typesupport_cpp.so\x1b[0m\n'}
[3.761235] (-) TimerEvent: {}
[3.862228] (-) TimerEvent: {}
[3.875598] (gps_message) StdoutLine: {'line': b'[ 41%] Built target gps_message__rosidl_typesupport_cpp\n'}
[3.917338] (gps_message) StdoutLine: {'line': b'[ 45%] \x1b[34m\x1b[1mGenerating C introspection for ROS interfaces\x1b[0m\n'}
[3.962706] (-) TimerEvent: {}
[4.065493] (-) TimerEvent: {}
[4.165837] (-) TimerEvent: {}
[4.243492] (gps_message) StdoutLine: {'line': b'[ 48%] \x1b[32m\x1b[1mLinking CXX shared library libgps_message__rosidl_typesupport_fastrtps_cpp.so\x1b[0m\n'}
[4.268968] (imu_msg) StdoutLine: {'line': b'[ 41%] \x1b[32m\x1b[1mLinking CXX shared library libimu_msg__rosidl_typesupport_cpp.so\x1b[0m\n'}
[4.269216] (-) TimerEvent: {}
[4.287542] (gps_message) StdoutLine: {'line': b'[ 51%] \x1b[32m\x1b[1mLinking CXX shared library libgps_message__rosidl_typesupport_fastrtps_c.so\x1b[0m\n'}
[4.328694] (gps_message) StdoutLine: {'line': b'[ 54%] \x1b[32m\x1b[1mLinking CXX shared library libgps_message__rosidl_typesupport_introspection_cpp.so\x1b[0m\n'}
[4.359140] (imu_msg) StdoutLine: {'line': b'[ 41%] Built target imu_msg__rosidl_typesupport_cpp\n'}
[4.369354] (-) TimerEvent: {}
[4.387324] (imu_msg) StdoutLine: {'line': b'[ 45%] \x1b[34m\x1b[1mGenerating C introspection for ROS interfaces\x1b[0m\n'}
[4.417628] (gps_message) StdoutLine: {'line': b'[ 54%] Built target gps_message__rosidl_typesupport_fastrtps_cpp\n'}
[4.439445] (gps_message) StdoutLine: {'line': b'[ 58%] \x1b[34m\x1b[1mGenerating C type support dispatch for ROS interfaces\x1b[0m\n'}
[4.469626] (-) TimerEvent: {}
[4.489490] (gps_message) StdoutLine: {'line': b'[ 58%] Built target gps_message__rosidl_typesupport_introspection_cpp\n'}
[4.492928] (gps_message) StdoutLine: {'line': b'[ 61%] \x1b[32mBuilding C object CMakeFiles/gps_message__rosidl_typesupport_introspection_c.dir/rosidl_typesupport_introspection_c/gps_message/msg/detail/gps_msg__type_support.c.o\x1b[0m\n'}
[4.546597] (gps_message) StdoutLine: {'line': b'[ 61%] Built target gps_message__rosidl_typesupport_fastrtps_c\n'}
[4.574115] (imu_msg) StdoutLine: {'line': b'[ 48%] \x1b[32m\x1b[1mLinking CXX shared library libimu_msg__rosidl_typesupport_introspection_cpp.so\x1b[0m\n'}
[4.574307] (-) TimerEvent: {}
[4.575929] (gps_message) StdoutLine: {'line': b'[ 64%] \x1b[32m\x1b[1mLinking C shared library libgps_message__rosidl_typesupport_introspection_c.so\x1b[0m\n'}
[4.657447] (gps_message) StdoutLine: {'line': b'[ 64%] Built target gps_message__rosidl_typesupport_introspection_c\n'}
[4.674650] (-) TimerEvent: {}
[4.706608] (imu_msg) StdoutLine: {'line': b'[ 51%] \x1b[32m\x1b[1mLinking CXX shared library libimu_msg__rosidl_typesupport_fastrtps_c.so\x1b[0m\n'}
[4.723466] (imu_msg) StdoutLine: {'line': b'[ 51%] Built target imu_msg__rosidl_typesupport_introspection_cpp\n'}
[4.744139] (imu_msg) StdoutLine: {'line': b'[ 54%] \x1b[34m\x1b[1mGenerating C type support dispatch for ROS interfaces\x1b[0m\n'}
[4.775558] (-) TimerEvent: {}
[4.801123] (imu_msg) StdoutLine: {'line': b'[ 58%] \x1b[32m\x1b[1mLinking CXX shared library libimu_msg__rosidl_typesupport_fastrtps_cpp.so\x1b[0m\n'}
[4.818747] (imu_msg) StdoutLine: {'line': b'[ 61%] \x1b[32mBuilding C object CMakeFiles/imu_msg__rosidl_typesupport_introspection_c.dir/rosidl_typesupport_introspection_c/imu_msg/msg/detail/imu_msg__type_support.c.o\x1b[0m\n'}
[4.864866] (imu_msg) StdoutLine: {'line': b'[ 64%] \x1b[32m\x1b[1mLinking C shared library libimu_msg__rosidl_typesupport_introspection_c.so\x1b[0m\n'}
[4.865144] (imu_msg) StdoutLine: {'line': b'[ 64%] Built target imu_msg__rosidl_typesupport_fastrtps_c\n'}
[4.870495] (gps_message) StdoutLine: {'line': b'[ 67%] \x1b[32mBuilding CXX object CMakeFiles/gps_message__rosidl_typesupport_c.dir/rosidl_typesupport_c/gps_message/msg/gps_msg__type_support.cpp.o\x1b[0m\n'}
[4.875739] (-) TimerEvent: {}
[4.904182] (imu_msg) StdoutLine: {'line': b'[ 64%] Built target imu_msg__rosidl_typesupport_introspection_c\n'}
[4.925304] (gps_message) StdoutLine: {'line': b'[ 70%] \x1b[32m\x1b[1mLinking CXX shared library libgps_message__rosidl_typesupport_c.so\x1b[0m\n'}
[4.947771] (imu_msg) StdoutLine: {'line': b'[ 64%] Built target imu_msg__rosidl_typesupport_fastrtps_cpp\n'}
[4.965929] (gps_message) StdoutLine: {'line': b'[ 70%] Built target gps_message__rosidl_typesupport_c\n'}
[4.975949] (-) TimerEvent: {}
[4.984540] (gps_message) StdoutLine: {'line': b'[ 70%] Built target gps_message\n'}
[5.006432] (gps_message) StdoutLine: {'line': b'[ 74%] \x1b[34m\x1b[1mGenerating Python code for ROS interfaces\x1b[0m\n'}
[5.026119] (imu_msg) StdoutLine: {'line': b'[ 67%] \x1b[32mBuilding CXX object CMakeFiles/imu_msg__rosidl_typesupport_c.dir/rosidl_typesupport_c/imu_msg/msg/imu_msg__type_support.cpp.o\x1b[0m\n'}
[5.054901] (imu_msg) StdoutLine: {'line': b'[ 70%] \x1b[32m\x1b[1mLinking CXX shared library libimu_msg__rosidl_typesupport_c.so\x1b[0m\n'}
[5.076206] (-) TimerEvent: {}
[5.103912] (imu_msg) StdoutLine: {'line': b'[ 70%] Built target imu_msg__rosidl_typesupport_c\n'}
[5.130256] (imu_msg) StdoutLine: {'line': b'[ 70%] Built target imu_msg\n'}
[5.154617] (imu_msg) StdoutLine: {'line': b'[ 74%] \x1b[34m\x1b[1mGenerating Python code for ROS interfaces\x1b[0m\n'}
[5.176319] (-) TimerEvent: {}
[5.277395] (-) TimerEvent: {}
[5.352429] (gps_message) StdoutLine: {'line': b'[ 74%] Built target gps_message__py\n'}
[5.378007] (-) TimerEvent: {}
[5.378859] (gps_message) StdoutLine: {'line': b'[ 77%] \x1b[32mBuilding C object CMakeFiles/gps_message__rosidl_generator_py.dir/rosidl_generator_py/gps_message/msg/_gps_msg_s.c.o\x1b[0m\n'}
[5.479605] (-) TimerEvent: {}
[5.497092] (imu_msg) StdoutLine: {'line': b'[ 74%] Built target imu_msg__py\n'}
[5.509138] (gps_message) StdoutLine: {'line': b'[ 80%] \x1b[32m\x1b[1mLinking C shared library rosidl_generator_py/gps_message/libgps_message__rosidl_generator_py.so\x1b[0m\n'}
[5.534629] (imu_msg) StdoutLine: {'line': b'[ 77%] \x1b[32mBuilding C object CMakeFiles/imu_msg__rosidl_generator_py.dir/rosidl_generator_py/imu_msg/msg/_imu_msg_s.c.o\x1b[0m\n'}
[5.553815] (gps_message) StdoutLine: {'line': b'[ 80%] Built target gps_message__rosidl_generator_py\n'}
[5.579987] (-) TimerEvent: {}
[5.581325] (gps_message) StdoutLine: {'line': b'[ 83%] \x1b[32mBuilding C object CMakeFiles/gps_message__rosidl_typesupport_introspection_c__pyext.dir/rosidl_generator_py/gps_message/_gps_message_s.ep.rosidl_typesupport_introspection_c.c.o\x1b[0m\n'}
[5.583257] (gps_message) StdoutLine: {'line': b'[ 87%] \x1b[32mBuilding C object CMakeFiles/gps_message__rosidl_typesupport_c__pyext.dir/rosidl_generator_py/gps_message/_gps_message_s.ep.rosidl_typesupport_c.c.o\x1b[0m\n'}
[5.585403] (gps_message) StdoutLine: {'line': b'[ 90%] \x1b[32mBuilding C object CMakeFiles/gps_message__rosidl_typesupport_fastrtps_c__pyext.dir/rosidl_generator_py/gps_message/_gps_message_s.ep.rosidl_typesupport_fastrtps_c.c.o\x1b[0m\n'}
[5.653811] (imu_msg) StdoutLine: {'line': b'[ 80%] \x1b[32m\x1b[1mLinking C shared library rosidl_generator_py/imu_msg/libimu_msg__rosidl_generator_py.so\x1b[0m\n'}
[5.681384] (-) TimerEvent: {}
[5.723581] (gps_message) StdoutLine: {'line': b'[ 93%] \x1b[32m\x1b[1mLinking C shared library rosidl_generator_py/gps_message/gps_message_s__rosidl_typesupport_c.cpython-310-x86_64-linux-gnu.so\x1b[0m\n'}
[5.727350] (imu_msg) StdoutLine: {'line': b'[ 80%] Built target imu_msg__rosidl_generator_py\n'}
[5.736735] (gps_message) StdoutLine: {'line': b'[ 96%] \x1b[32m\x1b[1mLinking C shared library rosidl_generator_py/gps_message/gps_message_s__rosidl_typesupport_introspection_c.cpython-310-x86_64-linux-gnu.so\x1b[0m\n'}
[5.763406] (imu_msg) StdoutLine: {'line': b'[ 83%] \x1b[32mBuilding C object CMakeFiles/imu_msg__rosidl_typesupport_fastrtps_c__pyext.dir/rosidl_generator_py/imu_msg/_imu_msg_s.ep.rosidl_typesupport_fastrtps_c.c.o\x1b[0m\n'}
[5.765933] (imu_msg) StdoutLine: {'line': b'[ 87%] \x1b[32mBuilding C object CMakeFiles/imu_msg__rosidl_typesupport_introspection_c__pyext.dir/rosidl_generator_py/imu_msg/_imu_msg_s.ep.rosidl_typesupport_introspection_c.c.o\x1b[0m\n'}
[5.773159] (gps_message) StdoutLine: {'line': b'[100%] \x1b[32m\x1b[1mLinking C shared library rosidl_generator_py/gps_message/gps_message_s__rosidl_typesupport_fastrtps_c.cpython-310-x86_64-linux-gnu.so\x1b[0m\n'}
[5.781138] (imu_msg) StdoutLine: {'line': b'[ 90%] \x1b[32mBuilding C object CMakeFiles/imu_msg__rosidl_typesupport_c__pyext.dir/rosidl_generator_py/imu_msg/_imu_msg_s.ep.rosidl_typesupport_c.c.o\x1b[0m\n'}
[5.781387] (-) TimerEvent: {}
[5.786869] (gps_message) StdoutLine: {'line': b'[100%] Built target gps_message__rosidl_typesupport_c__pyext\n'}
[5.816812] (gps_message) StdoutLine: {'line': b'[100%] Built target gps_message__rosidl_typesupport_introspection_c__pyext\n'}
[5.846258] (gps_message) StdoutLine: {'line': b'[100%] Built target gps_message__rosidl_typesupport_fastrtps_c__pyext\n'}
[5.872197] (gps_message) CommandEnded: {'returncode': 0}
[5.873143] (gps_message) JobProgress: {'identifier': 'gps_message', 'progress': 'install'}
[5.881531] (gps_message) Command: {'cmd': ['/usr/bin/cmake', '--install', '/home/savannah/EECE5554/LAB4/build/gps_message'], 'cwd': '/home/savannah/EECE5554/LAB4/build/gps_message', 'env': OrderedDict([('GJS_DEBUG_TOPICS', 'JS ERROR;JS LOG'), ('LESSOPEN', '| /usr/bin/lesspipe %s'), ('USER', 'savannah'), ('XDG_SESSION_TYPE', 'wayland'), ('GIT_ASKPASS', '/usr/share/code/resources/app/extensions/git/dist/askpass.sh'), ('SHLVL', '1'), ('LD_LIBRARY_PATH', '/home/savannah/EECE5554/LAB3/install/imu_msg/lib:/home/savannah/EECE5554/LAB1/install/gps_message/lib:/opt/ros/humble/opt/rviz_ogre_vendor/lib:/opt/ros/humble/lib/x86_64-linux-gnu:/opt/ros/humble/lib'), ('HOME', '/home/savannah'), ('CHROME_DESKTOP', 'code.desktop'), ('OLDPWD', '/home/savannah/EECE5554/LAB1/src'), ('TERM_PROGRAM_VERSION', '1.98.2'), ('DESKTOP_SESSION', 'ubuntu'), ('GIO_LAUNCHED_DESKTOP_FILE', '/usr/share/applications/code.desktop'), ('ROS_PYTHON_VERSION', '3'), ('GNOME_SHELL_SESSION_MODE', 'ubuntu'), ('GTK_MODULES', 'gail:atk-bridge'), ('VSCODE_GIT_ASKPASS_MAIN', '/usr/share/code/resources/app/extensions/git/dist/askpass-main.js'), ('VSCODE_GIT_ASKPASS_NODE', '/usr/share/code/code'), ('MANAGERPID', '1537'), ('PYDEVD_DISABLE_FILE_VALIDATION', '1'), ('SYSTEMD_EXEC_PID', '1701'), ('BUNDLED_DEBUGPY_PATH', '/home/savannah/.vscode/extensions/ms-python.debugpy-2025.4.1-linux-x64/bundled/libs/debugpy'), ('IM_CONFIG_CHECK_ENV', '1'), ('DBUS_SESSION_BUS_ADDRESS', 'unix:path=/run/user/1000/bus'), ('COLORTERM', 'truecolor'), ('GIO_LAUNCHED_DESKTOP_FILE_PID', '5392'), ('IM_CONFIG_PHASE', '1'), ('WAYLAND_DISPLAY', 'wayland-0'), ('COLCON_PREFIX_PATH', '/home/savannah/EECE5554/LAB3/install:/home/savannah/EECE5554/LAB1/install'), ('ROS_DISTRO', 'humble'), ('LOGNAME', 'savannah'), ('JOURNAL_STREAM', '8:13357'), ('_', '/usr/bin/colcon'), ('ROS_VERSION', '2'), ('XDG_SESSION_CLASS', 'user'), ('USERNAME', 'savannah'), ('TERM', 'xterm-256color'), ('GNOME_DESKTOP_SESSION_ID', 'this-is-deprecated'), ('ROS_LOCALHOST_ONLY', '0'), ('PATH', '/home/savannah/.local/bin:/opt/ros/humble/bin:/home/savannah/.local/bin:/usr/local/sbin:/usr/local/bin:/usr/sbin:/usr/bin:/sbin:/bin:/usr/games:/usr/local/games:/snap/bin:/snap/bin:/home/savannah/.vscode/extensions/ms-python.debugpy-2025.4.1-linux-x64/bundled/scripts/noConfigScripts:/home/savannah/.config/Code/User/globalStorage/github.copilot-chat/debugCommand'), ('SESSION_MANAGER', 'local/savannah-VirtualBox:@/tmp/.ICE-unix/1661,unix/savannah-VirtualBox:/tmp/.ICE-unix/1661'), ('INVOCATION_ID', '4cf4a4ac0533494dbc59575410bfcf53'), ('XDG_MENU_PREFIX', 'gnome-'), ('GNOME_SETUP_DISPLAY', ':1'), ('XDG_RUNTIME_DIR', '/run/user/1000'), ('GDK_BACKEND', 'x11'), ('DISPLAY', ':0'), ('VSCODE_DEBUGPY_ADAPTER_ENDPOINTS', '/home/savannah/.vscode/extensions/ms-python.debugpy-2025.4.1-linux-x64/.noConfigDebugAdapterEndpoints/endpoint-70845fa85972ba80.txt'), ('LANG', 'en_US.UTF-8'), ('XDG_CURRENT_DESKTOP', 'Unity'), ('XMODIFIERS', '@im=ibus'), ('XDG_SESSION_DESKTOP', 'ubuntu'), ('XAUTHORITY', '/run/user/1000/.mutter-Xwaylandauth.FJW132'), ('LS_COLORS', 'rs=0:di=01;34:ln=01;36:mh=00:pi=40;33:so=01;35:do=01;35:bd=40;33;01:cd=40;33;01:or=40;31;01:mi=00:su=37;41:sg=30;43:ca=30;41:tw=30;42:ow=34;42:st=37;44:ex=01;32:*.tar=01;31:*.tgz=01;31:*.arc=01;31:*.arj=01;31:*.taz=01;31:*.lha=01;31:*.lz4=01;31:*.lzh=01;31:*.lzma=01;31:*.tlz=01;31:*.txz=01;31:*.tzo=01;31:*.t7z=01;31:*.zip=01;31:*.z=01;31:*.dz=01;31:*.gz=01;31:*.lrz=01;31:*.lz=01;31:*.lzo=01;31:*.xz=01;31:*.zst=01;31:*.tzst=01;31:*.bz2=01;31:*.bz=01;31:*.tbz=01;31:*.tbz2=01;31:*.tz=01;31:*.deb=01;31:*.rpm=01;31:*.jar=01;31:*.war=01;31:*.ear=01;31:*.sar=01;31:*.rar=01;31:*.alz=01;31:*.ace=01;31:*.zoo=01;31:*.cpio=01;31:*.7z=01;31:*.rz=01;31:*.cab=01;31:*.wim=01;31:*.swm=01;31:*.dwm=01;31:*.esd=01;31:*.jpg=01;35:*.jpeg=01;35:*.mjpg=01;35:*.mjpeg=01;35:*.gif=01;35:*.bmp=01;35:*.pbm=01;35:*.pgm=01;35:*.ppm=01;35:*.tga=01;35:*.xbm=01;35:*.xpm=01;35:*.tif=01;35:*.tiff=01;35:*.png=01;35:*.svg=01;35:*.svgz=01;35:*.mng=01;35:*.pcx=01;35:*.mov=01;35:*.mpg=01;35:*.mpeg=01;35:*.m2v=01;35:*.mkv=01;35:*.webm=01;35:*.webp=01;35:*.ogm=01;35:*.mp4=01;35:*.m4v=01;35:*.mp4v=01;35:*.vob=01;35:*.qt=01;35:*.nuv=01;35:*.wmv=01;35:*.asf=01;35:*.rm=01;35:*.rmvb=01;35:*.flc=01;35:*.avi=01;35:*.fli=01;35:*.flv=01;35:*.gl=01;35:*.dl=01;35:*.xcf=01;35:*.xwd=01;35:*.yuv=01;35:*.cgm=01;35:*.emf=01;35:*.ogv=01;35:*.ogx=01;35:*.aac=00;36:*.au=00;36:*.flac=00;36:*.m4a=00;36:*.mid=00;36:*.midi=00;36:*.mka=00;36:*.mp3=00;36:*.mpc=00;36:*.ogg=00;36:*.ra=00;36:*.wav=00;36:*.oga=00;36:*.opus=00;36:*.spx=00;36:*.xspf=00;36:'), ('VSCODE_GIT_IPC_HANDLE', '/run/user/1000/vscode-git-c6ca62f6e0.sock'), ('TERM_PROGRAM', 'vscode'), ('SSH_AGENT_LAUNCHER', 'gnome-keyring'), ('SSH_AUTH_SOCK', '/run/user/1000/keyring/ssh'), ('AMENT_PREFIX_PATH', '/home/savannah/EECE5554/LAB3/install/imu_driver:/home/savannah/EECE5554/LAB3/install/imu_msg:/home/savannah/EECE5554/LAB1/install/gps_driver:/home/savannah/EECE5554/LAB1/install/gps_message:/opt/ros/humble'), ('ORIGINAL_XDG_CURRENT_DESKTOP', 'ubuntu:GNOME'), ('SHELL', '/bin/bash'), ('QT_ACCESSIBILITY', '1'), ('GDMSESSION', 'ubuntu'), ('LESSCLOSE', '/usr/bin/lesspipe %s %s'), ('GJS_DEBUG_OUTPUT', 'stderr'), ('VSCODE_GIT_ASKPASS_EXTRA_ARGS', ''), ('QT_IM_MODULE', 'ibus'), ('PWD', '/home/savannah/EECE5554/LAB4/build/gps_message'), ('LC_ALL', 'en_US.UTF-8'), ('XDG_CONFIG_DIRS', '/etc/xdg/xdg-ubuntu:/etc/xdg'), ('XDG_DATA_DIRS', '/usr/share/ubuntu:/usr/local/share/:/usr/share/:/var/lib/snapd/desktop'), ('PYTHONPATH', '/home/savannah/EECE5554/LAB3/install/imu_driver/lib/python3.10/site-packages:/home/savannah/EECE5554/LAB3/install/imu_msg/local/lib/python3.10/dist-packages:/home/savannah/EECE5554/LAB1/install/gps_driver/lib/python3.10/site-packages:/home/savannah/EECE5554/LAB1/install/gps_message/local/lib/python3.10/dist-packages:/opt/ros/humble/lib/python3.10/site-packages:/opt/ros/humble/local/lib/python3.10/dist-packages'), ('COLCON', '1'), ('CMAKE_PREFIX_PATH', '/home/savannah/EECE5554/LAB3/install/imu_msg:/home/savannah/EECE5554/LAB1/install/gps_message:/home/savannah/EECE5554/LAB3/install/imu_driver:/home/savannah/EECE5554/LAB1/install/gps_driver:/opt/ros/humble')]), 'shell': False}
[5.881911] (-) TimerEvent: {}
[5.896267] (gps_message) StdoutLine: {'line': b'-- Install configuration: ""\n'}
[5.896437] (gps_message) StdoutLine: {'line': b'-- Installing: /home/savannah/EECE5554/LAB4/install/gps_message/share/ament_index/resource_index/rosidl_interfaces/gps_message\n'}
[5.896489] (gps_message) StdoutLine: {'line': b'-- Installing: /home/savannah/EECE5554/LAB4/install/gps_message/include/gps_message/gps_message\n'}
[5.896537] (gps_message) StdoutLine: {'line': b'-- Installing: /home/savannah/EECE5554/LAB4/install/gps_message/include/gps_message/gps_message/msg\n'}
[5.896575] (gps_message) StdoutLine: {'line': b'-- Installing: /home/savannah/EECE5554/LAB4/install/gps_message/include/gps_message/gps_message/msg/gps_msg.h\n'}
[5.896612] (gps_message) StdoutLine: {'line': b'-- Installing: /home/savannah/EECE5554/LAB4/install/gps_message/include/gps_message/gps_message/msg/detail\n'}
[5.896648] (gps_message) StdoutLine: {'line': b'-- Installing: /home/savannah/EECE5554/LAB4/install/gps_message/include/gps_message/gps_message/msg/detail/gps_msg__functions.h\n'}
[5.896683] (gps_message) StdoutLine: {'line': b'-- Installing: /home/savannah/EECE5554/LAB4/install/gps_message/include/gps_message/gps_message/msg/detail/gps_msg__type_support.h\n'}
[5.896720] (gps_message) StdoutLine: {'line': b'-- Installing: /home/savannah/EECE5554/LAB4/install/gps_message/include/gps_message/gps_message/msg/detail/gps_msg__functions.c\n'}
[5.896756] (gps_message) StdoutLine: {'line': b'-- Installing: /home/savannah/EECE5554/LAB4/install/gps_message/include/gps_message/gps_message/msg/detail/gps_msg__struct.h\n'}
[5.896792] (gps_message) StdoutLine: {'line': b'-- Installing: /home/savannah/EECE5554/LAB4/install/gps_message/include/gps_message/gps_message/msg/rosidl_generator_c__visibility_control.h\n'}
[5.896834] (gps_message) StdoutLine: {'line': b'-- Installing: /home/savannah/EECE5554/LAB4/install/gps_message/share/gps_message/environment/library_path.sh\n'}
[5.896870] (gps_message) StdoutLine: {'line': b'-- Installing: /home/savannah/EECE5554/LAB4/install/gps_message/share/gps_message/environment/library_path.dsv\n'}
[5.896908] (gps_message) StdoutLine: {'line': b'-- Installing: /home/savannah/EECE5554/LAB4/install/gps_message/lib/libgps_message__rosidl_generator_c.so\n'}
[5.896959] (gps_message) StdoutLine: {'line': b'-- Set runtime path of "/home/savannah/EECE5554/LAB4/install/gps_message/lib/libgps_message__rosidl_generator_c.so" to ""\n'}
[5.896997] (gps_message) StdoutLine: {'line': b'-- Up-to-date: /home/savannah/EECE5554/LAB4/install/gps_message/include/gps_message/gps_message\n'}
[5.897033] (gps_message) StdoutLine: {'line': b'-- Up-to-date: /home/savannah/EECE5554/LAB4/install/gps_message/include/gps_message/gps_message/msg\n'}
[5.897069] (gps_message) StdoutLine: {'line': b'-- Up-to-date: /home/savannah/EECE5554/LAB4/install/gps_message/include/gps_message/gps_message/msg/detail\n'}
[5.897103] (gps_message) StdoutLine: {'line': b'-- Installing: /home/savannah/EECE5554/LAB4/install/gps_message/include/gps_message/gps_message/msg/detail/gps_msg__rosidl_typesupport_fastrtps_c.h\n'}
[5.897139] (gps_message) StdoutLine: {'line': b'-- Installing: /home/savannah/EECE5554/LAB4/install/gps_message/include/gps_message/gps_message/msg/rosidl_typesupport_fastrtps_c__visibility_control.h\n'}
[5.897174] (gps_message) StdoutLine: {'line': b'-- Installing: /home/savannah/EECE5554/LAB4/install/gps_message/lib/libgps_message__rosidl_typesupport_fastrtps_c.so\n'}
[5.897210] (gps_message) StdoutLine: {'line': b'-- Set runtime path of "/home/savannah/EECE5554/LAB4/install/gps_message/lib/libgps_message__rosidl_typesupport_fastrtps_c.so" to ""\n'}
[5.897245] (gps_message) StdoutLine: {'line': b'-- Up-to-date: /home/savannah/EECE5554/LAB4/install/gps_message/include/gps_message/gps_message\n'}
[5.897347] (gps_message) StdoutLine: {'line': b'-- Up-to-date: /home/savannah/EECE5554/LAB4/install/gps_message/include/gps_message/gps_message/msg\n'}
[5.897391] (gps_message) StdoutLine: {'line': b'-- Up-to-date: /home/savannah/EECE5554/LAB4/install/gps_message/include/gps_message/gps_message/msg/detail\n'}
[5.897428] (gps_message) StdoutLine: {'line': b'-- Installing: /home/savannah/EECE5554/LAB4/install/gps_message/include/gps_message/gps_message/msg/detail/gps_msg__rosidl_typesupport_introspection_c.h\n'}
[5.897466] (gps_message) StdoutLine: {'line': b'-- Installing: /home/savannah/EECE5554/LAB4/install/gps_message/include/gps_message/gps_message/msg/detail/gps_msg__type_support.c\n'}
[5.897504] (gps_message) StdoutLine: {'line': b'-- Installing: /home/savannah/EECE5554/LAB4/install/gps_message/include/gps_message/gps_message/msg/rosidl_typesupport_introspection_c__visibility_control.h\n'}
[5.897541] (gps_message) StdoutLine: {'line': b'-- Installing: /home/savannah/EECE5554/LAB4/install/gps_message/lib/libgps_message__rosidl_typesupport_introspection_c.so\n'}
[5.901810] (gps_message) StdoutLine: {'line': b'-- Set runtime path of "/home/savannah/EECE5554/LAB4/install/gps_message/lib/libgps_message__rosidl_typesupport_introspection_c.so" to ""\n'}
[5.901952] (gps_message) StdoutLine: {'line': b'-- Installing: /home/savannah/EECE5554/LAB4/install/gps_message/lib/libgps_message__rosidl_typesupport_c.so\n'}
[5.901994] (gps_message) StdoutLine: {'line': b'-- Set runtime path of "/home/savannah/EECE5554/LAB4/install/gps_message/lib/libgps_message__rosidl_typesupport_c.so" to ""\n'}
[5.902032] (gps_message) StdoutLine: {'line': b'-- Up-to-date: /home/savannah/EECE5554/LAB4/install/gps_message/include/gps_message/gps_message\n'}
[5.902069] (gps_message) StdoutLine: {'line': b'-- Up-to-date: /home/savannah/EECE5554/LAB4/install/gps_message/include/gps_message/gps_message/msg\n'}
[5.902107] (gps_message) StdoutLine: {'line': b'-- Installing: /home/savannah/EECE5554/LAB4/install/gps_message/include/gps_message/gps_message/msg/gps_msg.hpp\n'}
[5.902144] (gps_message) StdoutLine: {'line': b'-- Up-to-date: /home/savannah/EECE5554/LAB4/install/gps_message/include/gps_message/gps_message/msg/detail\n'}
[5.902180] (gps_message) StdoutLine: {'line': b'-- Installing: /home/savannah/EECE5554/LAB4/install/gps_message/include/gps_message/gps_message/msg/detail/gps_msg__struct.hpp\n'}
[5.902215] (gps_message) StdoutLine: {'line': b'-- Installing: /home/savannah/EECE5554/LAB4/install/gps_message/include/gps_message/gps_message/msg/detail/gps_msg__traits.hpp\n'}
[5.902253] (gps_message) StdoutLine: {'line': b'-- Installing: /home/savannah/EECE5554/LAB4/install/gps_message/include/gps_message/gps_message/msg/detail/gps_msg__builder.hpp\n'}
[5.902325] (gps_message) StdoutLine: {'line': b'-- Installing: /home/savannah/EECE5554/LAB4/install/gps_message/include/gps_message/gps_message/msg/detail/gps_msg__type_support.hpp\n'}
[5.902367] (gps_message) StdoutLine: {'line': b'-- Installing: /home/savannah/EECE5554/LAB4/install/gps_message/include/gps_message/gps_message/msg/rosidl_generator_cpp__visibility_control.hpp\n'}
[5.902404] (gps_message) StdoutLine: {'line': b'-- Up-to-date: /home/savannah/EECE5554/LAB4/install/gps_message/include/gps_message/gps_message\n'}
[5.902439] (gps_message) StdoutLine: {'line': b'-- Up-to-date: /home/savannah/EECE5554/LAB4/install/gps_message/include/gps_message/gps_message/msg\n'}
[5.902475] (gps_message) StdoutLine: {'line': b'-- Up-to-date: /home/savannah/EECE5554/LAB4/install/gps_message/include/gps_message/gps_message/msg/detail\n'}
[5.902510] (gps_message) StdoutLine: {'line': b'-- Installing: /home/savannah/EECE5554/LAB4/install/gps_message/include/gps_message/gps_message/msg/detail/gps_msg__rosidl_typesupport_fastrtps_cpp.hpp\n'}
[5.902552] (gps_message) StdoutLine: {'line': b'-- Installing: /home/savannah/EECE5554/LAB4/install/gps_message/include/gps_message/gps_message/msg/detail/dds_fastrtps\n'}
[5.902588] (gps_message) StdoutLine: {'line': b'-- Installing: /home/savannah/EECE5554/LAB4/install/gps_message/include/gps_message/gps_message/msg/rosidl_typesupport_fastrtps_cpp__visibility_control.h\n'}
[5.902624] (gps_message) StdoutLine: {'line': b'-- Installing: /home/savannah/EECE5554/LAB4/install/gps_message/lib/libgps_message__rosidl_typesupport_fastrtps_cpp.so\n'}
[5.902660] (gps_message) StdoutLine: {'line': b'-- Set runtime path of "/home/savannah/EECE5554/LAB4/install/gps_message/lib/libgps_message__rosidl_typesupport_fastrtps_cpp.so" to ""\n'}
[5.902695] (gps_message) StdoutLine: {'line': b'-- Up-to-date: /home/savannah/EECE5554/LAB4/install/gps_message/include/gps_message/gps_message\n'}
[5.902730] (gps_message) StdoutLine: {'line': b'-- Up-to-date: /home/savannah/EECE5554/LAB4/install/gps_message/include/gps_message/gps_message/msg\n'}
[5.902768] (gps_message) StdoutLine: {'line': b'-- Up-to-date: /home/savannah/EECE5554/LAB4/install/gps_message/include/gps_message/gps_message/msg/detail\n'}
[5.902803] (gps_message) StdoutLine: {'line': b'-- Installing: /home/savannah/EECE5554/LAB4/install/gps_message/include/gps_message/gps_message/msg/detail/gps_msg__type_support.cpp\n'}
[5.902838] (gps_message) StdoutLine: {'line': b'-- Installing: /home/savannah/EECE5554/LAB4/install/gps_message/include/gps_message/gps_message/msg/detail/gps_msg__rosidl_typesupport_introspection_cpp.hpp\n'}
[5.902875] (gps_message) StdoutLine: {'line': b'-- Installing: /home/savannah/EECE5554/LAB4/install/gps_message/lib/libgps_message__rosidl_typesupport_introspection_cpp.so\n'}
[5.902910] (gps_message) StdoutLine: {'line': b'-- Set runtime path of "/home/savannah/EECE5554/LAB4/install/gps_message/lib/libgps_message__rosidl_typesupport_introspection_cpp.so" to ""\n'}
[5.902946] (gps_message) StdoutLine: {'line': b'-- Installing: /home/savannah/EECE5554/LAB4/install/gps_message/lib/libgps_message__rosidl_typesupport_cpp.so\n'}
[5.902992] (gps_message) StdoutLine: {'line': b'-- Set runtime path of "/home/savannah/EECE5554/LAB4/install/gps_message/lib/libgps_message__rosidl_typesupport_cpp.so" to ""\n'}
[5.903031] (gps_message) StdoutLine: {'line': b'-- Installing: /home/savannah/EECE5554/LAB4/install/gps_message/share/gps_message/environment/pythonpath.sh\n'}
[5.903072] (gps_message) StdoutLine: {'line': b'-- Installing: /home/savannah/EECE5554/LAB4/install/gps_message/share/gps_message/environment/pythonpath.dsv\n'}
[5.903107] (gps_message) StdoutLine: {'line': b'-- Installing: /home/savannah/EECE5554/LAB4/install/gps_message/local/lib/python3.10/dist-packages/gps_message-0.0.0-py3.10.egg-info\n'}
[5.903155] (gps_message) StdoutLine: {'line': b'-- Installing: /home/savannah/EECE5554/LAB4/install/gps_message/local/lib/python3.10/dist-packages/gps_message-0.0.0-py3.10.egg-info/top_level.txt\n'}
[5.910967] (gps_message) StdoutLine: {'line': b'-- Installing: /home/savannah/EECE5554/LAB4/install/gps_message/local/lib/python3.10/dist-packages/gps_message-0.0.0-py3.10.egg-info/dependency_links.txt\n'}
[5.911118] (gps_message) StdoutLine: {'line': b'-- Installing: /home/savannah/EECE5554/LAB4/install/gps_message/local/lib/python3.10/dist-packages/gps_message-0.0.0-py3.10.egg-info/SOURCES.txt\n'}
[5.911162] (gps_message) StdoutLine: {'line': b'-- Installing: /home/savannah/EECE5554/LAB4/install/gps_message/local/lib/python3.10/dist-packages/gps_message-0.0.0-py3.10.egg-info/PKG-INFO\n'}
[5.911200] (gps_message) StdoutLine: {'line': b'-- Installing: /home/savannah/EECE5554/LAB4/install/gps_message/local/lib/python3.10/dist-packages/gps_message\n'}
[5.911237] (gps_message) StdoutLine: {'line': b'-- Installing: /home/savannah/EECE5554/LAB4/install/gps_message/local/lib/python3.10/dist-packages/gps_message/_gps_message_s.ep.rosidl_typesupport_c.c\n'}
[5.911275] (gps_message) StdoutLine: {'line': b'-- Installing: /home/savannah/EECE5554/LAB4/install/gps_message/local/lib/python3.10/dist-packages/gps_message/libgps_message__rosidl_generator_py.so\n'}
[5.911841] (gps_message) StdoutLine: {'line': b'-- Installing: /home/savannah/EECE5554/LAB4/install/gps_message/local/lib/python3.10/dist-packages/gps_message/gps_message_s__rosidl_typesupport_fastrtps_c.cpython-310-x86_64-linux-gnu.so\n'}
[5.911886] (gps_message) StdoutLine: {'line': b'-- Installing: /home/savannah/EECE5554/LAB4/install/gps_message/local/lib/python3.10/dist-packages/gps_message/gps_message_s__rosidl_typesupport_c.cpython-310-x86_64-linux-gnu.so\n'}
[5.911923] (gps_message) StdoutLine: {'line': b'-- Installing: /home/savannah/EECE5554/LAB4/install/gps_message/local/lib/python3.10/dist-packages/gps_message/gps_message_s__rosidl_typesupport_introspection_c.cpython-310-x86_64-linux-gnu.so\n'}
[5.911959] (gps_message) StdoutLine: {'line': b'-- Installing: /home/savannah/EECE5554/LAB4/install/gps_message/local/lib/python3.10/dist-packages/gps_message/_gps_message_s.ep.rosidl_typesupport_fastrtps_c.c\n'}
[5.912002] (gps_message) StdoutLine: {'line': b'-- Installing: /home/savannah/EECE5554/LAB4/install/gps_message/local/lib/python3.10/dist-packages/gps_message/msg\n'}
[5.912037] (gps_message) StdoutLine: {'line': b'-- Installing: /home/savannah/EECE5554/LAB4/install/gps_message/local/lib/python3.10/dist-packages/gps_message/msg/_gps_msg_s.c\n'}
[5.912072] (gps_message) StdoutLine: {'line': b'-- Installing: /home/savannah/EECE5554/LAB4/install/gps_message/local/lib/python3.10/dist-packages/gps_message/msg/_gps_msg.py\n'}
[5.912111] (gps_message) StdoutLine: {'line': b'-- Installing: /home/savannah/EECE5554/LAB4/install/gps_message/local/lib/python3.10/dist-packages/gps_message/msg/__init__.py\n'}
[5.912146] (gps_message) StdoutLine: {'line': b'-- Installing: /home/savannah/EECE5554/LAB4/install/gps_message/local/lib/python3.10/dist-packages/gps_message/__init__.py\n'}
[5.912181] (gps_message) StdoutLine: {'line': b'-- Installing: /home/savannah/EECE5554/LAB4/install/gps_message/local/lib/python3.10/dist-packages/gps_message/_gps_message_s.ep.rosidl_typesupport_introspection_c.c\n'}
[5.912216] (imu_msg) StdoutLine: {'line': b'[ 93%] \x1b[32m\x1b[1mLinking C shared library rosidl_generator_py/imu_msg/imu_msg_s__rosidl_typesupport_introspection_c.cpython-310-x86_64-linux-gnu.so\x1b[0m\n'}
[5.931749] (imu_msg) StdoutLine: {'line': b'[ 96%] \x1b[32m\x1b[1mLinking C shared library rosidl_generator_py/imu_msg/imu_msg_s__rosidl_typesupport_fastrtps_c.cpython-310-x86_64-linux-gnu.so\x1b[0m\n'}
[5.931918] (imu_msg) StdoutLine: {'line': b'[100%] \x1b[32m\x1b[1mLinking C shared library rosidl_generator_py/imu_msg/imu_msg_s__rosidl_typesupport_c.cpython-310-x86_64-linux-gnu.so\x1b[0m\n'}
[5.961422] (gps_message) StdoutLine: {'line': b"Listing '/home/savannah/EECE5554/LAB4/install/gps_message/local/lib/python3.10/dist-packages/gps_message'...\n"}
[5.961583] (gps_message) StdoutLine: {'line': b"Compiling '/home/savannah/EECE5554/LAB4/install/gps_message/local/lib/python3.10/dist-packages/gps_message/__init__.py'...\n"}
[5.961628] (gps_message) StdoutLine: {'line': b"Listing '/home/savannah/EECE5554/LAB4/install/gps_message/local/lib/python3.10/dist-packages/gps_message/msg'...\n"}
[5.961665] (gps_message) StdoutLine: {'line': b"Compiling '/home/savannah/EECE5554/LAB4/install/gps_message/local/lib/python3.10/dist-packages/gps_message/msg/__init__.py'...\n"}
[5.961709] (gps_message) StdoutLine: {'line': b"Compiling '/home/savannah/EECE5554/LAB4/install/gps_message/local/lib/python3.10/dist-packages/gps_message/msg/_gps_msg.py'...\n"}
[5.961747] (imu_msg) StdoutLine: {'line': b'[100%] Built target imu_msg__rosidl_typesupport_introspection_c__pyext\n'}
[5.967213] (gps_message) StdoutLine: {'line': b'-- Installing: /home/savannah/EECE5554/LAB4/install/gps_message/local/lib/python3.10/dist-packages/gps_message/gps_message_s__rosidl_typesupport_fastrtps_c.cpython-310-x86_64-linux-gnu.so\n'}
[5.967371] (gps_message) StdoutLine: {'line': b'-- Set runtime path of "/home/savannah/EECE5554/LAB4/install/gps_message/local/lib/python3.10/dist-packages/gps_message/gps_message_s__rosidl_typesupport_fastrtps_c.cpython-310-x86_64-linux-gnu.so" to ""\n'}
[5.967417] (gps_message) StdoutLine: {'line': b'-- Installing: /home/savannah/EECE5554/LAB4/install/gps_message/local/lib/python3.10/dist-packages/gps_message/gps_message_s__rosidl_typesupport_introspection_c.cpython-310-x86_64-linux-gnu.so\n'}
[5.967455] (gps_message) StdoutLine: {'line': b'-- Set runtime path of "/home/savannah/EECE5554/LAB4/install/gps_message/local/lib/python3.10/dist-packages/gps_message/gps_message_s__rosidl_typesupport_introspection_c.cpython-310-x86_64-linux-gnu.so" to ""\n'}
[5.967494] (gps_message) StdoutLine: {'line': b'-- Installing: /home/savannah/EECE5554/LAB4/install/gps_message/local/lib/python3.10/dist-packages/gps_message/gps_message_s__rosidl_typesupport_c.cpython-310-x86_64-linux-gnu.so\n'}
[5.968399] (gps_message) StdoutLine: {'line': b'-- Set runtime path of "/home/savannah/EECE5554/LAB4/install/gps_message/local/lib/python3.10/dist-packages/gps_message/gps_message_s__rosidl_typesupport_c.cpython-310-x86_64-linux-gnu.so" to ""\n'}
[5.968539] (gps_message) StdoutLine: {'line': b'-- Installing: /home/savannah/EECE5554/LAB4/install/gps_message/lib/libgps_message__rosidl_generator_py.so\n'}
[5.968579] (gps_message) StdoutLine: {'line': b'-- Set runtime path of "/home/savannah/EECE5554/LAB4/install/gps_message/lib/libgps_message__rosidl_generator_py.so" to ""\n'}
[5.968614] (gps_message) StdoutLine: {'line': b'-- Installing: /home/savannah/EECE5554/LAB4/install/gps_message/share/gps_message/msg/GpsMsg.idl\n'}
[5.968647] (gps_message) StdoutLine: {'line': b'-- Installing: /home/savannah/EECE5554/LAB4/install/gps_message/share/gps_message/msg/GpsMsg.msg\n'}
[5.968744] (gps_message) StdoutLine: {'line': b'-- Installing: /home/savannah/EECE5554/LAB4/install/gps_message/share/ament_index/resource_index/package_run_dependencies/gps_message\n'}
[5.968824] (gps_message) StdoutLine: {'line': b'-- Installing: /home/savannah/EECE5554/LAB4/install/gps_message/share/ament_index/resource_index/parent_prefix_path/gps_message\n'}
[5.968865] (gps_message) StdoutLine: {'line': b'-- Installing: /home/savannah/EECE5554/LAB4/install/gps_message/share/gps_message/environment/ament_prefix_path.sh\n'}
[5.968908] (gps_message) StdoutLine: {'line': b'-- Installing: /home/savannah/EECE5554/LAB4/install/gps_message/share/gps_message/environment/ament_prefix_path.dsv\n'}
[5.968977] (gps_message) StdoutLine: {'line': b'-- Installing: /home/savannah/EECE5554/LAB4/install/gps_message/share/gps_message/environment/path.sh\n'}
[5.969019] (gps_message) StdoutLine: {'line': b'-- Installing: /home/savannah/EECE5554/LAB4/install/gps_message/share/gps_message/environment/path.dsv\n'}
[5.969089] (gps_message) StdoutLine: {'line': b'-- Installing: /home/savannah/EECE5554/LAB4/install/gps_message/share/gps_message/local_setup.bash\n'}
[5.969138] (gps_message) StdoutLine: {'line': b'-- Installing: /home/savannah/EECE5554/LAB4/install/gps_message/share/gps_message/local_setup.sh\n'}
[5.969222] (gps_message) StdoutLine: {'line': b'-- Installing: /home/savannah/EECE5554/LAB4/install/gps_message/share/gps_message/local_setup.zsh\n'}
[5.969293] (gps_message) StdoutLine: {'line': b'-- Installing: /home/savannah/EECE5554/LAB4/install/gps_message/share/gps_message/local_setup.dsv\n'}
[5.969378] (gps_message) StdoutLine: {'line': b'-- Installing: /home/savannah/EECE5554/LAB4/install/gps_message/share/gps_message/package.dsv\n'}
[5.972113] (gps_message) StdoutLine: {'line': b'-- Installing: /home/savannah/EECE5554/LAB4/install/gps_message/share/ament_index/resource_index/packages/gps_message\n'}
[5.972284] (gps_message) StdoutLine: {'line': b'-- Installing: /home/savannah/EECE5554/LAB4/install/gps_message/share/gps_message/cmake/export_gps_message__rosidl_generator_cExport.cmake\n'}
[5.972392] (gps_message) StdoutLine: {'line': b'-- Installing: /home/savannah/EECE5554/LAB4/install/gps_message/share/gps_message/cmake/export_gps_message__rosidl_generator_cExport-noconfig.cmake\n'}
[5.972504] (gps_message) StdoutLine: {'line': b'-- Installing: /home/savannah/EECE5554/LAB4/install/gps_message/share/gps_message/cmake/export_gps_message__rosidl_typesupport_fastrtps_cExport.cmake\n'}
[5.972546] (gps_message) StdoutLine: {'line': b'-- Installing: /home/savannah/EECE5554/LAB4/install/gps_message/share/gps_message/cmake/export_gps_message__rosidl_typesupport_fastrtps_cExport-noconfig.cmake\n'}
[5.972603] (gps_message) StdoutLine: {'line': b'-- Installing: /home/savannah/EECE5554/LAB4/install/gps_message/share/gps_message/cmake/gps_message__rosidl_typesupport_introspection_cExport.cmake\n'}
[5.972640] (gps_message) StdoutLine: {'line': b'-- Installing: /home/savannah/EECE5554/LAB4/install/gps_message/share/gps_message/cmake/gps_message__rosidl_typesupport_introspection_cExport-noconfig.cmake\n'}
[5.972679] (gps_message) StdoutLine: {'line': b'-- Installing: /home/savannah/EECE5554/LAB4/install/gps_message/share/gps_message/cmake/gps_message__rosidl_typesupport_cExport.cmake\n'}
[5.972714] (gps_message) StdoutLine: {'line': b'-- Installing: /home/savannah/EECE5554/LAB4/install/gps_message/share/gps_message/cmake/gps_message__rosidl_typesupport_cExport-noconfig.cmake\n'}
[5.972750] (gps_message) StdoutLine: {'line': b'-- Installing: /home/savannah/EECE5554/LAB4/install/gps_message/share/gps_message/cmake/export_gps_message__rosidl_generator_cppExport.cmake\n'}
[5.972784] (gps_message) StdoutLine: {'line': b'-- Installing: /home/savannah/EECE5554/LAB4/install/gps_message/share/gps_message/cmake/export_gps_message__rosidl_typesupport_fastrtps_cppExport.cmake\n'}
[5.972818] (gps_message) StdoutLine: {'line': b'-- Installing: /home/savannah/EECE5554/LAB4/install/gps_message/share/gps_message/cmake/export_gps_message__rosidl_typesupport_fastrtps_cppExport-noconfig.cmake\n'}
[5.972854] (gps_message) StdoutLine: {'line': b'-- Installing: /home/savannah/EECE5554/LAB4/install/gps_message/share/gps_message/cmake/gps_message__rosidl_typesupport_introspection_cppExport.cmake\n'}
[5.972902] (gps_message) StdoutLine: {'line': b'-- Installing: /home/savannah/EECE5554/LAB4/install/gps_message/share/gps_message/cmake/gps_message__rosidl_typesupport_introspection_cppExport-noconfig.cmake\n'}
[5.972938] (gps_message) StdoutLine: {'line': b'-- Installing: /home/savannah/EECE5554/LAB4/install/gps_message/share/gps_message/cmake/gps_message__rosidl_typesupport_cppExport.cmake\n'}
[5.972972] (gps_message) StdoutLine: {'line': b'-- Installing: /home/savannah/EECE5554/LAB4/install/gps_message/share/gps_message/cmake/gps_message__rosidl_typesupport_cppExport-noconfig.cmake\n'}
[5.973007] (gps_message) StdoutLine: {'line': b'-- Installing: /home/savannah/EECE5554/LAB4/install/gps_message/share/gps_message/cmake/export_gps_message__rosidl_generator_pyExport.cmake\n'}
[5.973042] (gps_message) StdoutLine: {'line': b'-- Installing: /home/savannah/EECE5554/LAB4/install/gps_message/share/gps_message/cmake/export_gps_message__rosidl_generator_pyExport-noconfig.cmake\n'}
[5.973077] (gps_message) StdoutLine: {'line': b'-- Installing: /home/savannah/EECE5554/LAB4/install/gps_message/share/gps_message/cmake/rosidl_cmake-extras.cmake\n'}
[5.973112] (gps_message) StdoutLine: {'line': b'-- Installing: /home/savannah/EECE5554/LAB4/install/gps_message/share/gps_message/cmake/ament_cmake_export_dependencies-extras.cmake\n'}
[5.973147] (gps_message) StdoutLine: {'line': b'-- Installing: /home/savannah/EECE5554/LAB4/install/gps_message/share/gps_message/cmake/ament_cmake_export_include_directories-extras.cmake\n'}
[5.973182] (gps_message) StdoutLine: {'line': b'-- Installing: /home/savannah/EECE5554/LAB4/install/gps_message/share/gps_message/cmake/ament_cmake_export_libraries-extras.cmake\n'}
[5.973215] (gps_message) StdoutLine: {'line': b'-- Installing: /home/savannah/EECE5554/LAB4/install/gps_message/share/gps_message/cmake/ament_cmake_export_targets-extras.cmake\n'}
[5.973249] (gps_message) StdoutLine: {'line': b'-- Installing: /home/savannah/EECE5554/LAB4/install/gps_message/share/gps_message/cmake/rosidl_cmake_export_typesupport_targets-extras.cmake\n'}
[5.973304] (gps_message) StdoutLine: {'line': b'-- Installing: /home/savannah/EECE5554/LAB4/install/gps_message/share/gps_message/cmake/rosidl_cmake_export_typesupport_libraries-extras.cmake\n'}
[5.973403] (gps_message) StdoutLine: {'line': b'-- Installing: /home/savannah/EECE5554/LAB4/install/gps_message/share/gps_message/cmake/gps_messageConfig.cmake\n'}
[5.973444] (gps_message) StdoutLine: {'line': b'-- Installing: /home/savannah/EECE5554/LAB4/install/gps_message/share/gps_message/cmake/gps_messageConfig-version.cmake\n'}
[5.973479] (gps_message) StdoutLine: {'line': b'-- Installing: /home/savannah/EECE5554/LAB4/install/gps_message/share/gps_message/package.xml\n'}
[5.974572] (gps_message) CommandEnded: {'returncode': 0}
[5.975576] (imu_msg) StdoutLine: {'line': b'[100%] Built target imu_msg__rosidl_typesupport_fastrtps_c__pyext\n'}
[5.975675] (imu_msg) StdoutLine: {'line': b'[100%] Built target imu_msg__rosidl_typesupport_c__pyext\n'}
[5.986563] (-) TimerEvent: {}
[5.995512] (gps_message) JobEnded: {'identifier': 'gps_message', 'rc': 0}
[5.997172] (gps_driver) JobStarted: {'identifier': 'gps_driver'}
[6.002290] (imu_msg) CommandEnded: {'returncode': 0}
[6.003604] (imu_msg) JobProgress: {'identifier': 'imu_msg', 'progress': 'install'}
[6.005020] (imu_msg) Command: {'cmd': ['/usr/bin/cmake', '--install', '/home/savannah/EECE5554/LAB4/build/imu_msg'], 'cwd': '/home/savannah/EECE5554/LAB4/build/imu_msg', 'env': OrderedDict([('GJS_DEBUG_TOPICS', 'JS ERROR;JS LOG'), ('LESSOPEN', '| /usr/bin/lesspipe %s'), ('USER', 'savannah'), ('XDG_SESSION_TYPE', 'wayland'), ('GIT_ASKPASS', '/usr/share/code/resources/app/extensions/git/dist/askpass.sh'), ('SHLVL', '1'), ('LD_LIBRARY_PATH', '/home/savannah/EECE5554/LAB3/install/imu_msg/lib:/home/savannah/EECE5554/LAB1/install/gps_message/lib:/opt/ros/humble/opt/rviz_ogre_vendor/lib:/opt/ros/humble/lib/x86_64-linux-gnu:/opt/ros/humble/lib'), ('HOME', '/home/savannah'), ('CHROME_DESKTOP', 'code.desktop'), ('OLDPWD', '/home/savannah/EECE5554/LAB1/src'), ('TERM_PROGRAM_VERSION', '1.98.2'), ('DESKTOP_SESSION', 'ubuntu'), ('GIO_LAUNCHED_DESKTOP_FILE', '/usr/share/applications/code.desktop'), ('ROS_PYTHON_VERSION', '3'), ('GNOME_SHELL_SESSION_MODE', 'ubuntu'), ('GTK_MODULES', 'gail:atk-bridge'), ('VSCODE_GIT_ASKPASS_MAIN', '/usr/share/code/resources/app/extensions/git/dist/askpass-main.js'), ('VSCODE_GIT_ASKPASS_NODE', '/usr/share/code/code'), ('MANAGERPID', '1537'), ('PYDEVD_DISABLE_FILE_VALIDATION', '1'), ('SYSTEMD_EXEC_PID', '1701'), ('BUNDLED_DEBUGPY_PATH', '/home/savannah/.vscode/extensions/ms-python.debugpy-2025.4.1-linux-x64/bundled/libs/debugpy'), ('IM_CONFIG_CHECK_ENV', '1'), ('DBUS_SESSION_BUS_ADDRESS', 'unix:path=/run/user/1000/bus'), ('COLORTERM', 'truecolor'), ('GIO_LAUNCHED_DESKTOP_FILE_PID', '5392'), ('IM_CONFIG_PHASE', '1'), ('WAYLAND_DISPLAY', 'wayland-0'), ('COLCON_PREFIX_PATH', '/home/savannah/EECE5554/LAB3/install:/home/savannah/EECE5554/LAB1/install'), ('ROS_DISTRO', 'humble'), ('LOGNAME', 'savannah'), ('JOURNAL_STREAM', '8:13357'), ('_', '/usr/bin/colcon'), ('ROS_VERSION', '2'), ('XDG_SESSION_CLASS', 'user'), ('USERNAME', 'savannah'), ('TERM', 'xterm-256color'), ('GNOME_DESKTOP_SESSION_ID', 'this-is-deprecated'), ('ROS_LOCALHOST_ONLY', '0'), ('PATH', '/home/savannah/.local/bin:/opt/ros/humble/bin:/home/savannah/.local/bin:/usr/local/sbin:/usr/local/bin:/usr/sbin:/usr/bin:/sbin:/bin:/usr/games:/usr/local/games:/snap/bin:/snap/bin:/home/savannah/.vscode/extensions/ms-python.debugpy-2025.4.1-linux-x64/bundled/scripts/noConfigScripts:/home/savannah/.config/Code/User/globalStorage/github.copilot-chat/debugCommand'), ('SESSION_MANAGER', 'local/savannah-VirtualBox:@/tmp/.ICE-unix/1661,unix/savannah-VirtualBox:/tmp/.ICE-unix/1661'), ('INVOCATION_ID', '4cf4a4ac0533494dbc59575410bfcf53'), ('XDG_MENU_PREFIX', 'gnome-'), ('GNOME_SETUP_DISPLAY', ':1'), ('XDG_RUNTIME_DIR', '/run/user/1000'), ('GDK_BACKEND', 'x11'), ('DISPLAY', ':0'), ('VSCODE_DEBUGPY_ADAPTER_ENDPOINTS', '/home/savannah/.vscode/extensions/ms-python.debugpy-2025.4.1-linux-x64/.noConfigDebugAdapterEndpoints/endpoint-70845fa85972ba80.txt'), ('LANG', 'en_US.UTF-8'), ('XDG_CURRENT_DESKTOP', 'Unity'), ('XMODIFIERS', '@im=ibus'), ('XDG_SESSION_DESKTOP', 'ubuntu'), ('XAUTHORITY', '/run/user/1000/.mutter-Xwaylandauth.FJW132'), ('LS_COLORS', 'rs=0:di=01;34:ln=01;36:mh=00:pi=40;33:so=01;35:do=01;35:bd=40;33;01:cd=40;33;01:or=40;31;01:mi=00:su=37;41:sg=30;43:ca=30;41:tw=30;42:ow=34;42:st=37;44:ex=01;32:*.tar=01;31:*.tgz=01;31:*.arc=01;31:*.arj=01;31:*.taz=01;31:*.lha=01;31:*.lz4=01;31:*.lzh=01;31:*.lzma=01;31:*.tlz=01;31:*.txz=01;31:*.tzo=01;31:*.t7z=01;31:*.zip=01;31:*.z=01;31:*.dz=01;31:*.gz=01;31:*.lrz=01;31:*.lz=01;31:*.lzo=01;31:*.xz=01;31:*.zst=01;31:*.tzst=01;31:*.bz2=01;31:*.bz=01;31:*.tbz=01;31:*.tbz2=01;31:*.tz=01;31:*.deb=01;31:*.rpm=01;31:*.jar=01;31:*.war=01;31:*.ear=01;31:*.sar=01;31:*.rar=01;31:*.alz=01;31:*.ace=01;31:*.zoo=01;31:*.cpio=01;31:*.7z=01;31:*.rz=01;31:*.cab=01;31:*.wim=01;31:*.swm=01;31:*.dwm=01;31:*.esd=01;31:*.jpg=01;35:*.jpeg=01;35:*.mjpg=01;35:*.mjpeg=01;35:*.gif=01;35:*.bmp=01;35:*.pbm=01;35:*.pgm=01;35:*.ppm=01;35:*.tga=01;35:*.xbm=01;35:*.xpm=01;35:*.tif=01;35:*.tiff=01;35:*.png=01;35:*.svg=01;35:*.svgz=01;35:*.mng=01;35:*.pcx=01;35:*.mov=01;35:*.mpg=01;35:*.mpeg=01;35:*.m2v=01;35:*.mkv=01;35:*.webm=01;35:*.webp=01;35:*.ogm=01;35:*.mp4=01;35:*.m4v=01;35:*.mp4v=01;35:*.vob=01;35:*.qt=01;35:*.nuv=01;35:*.wmv=01;35:*.asf=01;35:*.rm=01;35:*.rmvb=01;35:*.flc=01;35:*.avi=01;35:*.fli=01;35:*.flv=01;35:*.gl=01;35:*.dl=01;35:*.xcf=01;35:*.xwd=01;35:*.yuv=01;35:*.cgm=01;35:*.emf=01;35:*.ogv=01;35:*.ogx=01;35:*.aac=00;36:*.au=00;36:*.flac=00;36:*.m4a=00;36:*.mid=00;36:*.midi=00;36:*.mka=00;36:*.mp3=00;36:*.mpc=00;36:*.ogg=00;36:*.ra=00;36:*.wav=00;36:*.oga=00;36:*.opus=00;36:*.spx=00;36:*.xspf=00;36:'), ('VSCODE_GIT_IPC_HANDLE', '/run/user/1000/vscode-git-c6ca62f6e0.sock'), ('TERM_PROGRAM', 'vscode'), ('SSH_AGENT_LAUNCHER', 'gnome-keyring'), ('SSH_AUTH_SOCK', '/run/user/1000/keyring/ssh'), ('AMENT_PREFIX_PATH', '/home/savannah/EECE5554/LAB3/install/imu_driver:/home/savannah/EECE5554/LAB3/install/imu_msg:/home/savannah/EECE5554/LAB1/install/gps_driver:/home/savannah/EECE5554/LAB1/install/gps_message:/opt/ros/humble'), ('ORIGINAL_XDG_CURRENT_DESKTOP', 'ubuntu:GNOME'), ('SHELL', '/bin/bash'), ('QT_ACCESSIBILITY', '1'), ('GDMSESSION', 'ubuntu'), ('LESSCLOSE', '/usr/bin/lesspipe %s %s'), ('GJS_DEBUG_OUTPUT', 'stderr'), ('VSCODE_GIT_ASKPASS_EXTRA_ARGS', ''), ('QT_IM_MODULE', 'ibus'), ('PWD', '/home/savannah/EECE5554/LAB4/build/imu_msg'), ('LC_ALL', 'en_US.UTF-8'), ('XDG_CONFIG_DIRS', '/etc/xdg/xdg-ubuntu:/etc/xdg'), ('XDG_DATA_DIRS', '/usr/share/ubuntu:/usr/local/share/:/usr/share/:/var/lib/snapd/desktop'), ('PYTHONPATH', '/home/savannah/EECE5554/LAB3/install/imu_driver/lib/python3.10/site-packages:/home/savannah/EECE5554/LAB3/install/imu_msg/local/lib/python3.10/dist-packages:/home/savannah/EECE5554/LAB1/install/gps_driver/lib/python3.10/site-packages:/home/savannah/EECE5554/LAB1/install/gps_message/local/lib/python3.10/dist-packages:/opt/ros/humble/lib/python3.10/site-packages:/opt/ros/humble/local/lib/python3.10/dist-packages'), ('COLCON', '1'), ('CMAKE_PREFIX_PATH', '/home/savannah/EECE5554/LAB3/install/imu_msg:/home/savannah/EECE5554/LAB1/install/gps_message:/home/savannah/EECE5554/LAB3/install/imu_driver:/home/savannah/EECE5554/LAB1/install/gps_driver:/opt/ros/humble')]), 'shell': False}
[6.019536] (imu_msg) StdoutLine: {'line': b'-- Install configuration: ""\n'}
[6.019705] (imu_msg) StdoutLine: {'line': b'-- Installing: /home/savannah/EECE5554/LAB4/install/imu_msg/share/ament_index/resource_index/rosidl_interfaces/imu_msg\n'}
[6.020769] (imu_msg) StdoutLine: {'line': b'-- Installing: /home/savannah/EECE5554/LAB4/install/imu_msg/include/imu_msg/imu_msg\n'}
[6.020879] (imu_msg) StdoutLine: {'line': b'-- Installing: /home/savannah/EECE5554/LAB4/install/imu_msg/include/imu_msg/imu_msg/msg\n'}
[6.020924] (imu_msg) StdoutLine: {'line': b'-- Installing: /home/savannah/EECE5554/LAB4/install/imu_msg/include/imu_msg/imu_msg/msg/imu_msg.h\n'}
[6.020969] (imu_msg) StdoutLine: {'line': b'-- Installing: /home/savannah/EECE5554/LAB4/install/imu_msg/include/imu_msg/imu_msg/msg/detail\n'}
[6.021036] (imu_msg) StdoutLine: {'line': b'-- Installing: /home/savannah/EECE5554/LAB4/install/imu_msg/include/imu_msg/imu_msg/msg/detail/imu_msg__functions.c\n'}
[6.021085] (imu_msg) StdoutLine: {'line': b'-- Installing: /home/savannah/EECE5554/LAB4/install/imu_msg/include/imu_msg/imu_msg/msg/detail/imu_msg__struct.h\n'}
[6.021125] (imu_msg) StdoutLine: {'line': b'-- Installing: /home/savannah/EECE5554/LAB4/install/imu_msg/include/imu_msg/imu_msg/msg/detail/imu_msg__type_support.h\n'}
[6.021181] (imu_msg) StdoutLine: {'line': b'-- Installing: /home/savannah/EECE5554/LAB4/install/imu_msg/include/imu_msg/imu_msg/msg/detail/imu_msg__functions.h\n'}
[6.021835] (imu_msg) StdoutLine: {'line': b'-- Installing: /home/savannah/EECE5554/LAB4/install/imu_msg/include/imu_msg/imu_msg/msg/rosidl_generator_c__visibility_control.h\n'}
[6.021900] (imu_msg) StdoutLine: {'line': b'-- Installing: /home/savannah/EECE5554/LAB4/install/imu_msg/share/imu_msg/environment/library_path.sh\n'}
[6.021952] (imu_msg) StdoutLine: {'line': b'-- Installing: /home/savannah/EECE5554/LAB4/install/imu_msg/share/imu_msg/environment/library_path.dsv\n'}
[6.021988] (imu_msg) StdoutLine: {'line': b'-- Installing: /home/savannah/EECE5554/LAB4/install/imu_msg/lib/libimu_msg__rosidl_generator_c.so\n'}
[6.022023] (imu_msg) StdoutLine: {'line': b'-- Set runtime path of "/home/savannah/EECE5554/LAB4/install/imu_msg/lib/libimu_msg__rosidl_generator_c.so" to ""\n'}
[6.022059] (imu_msg) StdoutLine: {'line': b'-- Up-to-date: /home/savannah/EECE5554/LAB4/install/imu_msg/include/imu_msg/imu_msg\n'}
[6.022094] (imu_msg) StdoutLine: {'line': b'-- Up-to-date: /home/savannah/EECE5554/LAB4/install/imu_msg/include/imu_msg/imu_msg/msg\n'}
[6.024088] (imu_msg) StdoutLine: {'line': b'-- Up-to-date: /home/savannah/EECE5554/LAB4/install/imu_msg/include/imu_msg/imu_msg/msg/detail\n'}
[6.024222] (imu_msg) StdoutLine: {'line': b'-- Installing: /home/savannah/EECE5554/LAB4/install/imu_msg/include/imu_msg/imu_msg/msg/detail/imu_msg__rosidl_typesupport_fastrtps_c.h\n'}
[6.024262] (imu_msg) StdoutLine: {'line': b'-- Installing: /home/savannah/EECE5554/LAB4/install/imu_msg/include/imu_msg/imu_msg/msg/rosidl_typesupport_fastrtps_c__visibility_control.h\n'}
[6.024582] (imu_msg) StdoutLine: {'line': b'-- Installing: /home/savannah/EECE5554/LAB4/install/imu_msg/lib/libimu_msg__rosidl_typesupport_fastrtps_c.so\n'}
[6.024747] (imu_msg) StdoutLine: {'line': b'-- Set runtime path of "/home/savannah/EECE5554/LAB4/install/imu_msg/lib/libimu_msg__rosidl_typesupport_fastrtps_c.so" to ""\n'}
[6.024817] (imu_msg) StdoutLine: {'line': b'-- Up-to-date: /home/savannah/EECE5554/LAB4/install/imu_msg/include/imu_msg/imu_msg\n'}
[6.024880] (imu_msg) StdoutLine: {'line': b'-- Up-to-date: /home/savannah/EECE5554/LAB4/install/imu_msg/include/imu_msg/imu_msg/msg\n'}
[6.024926] (imu_msg) StdoutLine: {'line': b'-- Installing: /home/savannah/EECE5554/LAB4/install/imu_msg/include/imu_msg/imu_msg/msg/imu_msg.hpp\n'}
[6.024971] (imu_msg) StdoutLine: {'line': b'-- Up-to-date: /home/savannah/EECE5554/LAB4/install/imu_msg/include/imu_msg/imu_msg/msg/detail\n'}
[6.026445] (imu_msg) StdoutLine: {'line': b'-- Installing: /home/savannah/EECE5554/LAB4/install/imu_msg/include/imu_msg/imu_msg/msg/detail/imu_msg__struct.hpp\n'}
[6.026493] (imu_msg) StdoutLine: {'line': b'-- Installing: /home/savannah/EECE5554/LAB4/install/imu_msg/include/imu_msg/imu_msg/msg/detail/imu_msg__traits.hpp\n'}
[6.026529] (imu_msg) StdoutLine: {'line': b'-- Installing: /home/savannah/EECE5554/LAB4/install/imu_msg/include/imu_msg/imu_msg/msg/detail/imu_msg__type_support.hpp\n'}
[6.026565] (imu_msg) StdoutLine: {'line': b'-- Installing: /home/savannah/EECE5554/LAB4/install/imu_msg/include/imu_msg/imu_msg/msg/detail/imu_msg__builder.hpp\n'}
[6.029457] (imu_msg) StdoutLine: {'line': b'-- Installing: /home/savannah/EECE5554/LAB4/install/imu_msg/include/imu_msg/imu_msg/msg/rosidl_generator_cpp__visibility_control.hpp\n'}
[6.029532] (imu_msg) StdoutLine: {'line': b'-- Up-to-date: /home/savannah/EECE5554/LAB4/install/imu_msg/include/imu_msg/imu_msg\n'}
[6.029577] (imu_msg) StdoutLine: {'line': b'-- Up-to-date: /home/savannah/EECE5554/LAB4/install/imu_msg/include/imu_msg/imu_msg/msg\n'}
[6.029694] (imu_msg) StdoutLine: {'line': b'-- Up-to-date: /home/savannah/EECE5554/LAB4/install/imu_msg/include/imu_msg/imu_msg/msg/detail\n'}
[6.029748] (imu_msg) StdoutLine: {'line': b'-- Installing: /home/savannah/EECE5554/LAB4/install/imu_msg/include/imu_msg/imu_msg/msg/detail/dds_fastrtps\n'}
[6.029784] (imu_msg) StdoutLine: {'line': b'-- Installing: /home/savannah/EECE5554/LAB4/install/imu_msg/include/imu_msg/imu_msg/msg/detail/imu_msg__rosidl_typesupport_fastrtps_cpp.hpp\n'}
[6.029829] (imu_msg) StdoutLine: {'line': b'-- Installing: /home/savannah/EECE5554/LAB4/install/imu_msg/include/imu_msg/imu_msg/msg/rosidl_typesupport_fastrtps_cpp__visibility_control.h\n'}
[6.029872] (imu_msg) StdoutLine: {'line': b'-- Installing: /home/savannah/EECE5554/LAB4/install/imu_msg/lib/libimu_msg__rosidl_typesupport_fastrtps_cpp.so\n'}
[6.029968] (imu_msg) StdoutLine: {'line': b'-- Set runtime path of "/home/savannah/EECE5554/LAB4/install/imu_msg/lib/libimu_msg__rosidl_typesupport_fastrtps_cpp.so" to ""\n'}
[6.030017] (imu_msg) StdoutLine: {'line': b'-- Up-to-date: /home/savannah/EECE5554/LAB4/install/imu_msg/include/imu_msg/imu_msg\n'}
[6.030079] (imu_msg) StdoutLine: {'line': b'-- Up-to-date: /home/savannah/EECE5554/LAB4/install/imu_msg/include/imu_msg/imu_msg/msg\n'}
[6.030122] (imu_msg) StdoutLine: {'line': b'-- Up-to-date: /home/savannah/EECE5554/LAB4/install/imu_msg/include/imu_msg/imu_msg/msg/detail\n'}
[6.030166] (imu_msg) StdoutLine: {'line': b'-- Installing: /home/savannah/EECE5554/LAB4/install/imu_msg/include/imu_msg/imu_msg/msg/detail/imu_msg__rosidl_typesupport_introspection_c.h\n'}
[6.030210] (imu_msg) StdoutLine: {'line': b'-- Installing: /home/savannah/EECE5554/LAB4/install/imu_msg/include/imu_msg/imu_msg/msg/detail/imu_msg__type_support.c\n'}
[6.033402] (imu_msg) StdoutLine: {'line': b'-- Installing: /home/savannah/EECE5554/LAB4/install/imu_msg/include/imu_msg/imu_msg/msg/rosidl_typesupport_introspection_c__visibility_control.h\n'}
[6.033550] (imu_msg) StdoutLine: {'line': b'-- Installing: /home/savannah/EECE5554/LAB4/install/imu_msg/lib/libimu_msg__rosidl_typesupport_introspection_c.so\n'}
[6.033599] (imu_msg) StdoutLine: {'line': b'-- Set runtime path of "/home/savannah/EECE5554/LAB4/install/imu_msg/lib/libimu_msg__rosidl_typesupport_introspection_c.so" to ""\n'}
[6.033638] (imu_msg) StdoutLine: {'line': b'-- Installing: /home/savannah/EECE5554/LAB4/install/imu_msg/lib/libimu_msg__rosidl_typesupport_c.so\n'}
[6.033673] (imu_msg) StdoutLine: {'line': b'-- Set runtime path of "/home/savannah/EECE5554/LAB4/install/imu_msg/lib/libimu_msg__rosidl_typesupport_c.so" to ""\n'}
[6.033721] (imu_msg) StdoutLine: {'line': b'-- Up-to-date: /home/savannah/EECE5554/LAB4/install/imu_msg/include/imu_msg/imu_msg\n'}
[6.033757] (imu_msg) StdoutLine: {'line': b'-- Up-to-date: /home/savannah/EECE5554/LAB4/install/imu_msg/include/imu_msg/imu_msg/msg\n'}
[6.033790] (imu_msg) StdoutLine: {'line': b'-- Up-to-date: /home/savannah/EECE5554/LAB4/install/imu_msg/include/imu_msg/imu_msg/msg/detail\n'}
[6.033823] (imu_msg) StdoutLine: {'line': b'-- Installing: /home/savannah/EECE5554/LAB4/install/imu_msg/include/imu_msg/imu_msg/msg/detail/imu_msg__type_support.cpp\n'}
[6.033856] (imu_msg) StdoutLine: {'line': b'-- Installing: /home/savannah/EECE5554/LAB4/install/imu_msg/include/imu_msg/imu_msg/msg/detail/imu_msg__rosidl_typesupport_introspection_cpp.hpp\n'}
[6.033890] (imu_msg) StdoutLine: {'line': b'-- Installing: /home/savannah/EECE5554/LAB4/install/imu_msg/lib/libimu_msg__rosidl_typesupport_introspection_cpp.so\n'}
[6.033923] (imu_msg) StdoutLine: {'line': b'-- Set runtime path of "/home/savannah/EECE5554/LAB4/install/imu_msg/lib/libimu_msg__rosidl_typesupport_introspection_cpp.so" to ""\n'}
[6.033957] (imu_msg) StdoutLine: {'line': b'-- Installing: /home/savannah/EECE5554/LAB4/install/imu_msg/lib/libimu_msg__rosidl_typesupport_cpp.so\n'}
[6.033991] (imu_msg) StdoutLine: {'line': b'-- Set runtime path of "/home/savannah/EECE5554/LAB4/install/imu_msg/lib/libimu_msg__rosidl_typesupport_cpp.so" to ""\n'}
[6.034024] (imu_msg) StdoutLine: {'line': b'-- Installing: /home/savannah/EECE5554/LAB4/install/imu_msg/share/imu_msg/environment/pythonpath.sh\n'}
[6.034060] (imu_msg) StdoutLine: {'line': b'-- Installing: /home/savannah/EECE5554/LAB4/install/imu_msg/share/imu_msg/environment/pythonpath.dsv\n'}
[6.034094] (imu_msg) StdoutLine: {'line': b'-- Installing: /home/savannah/EECE5554/LAB4/install/imu_msg/local/lib/python3.10/dist-packages/imu_msg-0.0.0-py3.10.egg-info\n'}
[6.034165] (imu_msg) StdoutLine: {'line': b'-- Installing: /home/savannah/EECE5554/LAB4/install/imu_msg/local/lib/python3.10/dist-packages/imu_msg-0.0.0-py3.10.egg-info/top_level.txt\n'}
[6.034204] (imu_msg) StdoutLine: {'line': b'-- Installing: /home/savannah/EECE5554/LAB4/install/imu_msg/local/lib/python3.10/dist-packages/imu_msg-0.0.0-py3.10.egg-info/dependency_links.txt\n'}
[6.034238] (imu_msg) StdoutLine: {'line': b'-- Installing: /home/savannah/EECE5554/LAB4/install/imu_msg/local/lib/python3.10/dist-packages/imu_msg-0.0.0-py3.10.egg-info/SOURCES.txt\n'}
[6.034277] (imu_msg) StdoutLine: {'line': b'-- Installing: /home/savannah/EECE5554/LAB4/install/imu_msg/local/lib/python3.10/dist-packages/imu_msg-0.0.0-py3.10.egg-info/PKG-INFO\n'}
[6.034350] (imu_msg) StdoutLine: {'line': b'-- Installing: /home/savannah/EECE5554/LAB4/install/imu_msg/local/lib/python3.10/dist-packages/imu_msg\n'}
[6.034388] (imu_msg) StdoutLine: {'line': b'-- Installing: /home/savannah/EECE5554/LAB4/install/imu_msg/local/lib/python3.10/dist-packages/imu_msg/_imu_msg_s.ep.rosidl_typesupport_c.c\n'}
[6.034422] (imu_msg) StdoutLine: {'line': b'-- Installing: /home/savannah/EECE5554/LAB4/install/imu_msg/local/lib/python3.10/dist-packages/imu_msg/libimu_msg__rosidl_generator_py.so\n'}
[6.034465] (imu_msg) StdoutLine: {'line': b'-- Installing: /home/savannah/EECE5554/LAB4/install/imu_msg/local/lib/python3.10/dist-packages/imu_msg/_imu_msg_s.ep.rosidl_typesupport_introspection_c.c\n'}
[6.034519] (imu_msg) StdoutLine: {'line': b'-- Installing: /home/savannah/EECE5554/LAB4/install/imu_msg/local/lib/python3.10/dist-packages/imu_msg/_imu_msg_s.ep.rosidl_typesupport_fastrtps_c.c\n'}
[6.036745] (imu_msg) StdoutLine: {'line': b'-- Installing: /home/savannah/EECE5554/LAB4/install/imu_msg/local/lib/python3.10/dist-packages/imu_msg/imu_msg_s__rosidl_typesupport_fastrtps_c.cpython-310-x86_64-linux-gnu.so\n'}
[6.036890] (imu_msg) StdoutLine: {'line': b'-- Installing: /home/savannah/EECE5554/LAB4/install/imu_msg/local/lib/python3.10/dist-packages/imu_msg/imu_msg_s__rosidl_typesupport_c.cpython-310-x86_64-linux-gnu.so\n'}
[6.036932] (imu_msg) StdoutLine: {'line': b'-- Installing: /home/savannah/EECE5554/LAB4/install/imu_msg/local/lib/python3.10/dist-packages/imu_msg/imu_msg_s__rosidl_typesupport_introspection_c.cpython-310-x86_64-linux-gnu.so\n'}
[6.036968] (imu_msg) StdoutLine: {'line': b'-- Installing: /home/savannah/EECE5554/LAB4/install/imu_msg/local/lib/python3.10/dist-packages/imu_msg/msg\n'}
[6.037004] (imu_msg) StdoutLine: {'line': b'-- Installing: /home/savannah/EECE5554/LAB4/install/imu_msg/local/lib/python3.10/dist-packages/imu_msg/msg/_imu_msg_s.c\n'}
[6.037038] (imu_msg) StdoutLine: {'line': b'-- Installing: /home/savannah/EECE5554/LAB4/install/imu_msg/local/lib/python3.10/dist-packages/imu_msg/msg/_imu_msg.py\n'}
[6.037071] (imu_msg) StdoutLine: {'line': b'-- Installing: /home/savannah/EECE5554/LAB4/install/imu_msg/local/lib/python3.10/dist-packages/imu_msg/msg/__init__.py\n'}
[6.037104] (imu_msg) StdoutLine: {'line': b'-- Installing: /home/savannah/EECE5554/LAB4/install/imu_msg/local/lib/python3.10/dist-packages/imu_msg/__init__.py\n'}
[6.069050] (imu_msg) StdoutLine: {'line': b"Listing '/home/savannah/EECE5554/LAB4/install/imu_msg/local/lib/python3.10/dist-packages/imu_msg'...\n"}
[6.069219] (imu_msg) StdoutLine: {'line': b"Compiling '/home/savannah/EECE5554/LAB4/install/imu_msg/local/lib/python3.10/dist-packages/imu_msg/__init__.py'...\n"}
[6.069263] (imu_msg) StdoutLine: {'line': b"Listing '/home/savannah/EECE5554/LAB4/install/imu_msg/local/lib/python3.10/dist-packages/imu_msg/msg'...\n"}
[6.069330] (imu_msg) StdoutLine: {'line': b"Compiling '/home/savannah/EECE5554/LAB4/install/imu_msg/local/lib/python3.10/dist-packages/imu_msg/msg/__init__.py'...\n"}
[6.069377] (imu_msg) StdoutLine: {'line': b"Compiling '/home/savannah/EECE5554/LAB4/install/imu_msg/local/lib/python3.10/dist-packages/imu_msg/msg/_imu_msg.py'...\n"}
[6.073684] (imu_msg) StdoutLine: {'line': b'-- Installing: /home/savannah/EECE5554/LAB4/install/imu_msg/local/lib/python3.10/dist-packages/imu_msg/imu_msg_s__rosidl_typesupport_fastrtps_c.cpython-310-x86_64-linux-gnu.so\n'}
[6.073984] (imu_msg) StdoutLine: {'line': b'-- Set runtime path of "/home/savannah/EECE5554/LAB4/install/imu_msg/local/lib/python3.10/dist-packages/imu_msg/imu_msg_s__rosidl_typesupport_fastrtps_c.cpython-310-x86_64-linux-gnu.so" to ""\n'}
[6.074194] (imu_msg) StdoutLine: {'line': b'-- Installing: /home/savannah/EECE5554/LAB4/install/imu_msg/local/lib/python3.10/dist-packages/imu_msg/imu_msg_s__rosidl_typesupport_introspection_c.cpython-310-x86_64-linux-gnu.so\n'}
[6.074845] (imu_msg) StdoutLine: {'line': b'-- Set runtime path of "/home/savannah/EECE5554/LAB4/install/imu_msg/local/lib/python3.10/dist-packages/imu_msg/imu_msg_s__rosidl_typesupport_introspection_c.cpython-310-x86_64-linux-gnu.so" to ""\n'}
[6.075012] (imu_msg) StdoutLine: {'line': b'-- Installing: /home/savannah/EECE5554/LAB4/install/imu_msg/local/lib/python3.10/dist-packages/imu_msg/imu_msg_s__rosidl_typesupport_c.cpython-310-x86_64-linux-gnu.so\n'}
[6.075310] (imu_msg) StdoutLine: {'line': b'-- Set runtime path of "/home/savannah/EECE5554/LAB4/install/imu_msg/local/lib/python3.10/dist-packages/imu_msg/imu_msg_s__rosidl_typesupport_c.cpython-310-x86_64-linux-gnu.so" to ""\n'}
[6.075529] (imu_msg) StdoutLine: {'line': b'-- Installing: /home/savannah/EECE5554/LAB4/install/imu_msg/lib/libimu_msg__rosidl_generator_py.so\n'}
[6.075763] (imu_msg) StdoutLine: {'line': b'-- Set runtime path of "/home/savannah/EECE5554/LAB4/install/imu_msg/lib/libimu_msg__rosidl_generator_py.so" to ""\n'}
[6.076005] (imu_msg) StdoutLine: {'line': b'-- Installing: /home/savannah/EECE5554/LAB4/install/imu_msg/share/imu_msg/msg/ImuMsg.idl\n'}
[6.076054] (imu_msg) StdoutLine: {'line': b'-- Installing: /home/savannah/EECE5554/LAB4/install/imu_msg/share/imu_msg/msg/ImuMsg.msg\n'}
[6.076138] (imu_msg) StdoutLine: {'line': b'-- Installing: /home/savannah/EECE5554/LAB4/install/imu_msg/share/ament_index/resource_index/package_run_dependencies/imu_msg\n'}
[6.076331] (imu_msg) StdoutLine: {'line': b'-- Installing: /home/savannah/EECE5554/LAB4/install/imu_msg/share/ament_index/resource_index/parent_prefix_path/imu_msg\n'}
[6.076461] (imu_msg) StdoutLine: {'line': b'-- Installing: /home/savannah/EECE5554/LAB4/install/imu_msg/share/imu_msg/environment/ament_prefix_path.sh\n'}
[6.076577] (imu_msg) StdoutLine: {'line': b'-- Installing: /home/savannah/EECE5554/LAB4/install/imu_msg/share/imu_msg/environment/ament_prefix_path.dsv\n'}
[6.076747] (imu_msg) StdoutLine: {'line': b'-- Installing: /home/savannah/EECE5554/LAB4/install/imu_msg/share/imu_msg/environment/path.sh\n'}
[6.076913] (imu_msg) StdoutLine: {'line': b'-- Installing: /home/savannah/EECE5554/LAB4/install/imu_msg/share/imu_msg/environment/path.dsv\n'}
[6.077021] (imu_msg) StdoutLine: {'line': b'-- Installing: /home/savannah/EECE5554/LAB4/install/imu_msg/share/imu_msg/local_setup.bash\n'}
[6.077133] (imu_msg) StdoutLine: {'line': b'-- Installing: /home/savannah/EECE5554/LAB4/install/imu_msg/share/imu_msg/local_setup.sh\n'}
[6.077890] (imu_msg) StdoutLine: {'line': b'-- Installing: /home/savannah/EECE5554/LAB4/install/imu_msg/share/imu_msg/local_setup.zsh\n'}
[6.078020] (imu_msg) StdoutLine: {'line': b'-- Installing: /home/savannah/EECE5554/LAB4/install/imu_msg/share/imu_msg/local_setup.dsv\n'}
[6.078068] (imu_msg) StdoutLine: {'line': b'-- Installing: /home/savannah/EECE5554/LAB4/install/imu_msg/share/imu_msg/package.dsv\n'}
[6.078139] (imu_msg) StdoutLine: {'line': b'-- Installing: /home/savannah/EECE5554/LAB4/install/imu_msg/share/ament_index/resource_index/packages/imu_msg\n'}
[6.078176] (imu_msg) StdoutLine: {'line': b'-- Installing: /home/savannah/EECE5554/LAB4/install/imu_msg/share/imu_msg/cmake/export_imu_msg__rosidl_generator_cExport.cmake\n'}
[6.078212] (imu_msg) StdoutLine: {'line': b'-- Installing: /home/savannah/EECE5554/LAB4/install/imu_msg/share/imu_msg/cmake/export_imu_msg__rosidl_generator_cExport-noconfig.cmake\n'}
[6.078350] (imu_msg) StdoutLine: {'line': b'-- Installing: /home/savannah/EECE5554/LAB4/install/imu_msg/share/imu_msg/cmake/export_imu_msg__rosidl_typesupport_fastrtps_cExport.cmake\n'}
[6.078566] (imu_msg) StdoutLine: {'line': b'-- Installing: /home/savannah/EECE5554/LAB4/install/imu_msg/share/imu_msg/cmake/export_imu_msg__rosidl_typesupport_fastrtps_cExport-noconfig.cmake\n'}
[6.078616] (imu_msg) StdoutLine: {'line': b'-- Installing: /home/savannah/EECE5554/LAB4/install/imu_msg/share/imu_msg/cmake/export_imu_msg__rosidl_generator_cppExport.cmake\n'}
[6.078744] (imu_msg) StdoutLine: {'line': b'-- Installing: /home/savannah/EECE5554/LAB4/install/imu_msg/share/imu_msg/cmake/export_imu_msg__rosidl_typesupport_fastrtps_cppExport.cmake\n'}
[6.080292] (imu_msg) StdoutLine: {'line': b'-- Installing: /home/savannah/EECE5554/LAB4/install/imu_msg/share/imu_msg/cmake/export_imu_msg__rosidl_typesupport_fastrtps_cppExport-noconfig.cmake\n'}
[6.080366] (imu_msg) StdoutLine: {'line': b'-- Installing: /home/savannah/EECE5554/LAB4/install/imu_msg/share/imu_msg/cmake/imu_msg__rosidl_typesupport_introspection_cExport.cmake\n'}
[6.080453] (imu_msg) StdoutLine: {'line': b'-- Installing: /home/savannah/EECE5554/LAB4/install/imu_msg/share/imu_msg/cmake/imu_msg__rosidl_typesupport_introspection_cExport-noconfig.cmake\n'}
[6.080498] (imu_msg) StdoutLine: {'line': b'-- Installing: /home/savannah/EECE5554/LAB4/install/imu_msg/share/imu_msg/cmake/imu_msg__rosidl_typesupport_cExport.cmake\n'}
[6.080539] (imu_msg) StdoutLine: {'line': b'-- Installing: /home/savannah/EECE5554/LAB4/install/imu_msg/share/imu_msg/cmake/imu_msg__rosidl_typesupport_cExport-noconfig.cmake\n'}
[6.080578] (imu_msg) StdoutLine: {'line': b'-- Installing: /home/savannah/EECE5554/LAB4/install/imu_msg/share/imu_msg/cmake/imu_msg__rosidl_typesupport_introspection_cppExport.cmake\n'}
[6.080613] (imu_msg) StdoutLine: {'line': b'-- Installing: /home/savannah/EECE5554/LAB4/install/imu_msg/share/imu_msg/cmake/imu_msg__rosidl_typesupport_introspection_cppExport-noconfig.cmake\n'}
[6.080648] (imu_msg) StdoutLine: {'line': b'-- Installing: /home/savannah/EECE5554/LAB4/install/imu_msg/share/imu_msg/cmake/imu_msg__rosidl_typesupport_cppExport.cmake\n'}
[6.080728] (imu_msg) StdoutLine: {'line': b'-- Installing: /home/savannah/EECE5554/LAB4/install/imu_msg/share/imu_msg/cmake/imu_msg__rosidl_typesupport_cppExport-noconfig.cmake\n'}
[6.080771] (imu_msg) StdoutLine: {'line': b'-- Installing: /home/savannah/EECE5554/LAB4/install/imu_msg/share/imu_msg/cmake/export_imu_msg__rosidl_generator_pyExport.cmake\n'}
[6.080807] (imu_msg) StdoutLine: {'line': b'-- Installing: /home/savannah/EECE5554/LAB4/install/imu_msg/share/imu_msg/cmake/export_imu_msg__rosidl_generator_pyExport-noconfig.cmake\n'}
[6.080885] (imu_msg) StdoutLine: {'line': b'-- Installing: /home/savannah/EECE5554/LAB4/install/imu_msg/share/imu_msg/cmake/rosidl_cmake-extras.cmake\n'}
[6.080923] (imu_msg) StdoutLine: {'line': b'-- Installing: /home/savannah/EECE5554/LAB4/install/imu_msg/share/imu_msg/cmake/ament_cmake_export_dependencies-extras.cmake\n'}
[6.080958] (imu_msg) StdoutLine: {'line': b'-- Installing: /home/savannah/EECE5554/LAB4/install/imu_msg/share/imu_msg/cmake/ament_cmake_export_include_directories-extras.cmake\n'}
[6.081002] (imu_msg) StdoutLine: {'line': b'-- Installing: /home/savannah/EECE5554/LAB4/install/imu_msg/share/imu_msg/cmake/ament_cmake_export_libraries-extras.cmake\n'}
[6.081045] (imu_msg) StdoutLine: {'line': b'-- Installing: /home/savannah/EECE5554/LAB4/install/imu_msg/share/imu_msg/cmake/ament_cmake_export_targets-extras.cmake\n'}
[6.081082] (imu_msg) StdoutLine: {'line': b'-- Installing: /home/savannah/EECE5554/LAB4/install/imu_msg/share/imu_msg/cmake/rosidl_cmake_export_typesupport_targets-extras.cmake\n'}
[6.081182] (imu_msg) StdoutLine: {'line': b'-- Installing: /home/savannah/EECE5554/LAB4/install/imu_msg/share/imu_msg/cmake/rosidl_cmake_export_typesupport_libraries-extras.cmake\n'}
[6.081226] (imu_msg) StdoutLine: {'line': b'-- Installing: /home/savannah/EECE5554/LAB4/install/imu_msg/share/imu_msg/cmake/imu_msgConfig.cmake\n'}
[6.081328] (imu_msg) StdoutLine: {'line': b'-- Installing: /home/savannah/EECE5554/LAB4/install/imu_msg/share/imu_msg/cmake/imu_msgConfig-version.cmake\n'}
[6.081690] (imu_msg) StdoutLine: {'line': b'-- Installing: /home/savannah/EECE5554/LAB4/install/imu_msg/share/imu_msg/package.xml\n'}
[6.087748] (-) TimerEvent: {}
[6.188580] (-) TimerEvent: {}
[6.250908] (imu_msg) CommandEnded: {'returncode': 0}
[6.263155] (imu_msg) JobEnded: {'identifier': 'imu_msg', 'rc': 0}
[6.264368] (imu_driver) JobStarted: {'identifier': 'imu_driver'}
[6.288708] (-) TimerEvent: {}
[6.389485] (-) TimerEvent: {}
[6.489927] (-) TimerEvent: {}
[6.565293] (gps_driver) Command: {'cmd': ['/usr/bin/python3', '-W', 'ignore:setup.py install is deprecated', '-W', 'ignore:easy_install command is deprecated', 'setup.py', 'egg_info', '--egg-base', '../../build/gps_driver', 'build', '--build-base', '/home/savannah/EECE5554/LAB4/build/gps_driver/build', 'install', '--record', '/home/savannah/EECE5554/LAB4/build/gps_driver/install.log', '--single-version-externally-managed', 'install_data'], 'cwd': '/home/savannah/EECE5554/LAB4/src/gps_driver', 'env': {'GJS_DEBUG_TOPICS': 'JS ERROR;JS LOG', 'LESSOPEN': '| /usr/bin/lesspipe %s', 'USER': 'savannah', 'XDG_SESSION_TYPE': 'wayland', 'GIT_ASKPASS': '/usr/share/code/resources/app/extensions/git/dist/askpass.sh', 'SHLVL': '1', 'LD_LIBRARY_PATH': '/home/savannah/EECE5554/LAB4/install/gps_message/lib:/home/savannah/EECE5554/LAB3/install/imu_msg/lib:/home/savannah/EECE5554/LAB1/install/gps_message/lib:/opt/ros/humble/opt/rviz_ogre_vendor/lib:/opt/ros/humble/lib/x86_64-linux-gnu:/opt/ros/humble/lib', 'HOME': '/home/savannah', 'CHROME_DESKTOP': 'code.desktop', 'OLDPWD': '/home/savannah/EECE5554/LAB1/src', 'TERM_PROGRAM_VERSION': '1.98.2', 'DESKTOP_SESSION': 'ubuntu', 'GIO_LAUNCHED_DESKTOP_FILE': '/usr/share/applications/code.desktop', 'ROS_PYTHON_VERSION': '3', 'GNOME_SHELL_SESSION_MODE': 'ubuntu', 'GTK_MODULES': 'gail:atk-bridge', 'VSCODE_GIT_ASKPASS_MAIN': '/usr/share/code/resources/app/extensions/git/dist/askpass-main.js', 'VSCODE_GIT_ASKPASS_NODE': '/usr/share/code/code', 'MANAGERPID': '1537', 'PYDEVD_DISABLE_FILE_VALIDATION': '1', 'SYSTEMD_EXEC_PID': '1701', 'BUNDLED_DEBUGPY_PATH': '/home/savannah/.vscode/extensions/ms-python.debugpy-2025.4.1-linux-x64/bundled/libs/debugpy', 'IM_CONFIG_CHECK_ENV': '1', 'DBUS_SESSION_BUS_ADDRESS': 'unix:path=/run/user/1000/bus', 'COLORTERM': 'truecolor', 'GIO_LAUNCHED_DESKTOP_FILE_PID': '5392', 'IM_CONFIG_PHASE': '1', 'WAYLAND_DISPLAY': 'wayland-0', 'COLCON_PREFIX_PATH': '/home/savannah/EECE5554/LAB3/install:/home/savannah/EECE5554/LAB1/install', 'ROS_DISTRO': 'humble', 'LOGNAME': 'savannah', 'JOURNAL_STREAM': '8:13357', '_': '/usr/bin/colcon', 'ROS_VERSION': '2', 'XDG_SESSION_CLASS': 'user', 'USERNAME': 'savannah', 'TERM': 'xterm-256color', 'GNOME_DESKTOP_SESSION_ID': 'this-is-deprecated', 'ROS_LOCALHOST_ONLY': '0', 'PATH': '/home/savannah/.local/bin:/opt/ros/humble/bin:/home/savannah/.local/bin:/usr/local/sbin:/usr/local/bin:/usr/sbin:/usr/bin:/sbin:/bin:/usr/games:/usr/local/games:/snap/bin:/snap/bin:/home/savannah/.vscode/extensions/ms-python.debugpy-2025.4.1-linux-x64/bundled/scripts/noConfigScripts:/home/savannah/.config/Code/User/globalStorage/github.copilot-chat/debugCommand', 'SESSION_MANAGER': 'local/savannah-VirtualBox:@/tmp/.ICE-unix/1661,unix/savannah-VirtualBox:/tmp/.ICE-unix/1661', 'INVOCATION_ID': '4cf4a4ac0533494dbc59575410bfcf53', 'XDG_MENU_PREFIX': 'gnome-', 'GNOME_SETUP_DISPLAY': ':1', 'XDG_RUNTIME_DIR': '/run/user/1000', 'GDK_BACKEND': 'x11', 'DISPLAY': ':0', 'VSCODE_DEBUGPY_ADAPTER_ENDPOINTS': '/home/savannah/.vscode/extensions/ms-python.debugpy-2025.4.1-linux-x64/.noConfigDebugAdapterEndpoints/endpoint-70845fa85972ba80.txt', 'LANG': 'en_US.UTF-8', 'XDG_CURRENT_DESKTOP': 'Unity', 'XMODIFIERS': '@im=ibus', 'XDG_SESSION_DESKTOP': 'ubuntu', 'XAUTHORITY': '/run/user/1000/.mutter-Xwaylandauth.FJW132', 'LS_COLORS': 'rs=0:di=01;34:ln=01;36:mh=00:pi=40;33:so=01;35:do=01;35:bd=40;33;01:cd=40;33;01:or=40;31;01:mi=00:su=37;41:sg=30;43:ca=30;41:tw=30;42:ow=34;42:st=37;44:ex=01;32:*.tar=01;31:*.tgz=01;31:*.arc=01;31:*.arj=01;31:*.taz=01;31:*.lha=01;31:*.lz4=01;31:*.lzh=01;31:*.lzma=01;31:*.tlz=01;31:*.txz=01;31:*.tzo=01;31:*.t7z=01;31:*.zip=01;31:*.z=01;31:*.dz=01;31:*.gz=01;31:*.lrz=01;31:*.lz=01;31:*.lzo=01;31:*.xz=01;31:*.zst=01;31:*.tzst=01;31:*.bz2=01;31:*.bz=01;31:*.tbz=01;31:*.tbz2=01;31:*.tz=01;31:*.deb=01;31:*.rpm=01;31:*.jar=01;31:*.war=01;31:*.ear=01;31:*.sar=01;31:*.rar=01;31:*.alz=01;31:*.ace=01;31:*.zoo=01;31:*.cpio=01;31:*.7z=01;31:*.rz=01;31:*.cab=01;31:*.wim=01;31:*.swm=01;31:*.dwm=01;31:*.esd=01;31:*.jpg=01;35:*.jpeg=01;35:*.mjpg=01;35:*.mjpeg=01;35:*.gif=01;35:*.bmp=01;35:*.pbm=01;35:*.pgm=01;35:*.ppm=01;35:*.tga=01;35:*.xbm=01;35:*.xpm=01;35:*.tif=01;35:*.tiff=01;35:*.png=01;35:*.svg=01;35:*.svgz=01;35:*.mng=01;35:*.pcx=01;35:*.mov=01;35:*.mpg=01;35:*.mpeg=01;35:*.m2v=01;35:*.mkv=01;35:*.webm=01;35:*.webp=01;35:*.ogm=01;35:*.mp4=01;35:*.m4v=01;35:*.mp4v=01;35:*.vob=01;35:*.qt=01;35:*.nuv=01;35:*.wmv=01;35:*.asf=01;35:*.rm=01;35:*.rmvb=01;35:*.flc=01;35:*.avi=01;35:*.fli=01;35:*.flv=01;35:*.gl=01;35:*.dl=01;35:*.xcf=01;35:*.xwd=01;35:*.yuv=01;35:*.cgm=01;35:*.emf=01;35:*.ogv=01;35:*.ogx=01;35:*.aac=00;36:*.au=00;36:*.flac=00;36:*.m4a=00;36:*.mid=00;36:*.midi=00;36:*.mka=00;36:*.mp3=00;36:*.mpc=00;36:*.ogg=00;36:*.ra=00;36:*.wav=00;36:*.oga=00;36:*.opus=00;36:*.spx=00;36:*.xspf=00;36:', 'VSCODE_GIT_IPC_HANDLE': '/run/user/1000/vscode-git-c6ca62f6e0.sock', 'TERM_PROGRAM': 'vscode', 'SSH_AGENT_LAUNCHER': 'gnome-keyring', 'SSH_AUTH_SOCK': '/run/user/1000/keyring/ssh', 'AMENT_PREFIX_PATH': '/home/savannah/EECE5554/LAB4/install/gps_message:/home/savannah/EECE5554/LAB3/install/imu_driver:/home/savannah/EECE5554/LAB3/install/imu_msg:/home/savannah/EECE5554/LAB1/install/gps_driver:/home/savannah/EECE5554/LAB1/install/gps_message:/opt/ros/humble', 'ORIGINAL_XDG_CURRENT_DESKTOP': 'ubuntu:GNOME', 'SHELL': '/bin/bash', 'QT_ACCESSIBILITY': '1', 'GDMSESSION': 'ubuntu', 'LESSCLOSE': '/usr/bin/lesspipe %s %s', 'GJS_DEBUG_OUTPUT': 'stderr', 'VSCODE_GIT_ASKPASS_EXTRA_ARGS': '', 'QT_IM_MODULE': 'ibus', 'PWD': '/home/savannah/EECE5554/LAB4/build/gps_driver', 'LC_ALL': 'en_US.UTF-8', 'XDG_CONFIG_DIRS': '/etc/xdg/xdg-ubuntu:/etc/xdg', 'XDG_DATA_DIRS': '/usr/share/ubuntu:/usr/local/share/:/usr/share/:/var/lib/snapd/desktop', 'PYTHONPATH': '/home/savannah/EECE5554/LAB4/build/gps_driver/prefix_override:/usr/lib/python3/dist-packages/colcon_core/task/python/colcon_distutils_commands:/home/savannah/EECE5554/LAB4/install/gps_driver/lib/python3.10/site-packages:/home/savannah/EECE5554/LAB4/install/gps_message/local/lib/python3.10/dist-packages:/home/savannah/EECE5554/LAB3/install/imu_driver/lib/python3.10/site-packages:/home/savannah/EECE5554/LAB3/install/imu_msg/local/lib/python3.10/dist-packages:/home/savannah/EECE5554/LAB1/install/gps_driver/lib/python3.10/site-packages:/home/savannah/EECE5554/LAB1/install/gps_message/local/lib/python3.10/dist-packages:/opt/ros/humble/lib/python3.10/site-packages:/opt/ros/humble/local/lib/python3.10/dist-packages', 'COLCON': '1', 'CMAKE_PREFIX_PATH': '/home/savannah/EECE5554/LAB4/install/gps_message:/home/savannah/EECE5554/LAB3/install/imu_msg:/home/savannah/EECE5554/LAB1/install/gps_message'}, 'shell': False}
[6.590481] (-) TimerEvent: {}
[6.690864] (-) TimerEvent: {}
[6.772069] (gps_driver) StdoutLine: {'line': b'running egg_info\n'}
[6.772703] (gps_driver) StdoutLine: {'line': b'creating ../../build/gps_driver/gps_driver.egg-info\n'}
[6.773674] (gps_driver) StdoutLine: {'line': b'writing ../../build/gps_driver/gps_driver.egg-info/PKG-INFO\n'}
[6.773802] (gps_driver) StdoutLine: {'line': b'writing dependency_links to ../../build/gps_driver/gps_driver.egg-info/dependency_links.txt\n'}
[6.773871] (gps_driver) StdoutLine: {'line': b'writing entry points to ../../build/gps_driver/gps_driver.egg-info/entry_points.txt\n'}
[6.773964] (gps_driver) StdoutLine: {'line': b'writing requirements to ../../build/gps_driver/gps_driver.egg-info/requires.txt\n'}
[6.774024] (gps_driver) StdoutLine: {'line': b'writing top-level names to ../../build/gps_driver/gps_driver.egg-info/top_level.txt\n'}
[6.774201] (gps_driver) StdoutLine: {'line': b"writing manifest file '../../build/gps_driver/gps_driver.egg-info/SOURCES.txt'\n"}
[6.775323] (gps_driver) StdoutLine: {'line': b"reading manifest file '../../build/gps_driver/gps_driver.egg-info/SOURCES.txt'\n"}
[6.775861] (gps_driver) StdoutLine: {'line': b"adding license file 'LICENSE'\n"}
[6.776160] (gps_driver) StdoutLine: {'line': b"writing manifest file '../../build/gps_driver/gps_driver.egg-info/SOURCES.txt'\n"}
[6.776582] (gps_driver) StdoutLine: {'line': b'running build\n'}
[6.776650] (gps_driver) StdoutLine: {'line': b'running build_py\n'}
[6.778308] (gps_driver) StdoutLine: {'line': b'creating /home/savannah/EECE5554/LAB4/build/gps_driver/build\n'}
[6.778418] (gps_driver) StdoutLine: {'line': b'creating /home/savannah/EECE5554/LAB4/build/gps_driver/build/lib\n'}
[6.778463] (gps_driver) StdoutLine: {'line': b'creating /home/savannah/EECE5554/LAB4/build/gps_driver/build/lib/gps_driver\n'}
[6.778513] (gps_driver) StdoutLine: {'line': b'copying gps_driver/gps_driver.py -> /home/savannah/EECE5554/LAB4/build/gps_driver/build/lib/gps_driver\n'}
[6.778581] (gps_driver) StdoutLine: {'line': b'copying gps_driver/__init__.py -> /home/savannah/EECE5554/LAB4/build/gps_driver/build/lib/gps_driver\n'}
[6.778644] (gps_driver) StdoutLine: {'line': b'running install\n'}
[6.778729] (gps_driver) StdoutLine: {'line': b'running install_lib\n'}
[6.778778] (gps_driver) StdoutLine: {'line': b'creating /home/savannah/EECE5554/LAB4/install/gps_driver/lib/python3.10/site-packages/gps_driver\n'}
[6.778816] (gps_driver) StdoutLine: {'line': b'copying /home/savannah/EECE5554/LAB4/build/gps_driver/build/lib/gps_driver/gps_driver.py -> /home/savannah/EECE5554/LAB4/install/gps_driver/lib/python3.10/site-packages/gps_driver\n'}
[6.778857] (gps_driver) StdoutLine: {'line': b'copying /home/savannah/EECE5554/LAB4/build/gps_driver/build/lib/gps_driver/__init__.py -> /home/savannah/EECE5554/LAB4/install/gps_driver/lib/python3.10/site-packages/gps_driver\n'}
[6.779259] (gps_driver) StdoutLine: {'line': b'byte-compiling /home/savannah/EECE5554/LAB4/install/gps_driver/lib/python3.10/site-packages/gps_driver/gps_driver.py to gps_driver.cpython-310.pyc\n'}
[6.780391] (gps_driver) StdoutLine: {'line': b'byte-compiling /home/savannah/EECE5554/LAB4/install/gps_driver/lib/python3.10/site-packages/gps_driver/__init__.py to __init__.cpython-310.pyc\n'}
[6.781070] (gps_driver) StdoutLine: {'line': b'running install_data\n'}
[6.781167] (gps_driver) StdoutLine: {'line': b'creating /home/savannah/EECE5554/LAB4/install/gps_driver/share/ament_index\n'}
[6.781226] (gps_driver) StdoutLine: {'line': b'creating /home/savannah/EECE5554/LAB4/install/gps_driver/share/ament_index/resource_index\n'}
[6.781306] (gps_driver) StdoutLine: {'line': b'creating /home/savannah/EECE5554/LAB4/install/gps_driver/share/ament_index/resource_index/packages\n'}
[6.781370] (gps_driver) StdoutLine: {'line': b'copying resource/gps_driver -> /home/savannah/EECE5554/LAB4/install/gps_driver/share/ament_index/resource_index/packages\n'}
[6.781419] (gps_driver) StdoutLine: {'line': b'copying package.xml -> /home/savannah/EECE5554/LAB4/install/gps_driver/share/gps_driver\n'}
[6.781466] (gps_driver) StdoutLine: {'line': b'creating /home/savannah/EECE5554/LAB4/install/gps_driver/share/gps_driver/launch\n'}
[6.782309] (gps_driver) StdoutLine: {'line': b'copying launch/driver.launch.py -> /home/savannah/EECE5554/LAB4/install/gps_driver/share/gps_driver/launch\n'}
[6.782416] (gps_driver) StdoutLine: {'line': b'running install_egg_info\n'}
[6.786434] (gps_driver) StdoutLine: {'line': b'Copying ../../build/gps_driver/gps_driver.egg-info to /home/savannah/EECE5554/LAB4/install/gps_driver/lib/python3.10/site-packages/gps_driver-0.0.0-py3.10.egg-info\n'}
[6.786671] (gps_driver) StdoutLine: {'line': b'running install_scripts\n'}
[6.791576] (-) TimerEvent: {}
[6.816109] (gps_driver) StdoutLine: {'line': b'Installing gps_driver script to /home/savannah/EECE5554/LAB4/install/gps_driver/lib/gps_driver\n'}
[6.816679] (gps_driver) StdoutLine: {'line': b"writing list of installed files to '/home/savannah/EECE5554/LAB4/build/gps_driver/install.log'\n"}
[6.855455] (gps_driver) CommandEnded: {'returncode': 0}
[6.860961] (gps_driver) JobEnded: {'identifier': 'gps_driver', 'rc': 0}
[6.894379] (-) TimerEvent: {}
[6.911218] (imu_driver) Command: {'cmd': ['/usr/bin/python3', '-W', 'ignore:setup.py install is deprecated', '-W', 'ignore:easy_install command is deprecated', 'setup.py', 'egg_info', '--egg-base', '../../build/imu_driver', 'build', '--build-base', '/home/savannah/EECE5554/LAB4/build/imu_driver/build', 'install', '--record', '/home/savannah/EECE5554/LAB4/build/imu_driver/install.log', '--single-version-externally-managed', 'install_data'], 'cwd': '/home/savannah/EECE5554/LAB4/src/imu_driver', 'env': {'GJS_DEBUG_TOPICS': 'JS ERROR;JS LOG', 'LESSOPEN': '| /usr/bin/lesspipe %s', 'USER': 'savannah', 'XDG_SESSION_TYPE': 'wayland', 'GIT_ASKPASS': '/usr/share/code/resources/app/extensions/git/dist/askpass.sh', 'SHLVL': '1', 'LD_LIBRARY_PATH': '/home/savannah/EECE5554/LAB4/install/imu_msg/lib:/home/savannah/EECE5554/LAB3/install/imu_msg/lib:/home/savannah/EECE5554/LAB1/install/gps_message/lib:/opt/ros/humble/opt/rviz_ogre_vendor/lib:/opt/ros/humble/lib/x86_64-linux-gnu:/opt/ros/humble/lib', 'HOME': '/home/savannah', 'CHROME_DESKTOP': 'code.desktop', 'OLDPWD': '/home/savannah/EECE5554/LAB1/src', 'TERM_PROGRAM_VERSION': '1.98.2', 'DESKTOP_SESSION': 'ubuntu', 'GIO_LAUNCHED_DESKTOP_FILE': '/usr/share/applications/code.desktop', 'ROS_PYTHON_VERSION': '3', 'GNOME_SHELL_SESSION_MODE': 'ubuntu', 'GTK_MODULES': 'gail:atk-bridge', 'VSCODE_GIT_ASKPASS_MAIN': '/usr/share/code/resources/app/extensions/git/dist/askpass-main.js', 'VSCODE_GIT_ASKPASS_NODE': '/usr/share/code/code', 'MANAGERPID': '1537', 'PYDEVD_DISABLE_FILE_VALIDATION': '1', 'SYSTEMD_EXEC_PID': '1701', 'BUNDLED_DEBUGPY_PATH': '/home/savannah/.vscode/extensions/ms-python.debugpy-2025.4.1-linux-x64/bundled/libs/debugpy', 'IM_CONFIG_CHECK_ENV': '1', 'DBUS_SESSION_BUS_ADDRESS': 'unix:path=/run/user/1000/bus', 'COLORTERM': 'truecolor', 'GIO_LAUNCHED_DESKTOP_FILE_PID': '5392', 'IM_CONFIG_PHASE': '1', 'WAYLAND_DISPLAY': 'wayland-0', 'COLCON_PREFIX_PATH': '/home/savannah/EECE5554/LAB3/install:/home/savannah/EECE5554/LAB1/install', 'ROS_DISTRO': 'humble', 'LOGNAME': 'savannah', 'JOURNAL_STREAM': '8:13357', '_': '/usr/bin/colcon', 'ROS_VERSION': '2', 'XDG_SESSION_CLASS': 'user', 'USERNAME': 'savannah', 'TERM': 'xterm-256color', 'GNOME_DESKTOP_SESSION_ID': 'this-is-deprecated', 'ROS_LOCALHOST_ONLY': '0', 'PATH': '/home/savannah/.local/bin:/opt/ros/humble/bin:/home/savannah/.local/bin:/usr/local/sbin:/usr/local/bin:/usr/sbin:/usr/bin:/sbin:/bin:/usr/games:/usr/local/games:/snap/bin:/snap/bin:/home/savannah/.vscode/extensions/ms-python.debugpy-2025.4.1-linux-x64/bundled/scripts/noConfigScripts:/home/savannah/.config/Code/User/globalStorage/github.copilot-chat/debugCommand', 'SESSION_MANAGER': 'local/savannah-VirtualBox:@/tmp/.ICE-unix/1661,unix/savannah-VirtualBox:/tmp/.ICE-unix/1661', 'INVOCATION_ID': '4cf4a4ac0533494dbc59575410bfcf53', 'XDG_MENU_PREFIX': 'gnome-', 'GNOME_SETUP_DISPLAY': ':1', 'XDG_RUNTIME_DIR': '/run/user/1000', 'GDK_BACKEND': 'x11', 'DISPLAY': ':0', 'VSCODE_DEBUGPY_ADAPTER_ENDPOINTS': '/home/savannah/.vscode/extensions/ms-python.debugpy-2025.4.1-linux-x64/.noConfigDebugAdapterEndpoints/endpoint-70845fa85972ba80.txt', 'LANG': 'en_US.UTF-8', 'XDG_CURRENT_DESKTOP': 'Unity', 'XMODIFIERS': '@im=ibus', 'XDG_SESSION_DESKTOP': 'ubuntu', 'XAUTHORITY': '/run/user/1000/.mutter-Xwaylandauth.FJW132', 'LS_COLORS': 'rs=0:di=01;34:ln=01;36:mh=00:pi=40;33:so=01;35:do=01;35:bd=40;33;01:cd=40;33;01:or=40;31;01:mi=00:su=37;41:sg=30;43:ca=30;41:tw=30;42:ow=34;42:st=37;44:ex=01;32:*.tar=01;31:*.tgz=01;31:*.arc=01;31:*.arj=01;31:*.taz=01;31:*.lha=01;31:*.lz4=01;31:*.lzh=01;31:*.lzma=01;31:*.tlz=01;31:*.txz=01;31:*.tzo=01;31:*.t7z=01;31:*.zip=01;31:*.z=01;31:*.dz=01;31:*.gz=01;31:*.lrz=01;31:*.lz=01;31:*.lzo=01;31:*.xz=01;31:*.zst=01;31:*.tzst=01;31:*.bz2=01;31:*.bz=01;31:*.tbz=01;31:*.tbz2=01;31:*.tz=01;31:*.deb=01;31:*.rpm=01;31:*.jar=01;31:*.war=01;31:*.ear=01;31:*.sar=01;31:*.rar=01;31:*.alz=01;31:*.ace=01;31:*.zoo=01;31:*.cpio=01;31:*.7z=01;31:*.rz=01;31:*.cab=01;31:*.wim=01;31:*.swm=01;31:*.dwm=01;31:*.esd=01;31:*.jpg=01;35:*.jpeg=01;35:*.mjpg=01;35:*.mjpeg=01;35:*.gif=01;35:*.bmp=01;35:*.pbm=01;35:*.pgm=01;35:*.ppm=01;35:*.tga=01;35:*.xbm=01;35:*.xpm=01;35:*.tif=01;35:*.tiff=01;35:*.png=01;35:*.svg=01;35:*.svgz=01;35:*.mng=01;35:*.pcx=01;35:*.mov=01;35:*.mpg=01;35:*.mpeg=01;35:*.m2v=01;35:*.mkv=01;35:*.webm=01;35:*.webp=01;35:*.ogm=01;35:*.mp4=01;35:*.m4v=01;35:*.mp4v=01;35:*.vob=01;35:*.qt=01;35:*.nuv=01;35:*.wmv=01;35:*.asf=01;35:*.rm=01;35:*.rmvb=01;35:*.flc=01;35:*.avi=01;35:*.fli=01;35:*.flv=01;35:*.gl=01;35:*.dl=01;35:*.xcf=01;35:*.xwd=01;35:*.yuv=01;35:*.cgm=01;35:*.emf=01;35:*.ogv=01;35:*.ogx=01;35:*.aac=00;36:*.au=00;36:*.flac=00;36:*.m4a=00;36:*.mid=00;36:*.midi=00;36:*.mka=00;36:*.mp3=00;36:*.mpc=00;36:*.ogg=00;36:*.ra=00;36:*.wav=00;36:*.oga=00;36:*.opus=00;36:*.spx=00;36:*.xspf=00;36:', 'VSCODE_GIT_IPC_HANDLE': '/run/user/1000/vscode-git-c6ca62f6e0.sock', 'TERM_PROGRAM': 'vscode', 'SSH_AGENT_LAUNCHER': 'gnome-keyring', 'SSH_AUTH_SOCK': '/run/user/1000/keyring/ssh', 'AMENT_PREFIX_PATH': '/home/savannah/EECE5554/LAB4/install/imu_msg:/home/savannah/EECE5554/LAB3/install/imu_driver:/home/savannah/EECE5554/LAB3/install/imu_msg:/home/savannah/EECE5554/LAB1/install/gps_driver:/home/savannah/EECE5554/LAB1/install/gps_message:/opt/ros/humble', 'ORIGINAL_XDG_CURRENT_DESKTOP': 'ubuntu:GNOME', 'SHELL': '/bin/bash', 'QT_ACCESSIBILITY': '1', 'GDMSESSION': 'ubuntu', 'LESSCLOSE': '/usr/bin/lesspipe %s %s', 'GJS_DEBUG_OUTPUT': 'stderr', 'VSCODE_GIT_ASKPASS_EXTRA_ARGS': '', 'QT_IM_MODULE': 'ibus', 'PWD': '/home/savannah/EECE5554/LAB4/build/imu_driver', 'LC_ALL': 'en_US.UTF-8', 'XDG_CONFIG_DIRS': '/etc/xdg/xdg-ubuntu:/etc/xdg', 'XDG_DATA_DIRS': '/usr/share/ubuntu:/usr/local/share/:/usr/share/:/var/lib/snapd/desktop', 'PYTHONPATH': '/home/savannah/EECE5554/LAB4/build/imu_driver/prefix_override:/usr/lib/python3/dist-packages/colcon_core/task/python/colcon_distutils_commands:/home/savannah/EECE5554/LAB4/install/imu_driver/lib/python3.10/site-packages:/home/savannah/EECE5554/LAB4/install/imu_msg/local/lib/python3.10/dist-packages:/home/savannah/EECE5554/LAB3/install/imu_driver/lib/python3.10/site-packages:/home/savannah/EECE5554/LAB3/install/imu_msg/local/lib/python3.10/dist-packages:/home/savannah/EECE5554/LAB1/install/gps_driver/lib/python3.10/site-packages:/home/savannah/EECE5554/LAB1/install/gps_message/local/lib/python3.10/dist-packages:/opt/ros/humble/lib/python3.10/site-packages:/opt/ros/humble/local/lib/python3.10/dist-packages', 'COLCON': '1', 'CMAKE_PREFIX_PATH': '/home/savannah/EECE5554/LAB4/install/imu_msg:/home/savannah/EECE5554/LAB3/install/imu_msg:/home/savannah/EECE5554/LAB1/install/gps_message'}, 'shell': False}
[6.994563] (-) TimerEvent: {}
[7.095162] (-) TimerEvent: {}
[7.128610] (imu_driver) StdoutLine: {'line': b'running egg_info\n'}
[7.130038] (imu_driver) StdoutLine: {'line': b'creating ../../build/imu_driver/imu_driver.egg-info\n'}
[7.130149] (imu_driver) StdoutLine: {'line': b'writing ../../build/imu_driver/imu_driver.egg-info/PKG-INFO\n'}
[7.130189] (imu_driver) StdoutLine: {'line': b'writing dependency_links to ../../build/imu_driver/imu_driver.egg-info/dependency_links.txt\n'}
[7.130228] (imu_driver) StdoutLine: {'line': b'writing entry points to ../../build/imu_driver/imu_driver.egg-info/entry_points.txt\n'}
[7.130266] (imu_driver) StdoutLine: {'line': b'writing requirements to ../../build/imu_driver/imu_driver.egg-info/requires.txt\n'}
[7.130334] (imu_driver) StdoutLine: {'line': b'writing top-level names to ../../build/imu_driver/imu_driver.egg-info/top_level.txt\n'}
[7.130374] (imu_driver) StdoutLine: {'line': b"writing manifest file '../../build/imu_driver/imu_driver.egg-info/SOURCES.txt'\n"}
[7.130892] (imu_driver) StdoutLine: {'line': b"reading manifest file '../../build/imu_driver/imu_driver.egg-info/SOURCES.txt'\n"}
[7.130991] (imu_driver) StdoutLine: {'line': b"adding license file 'LICENSE'\n"}
[7.131426] (imu_driver) StdoutLine: {'line': b"writing manifest file '../../build/imu_driver/imu_driver.egg-info/SOURCES.txt'\n"}
[7.131541] (imu_driver) StdoutLine: {'line': b'running build\n'}
[7.131600] (imu_driver) StdoutLine: {'line': b'running build_py\n'}
[7.131740] (imu_driver) StdoutLine: {'line': b'creating /home/savannah/EECE5554/LAB4/build/imu_driver/build\n'}
[7.131981] (imu_driver) StdoutLine: {'line': b'creating /home/savannah/EECE5554/LAB4/build/imu_driver/build/lib\n'}
[7.132043] (imu_driver) StdoutLine: {'line': b'creating /home/savannah/EECE5554/LAB4/build/imu_driver/build/lib/imu_driver\n'}
[7.132090] (imu_driver) StdoutLine: {'line': b'copying imu_driver/imu_driver.py -> /home/savannah/EECE5554/LAB4/build/imu_driver/build/lib/imu_driver\n'}
[7.132127] (imu_driver) StdoutLine: {'line': b'copying imu_driver/__init__.py -> /home/savannah/EECE5554/LAB4/build/imu_driver/build/lib/imu_driver\n'}
[7.132332] (imu_driver) StdoutLine: {'line': b'running install\n'}
[7.132460] (imu_driver) StdoutLine: {'line': b'running install_lib\n'}
[7.132929] (imu_driver) StdoutLine: {'line': b'creating /home/savannah/EECE5554/LAB4/install/imu_driver/lib/python3.10/site-packages/imu_driver\n'}
[7.133036] (imu_driver) StdoutLine: {'line': b'copying /home/savannah/EECE5554/LAB4/build/imu_driver/build/lib/imu_driver/imu_driver.py -> /home/savannah/EECE5554/LAB4/install/imu_driver/lib/python3.10/site-packages/imu_driver\n'}
[7.133170] (imu_driver) StdoutLine: {'line': b'copying /home/savannah/EECE5554/LAB4/build/imu_driver/build/lib/imu_driver/__init__.py -> /home/savannah/EECE5554/LAB4/install/imu_driver/lib/python3.10/site-packages/imu_driver\n'}
[7.134289] (imu_driver) StdoutLine: {'line': b'byte-compiling /home/savannah/EECE5554/LAB4/install/imu_driver/lib/python3.10/site-packages/imu_driver/imu_driver.py to imu_driver.cpython-310.pyc\n'}
[7.134692] (imu_driver) StdoutLine: {'line': b'byte-compiling /home/savannah/EECE5554/LAB4/install/imu_driver/lib/python3.10/site-packages/imu_driver/__init__.py to __init__.cpython-310.pyc\n'}
[7.134823] (imu_driver) StdoutLine: {'line': b'running install_data\n'}
[7.134927] (imu_driver) StdoutLine: {'line': b'creating /home/savannah/EECE5554/LAB4/install/imu_driver/share/ament_index\n'}
[7.135033] (imu_driver) StdoutLine: {'line': b'creating /home/savannah/EECE5554/LAB4/install/imu_driver/share/ament_index/resource_index\n'}
[7.135081] (imu_driver) StdoutLine: {'line': b'creating /home/savannah/EECE5554/LAB4/install/imu_driver/share/ament_index/resource_index/packages\n'}
[7.135119] (imu_driver) StdoutLine: {'line': b'copying resource/imu_driver -> /home/savannah/EECE5554/LAB4/install/imu_driver/share/ament_index/resource_index/packages\n'}
[7.135454] (imu_driver) StdoutLine: {'line': b'copying package.xml -> /home/savannah/EECE5554/LAB4/install/imu_driver/share/imu_driver\n'}
[7.135549] (imu_driver) StdoutLine: {'line': b'creating /home/savannah/EECE5554/LAB4/install/imu_driver/share/imu_driver/launch\n'}
[7.135640] (imu_driver) StdoutLine: {'line': b'copying launch/imu_launch.py -> /home/savannah/EECE5554/LAB4/install/imu_driver/share/imu_driver/launch\n'}
[7.135687] (imu_driver) StdoutLine: {'line': b'running install_egg_info\n'}
[7.138152] (imu_driver) StdoutLine: {'line': b'Copying ../../build/imu_driver/imu_driver.egg-info to /home/savannah/EECE5554/LAB4/install/imu_driver/lib/python3.10/site-packages/imu_driver-0.0.0-py3.10.egg-info\n'}
[7.138574] (imu_driver) StdoutLine: {'line': b'running install_scripts\n'}
[7.157477] (imu_driver) StdoutLine: {'line': b'Installing imu_driver script to /home/savannah/EECE5554/LAB4/install/imu_driver/lib/imu_driver\n'}
[7.157801] (imu_driver) StdoutLine: {'line': b"writing list of installed files to '/home/savannah/EECE5554/LAB4/build/imu_driver/install.log'\n"}
[7.185612] (imu_driver) CommandEnded: {'returncode': 0}
[7.191420] (imu_driver) JobEnded: {'identifier': 'imu_driver', 'rc': 0}
[7.191874] (fusion_driver) JobStarted: {'identifier': 'fusion_driver'}
[7.195305] (-) TimerEvent: {}
[7.295562] (-) TimerEvent: {}
[7.396188] (-) TimerEvent: {}
[7.496555] (-) TimerEvent: {}
[7.599503] (-) TimerEvent: {}
[7.700692] (-) TimerEvent: {}
[7.801190] (-) TimerEvent: {}
[7.845773] (fusion_driver) Command: {'cmd': ['/usr/bin/python3', '-W', 'ignore:setup.py install is deprecated', '-W', 'ignore:easy_install command is deprecated', 'setup.py', 'egg_info', '--egg-base', '../../build/fusion_driver', 'build', '--build-base', '/home/savannah/EECE5554/LAB4/build/fusion_driver/build', 'install', '--record', '/home/savannah/EECE5554/LAB4/build/fusion_driver/install.log', '--single-version-externally-managed', 'install_data'], 'cwd': '/home/savannah/EECE5554/LAB4/src/fusion_driver', 'env': {'GJS_DEBUG_TOPICS': 'JS ERROR;JS LOG', 'LESSOPEN': '| /usr/bin/lesspipe %s', 'USER': 'savannah', 'XDG_SESSION_TYPE': 'wayland', 'GIT_ASKPASS': '/usr/share/code/resources/app/extensions/git/dist/askpass.sh', 'SHLVL': '1', 'LD_LIBRARY_PATH': '/home/savannah/EECE5554/LAB4/install/imu_msg/lib:/home/savannah/EECE5554/LAB4/install/gps_message/lib:/home/savannah/EECE5554/LAB3/install/imu_msg/lib:/home/savannah/EECE5554/LAB1/install/gps_message/lib:/opt/ros/humble/opt/rviz_ogre_vendor/lib:/opt/ros/humble/lib/x86_64-linux-gnu:/opt/ros/humble/lib', 'HOME': '/home/savannah', 'CHROME_DESKTOP': 'code.desktop', 'OLDPWD': '/home/savannah/EECE5554/LAB1/src', 'TERM_PROGRAM_VERSION': '1.98.2', 'DESKTOP_SESSION': 'ubuntu', 'GIO_LAUNCHED_DESKTOP_FILE': '/usr/share/applications/code.desktop', 'ROS_PYTHON_VERSION': '3', 'GNOME_SHELL_SESSION_MODE': 'ubuntu', 'GTK_MODULES': 'gail:atk-bridge', 'VSCODE_GIT_ASKPASS_MAIN': '/usr/share/code/resources/app/extensions/git/dist/askpass-main.js', 'VSCODE_GIT_ASKPASS_NODE': '/usr/share/code/code', 'MANAGERPID': '1537', 'PYDEVD_DISABLE_FILE_VALIDATION': '1', 'SYSTEMD_EXEC_PID': '1701', 'BUNDLED_DEBUGPY_PATH': '/home/savannah/.vscode/extensions/ms-python.debugpy-2025.4.1-linux-x64/bundled/libs/debugpy', 'IM_CONFIG_CHECK_ENV': '1', 'DBUS_SESSION_BUS_ADDRESS': 'unix:path=/run/user/1000/bus', 'COLORTERM': 'truecolor', 'GIO_LAUNCHED_DESKTOP_FILE_PID': '5392', 'IM_CONFIG_PHASE': '1', 'WAYLAND_DISPLAY': 'wayland-0', 'COLCON_PREFIX_PATH': '/home/savannah/EECE5554/LAB3/install:/home/savannah/EECE5554/LAB1/install', 'ROS_DISTRO': 'humble', 'LOGNAME': 'savannah', 'JOURNAL_STREAM': '8:13357', '_': '/usr/bin/colcon', 'ROS_VERSION': '2', 'XDG_SESSION_CLASS': 'user', 'USERNAME': 'savannah', 'TERM': 'xterm-256color', 'GNOME_DESKTOP_SESSION_ID': 'this-is-deprecated', 'ROS_LOCALHOST_ONLY': '0', 'PATH': '/home/savannah/.local/bin:/opt/ros/humble/bin:/home/savannah/.local/bin:/usr/local/sbin:/usr/local/bin:/usr/sbin:/usr/bin:/sbin:/bin:/usr/games:/usr/local/games:/snap/bin:/snap/bin:/home/savannah/.vscode/extensions/ms-python.debugpy-2025.4.1-linux-x64/bundled/scripts/noConfigScripts:/home/savannah/.config/Code/User/globalStorage/github.copilot-chat/debugCommand', 'SESSION_MANAGER': 'local/savannah-VirtualBox:@/tmp/.ICE-unix/1661,unix/savannah-VirtualBox:/tmp/.ICE-unix/1661', 'INVOCATION_ID': '4cf4a4ac0533494dbc59575410bfcf53', 'XDG_MENU_PREFIX': 'gnome-', 'GNOME_SETUP_DISPLAY': ':1', 'XDG_RUNTIME_DIR': '/run/user/1000', 'GDK_BACKEND': 'x11', 'DISPLAY': ':0', 'VSCODE_DEBUGPY_ADAPTER_ENDPOINTS': '/home/savannah/.vscode/extensions/ms-python.debugpy-2025.4.1-linux-x64/.noConfigDebugAdapterEndpoints/endpoint-70845fa85972ba80.txt', 'LANG': 'en_US.UTF-8', 'XDG_CURRENT_DESKTOP': 'Unity', 'XMODIFIERS': '@im=ibus', 'XDG_SESSION_DESKTOP': 'ubuntu', 'XAUTHORITY': '/run/user/1000/.mutter-Xwaylandauth.FJW132', 'LS_COLORS': 'rs=0:di=01;34:ln=01;36:mh=00:pi=40;33:so=01;35:do=01;35:bd=40;33;01:cd=40;33;01:or=40;31;01:mi=00:su=37;41:sg=30;43:ca=30;41:tw=30;42:ow=34;42:st=37;44:ex=01;32:*.tar=01;31:*.tgz=01;31:*.arc=01;31:*.arj=01;31:*.taz=01;31:*.lha=01;31:*.lz4=01;31:*.lzh=01;31:*.lzma=01;31:*.tlz=01;31:*.txz=01;31:*.tzo=01;31:*.t7z=01;31:*.zip=01;31:*.z=01;31:*.dz=01;31:*.gz=01;31:*.lrz=01;31:*.lz=01;31:*.lzo=01;31:*.xz=01;31:*.zst=01;31:*.tzst=01;31:*.bz2=01;31:*.bz=01;31:*.tbz=01;31:*.tbz2=01;31:*.tz=01;31:*.deb=01;31:*.rpm=01;31:*.jar=01;31:*.war=01;31:*.ear=01;31:*.sar=01;31:*.rar=01;31:*.alz=01;31:*.ace=01;31:*.zoo=01;31:*.cpio=01;31:*.7z=01;31:*.rz=01;31:*.cab=01;31:*.wim=01;31:*.swm=01;31:*.dwm=01;31:*.esd=01;31:*.jpg=01;35:*.jpeg=01;35:*.mjpg=01;35:*.mjpeg=01;35:*.gif=01;35:*.bmp=01;35:*.pbm=01;35:*.pgm=01;35:*.ppm=01;35:*.tga=01;35:*.xbm=01;35:*.xpm=01;35:*.tif=01;35:*.tiff=01;35:*.png=01;35:*.svg=01;35:*.svgz=01;35:*.mng=01;35:*.pcx=01;35:*.mov=01;35:*.mpg=01;35:*.mpeg=01;35:*.m2v=01;35:*.mkv=01;35:*.webm=01;35:*.webp=01;35:*.ogm=01;35:*.mp4=01;35:*.m4v=01;35:*.mp4v=01;35:*.vob=01;35:*.qt=01;35:*.nuv=01;35:*.wmv=01;35:*.asf=01;35:*.rm=01;35:*.rmvb=01;35:*.flc=01;35:*.avi=01;35:*.fli=01;35:*.flv=01;35:*.gl=01;35:*.dl=01;35:*.xcf=01;35:*.xwd=01;35:*.yuv=01;35:*.cgm=01;35:*.emf=01;35:*.ogv=01;35:*.ogx=01;35:*.aac=00;36:*.au=00;36:*.flac=00;36:*.m4a=00;36:*.mid=00;36:*.midi=00;36:*.mka=00;36:*.mp3=00;36:*.mpc=00;36:*.ogg=00;36:*.ra=00;36:*.wav=00;36:*.oga=00;36:*.opus=00;36:*.spx=00;36:*.xspf=00;36:', 'VSCODE_GIT_IPC_HANDLE': '/run/user/1000/vscode-git-c6ca62f6e0.sock', 'TERM_PROGRAM': 'vscode', 'SSH_AGENT_LAUNCHER': 'gnome-keyring', 'SSH_AUTH_SOCK': '/run/user/1000/keyring/ssh', 'AMENT_PREFIX_PATH': '/home/savannah/EECE5554/LAB4/install/imu_driver:/home/savannah/EECE5554/LAB4/install/gps_driver:/home/savannah/EECE5554/LAB4/install/imu_msg:/home/savannah/EECE5554/LAB4/install/gps_message:/home/savannah/EECE5554/LAB3/install/imu_driver:/home/savannah/EECE5554/LAB3/install/imu_msg:/home/savannah/EECE5554/LAB1/install/gps_driver:/home/savannah/EECE5554/LAB1/install/gps_message:/opt/ros/humble', 'ORIGINAL_XDG_CURRENT_DESKTOP': 'ubuntu:GNOME', 'SHELL': '/bin/bash', 'QT_ACCESSIBILITY': '1', 'GDMSESSION': 'ubuntu', 'LESSCLOSE': '/usr/bin/lesspipe %s %s', 'GJS_DEBUG_OUTPUT': 'stderr', 'VSCODE_GIT_ASKPASS_EXTRA_ARGS': '', 'QT_IM_MODULE': 'ibus', 'PWD': '/home/savannah/EECE5554/LAB4/build/fusion_driver', 'LC_ALL': 'en_US.UTF-8', 'XDG_CONFIG_DIRS': '/etc/xdg/xdg-ubuntu:/etc/xdg', 'XDG_DATA_DIRS': '/usr/share/ubuntu:/usr/local/share/:/usr/share/:/var/lib/snapd/desktop', 'PYTHONPATH': '/home/savannah/EECE5554/LAB4/build/fusion_driver/prefix_override:/usr/lib/python3/dist-packages/colcon_core/task/python/colcon_distutils_commands:/home/savannah/EECE5554/LAB4/install/fusion_driver/lib/python3.10/site-packages:/home/savannah/EECE5554/LAB4/install/imu_driver/lib/python3.10/site-packages:/home/savannah/EECE5554/LAB4/install/gps_driver/lib/python3.10/site-packages:/home/savannah/EECE5554/LAB4/install/imu_msg/local/lib/python3.10/dist-packages:/home/savannah/EECE5554/LAB4/install/gps_message/local/lib/python3.10/dist-packages:/home/savannah/EECE5554/LAB3/install/imu_driver/lib/python3.10/site-packages:/home/savannah/EECE5554/LAB3/install/imu_msg/local/lib/python3.10/dist-packages:/home/savannah/EECE5554/LAB1/install/gps_driver/lib/python3.10/site-packages:/home/savannah/EECE5554/LAB1/install/gps_message/local/lib/python3.10/dist-packages:/opt/ros/humble/lib/python3.10/site-packages:/opt/ros/humble/local/lib/python3.10/dist-packages', 'COLCON': '1', 'CMAKE_PREFIX_PATH': '/home/savannah/EECE5554/LAB4/install/imu_msg:/home/savannah/EECE5554/LAB4/install/gps_message:/home/savannah/EECE5554/LAB3/install/imu_msg:/home/savannah/EECE5554/LAB1/install/gps_message'}, 'shell': False}
[7.901326] (-) TimerEvent: {}
[8.005355] (-) TimerEvent: {}
[8.105924] (-) TimerEvent: {}
[8.116344] (fusion_driver) StdoutLine: {'line': b'running egg_info\n'}
[8.117392] (fusion_driver) StdoutLine: {'line': b'creating ../../build/fusion_driver/fusion_driver.egg-info\n'}
[8.117912] (fusion_driver) StdoutLine: {'line': b'writing ../../build/fusion_driver/fusion_driver.egg-info/PKG-INFO\n'}
[8.119094] (fusion_driver) StdoutLine: {'line': b'writing dependency_links to ../../build/fusion_driver/fusion_driver.egg-info/dependency_links.txt\n'}
[8.119275] (fusion_driver) StdoutLine: {'line': b'writing entry points to ../../build/fusion_driver/fusion_driver.egg-info/entry_points.txt\n'}
[8.119359] (fusion_driver) StdoutLine: {'line': b'writing requirements to ../../build/fusion_driver/fusion_driver.egg-info/requires.txt\n'}
[8.119422] (fusion_driver) StdoutLine: {'line': b'writing top-level names to ../../build/fusion_driver/fusion_driver.egg-info/top_level.txt\n'}
[8.119464] (fusion_driver) StdoutLine: {'line': b"writing manifest file '../../build/fusion_driver/fusion_driver.egg-info/SOURCES.txt'\n"}
[8.122370] (fusion_driver) StdoutLine: {'line': b"reading manifest file '../../build/fusion_driver/fusion_driver.egg-info/SOURCES.txt'\n"}
[8.122737] (fusion_driver) StdoutLine: {'line': b"adding license file 'LICENSE'\n"}
[8.123511] (fusion_driver) StdoutLine: {'line': b"writing manifest file '../../build/fusion_driver/fusion_driver.egg-info/SOURCES.txt'\n"}
[8.123975] (fusion_driver) StdoutLine: {'line': b'running build\n'}
[8.124094] (fusion_driver) StdoutLine: {'line': b'running build_py\n'}
[8.124486] (fusion_driver) StdoutLine: {'line': b'creating /home/savannah/EECE5554/LAB4/build/fusion_driver/build\n'}
[8.125116] (fusion_driver) StdoutLine: {'line': b'creating /home/savannah/EECE5554/LAB4/build/fusion_driver/build/lib\n'}
[8.125234] (fusion_driver) StdoutLine: {'line': b'creating /home/savannah/EECE5554/LAB4/build/fusion_driver/build/lib/fusion_driver\n'}
[8.125863] (fusion_driver) StdoutLine: {'line': b'copying fusion_driver/__init__.py -> /home/savannah/EECE5554/LAB4/build/fusion_driver/build/lib/fusion_driver\n'}
[8.125949] (fusion_driver) StdoutLine: {'line': b'running install\n'}
[8.126087] (fusion_driver) StdoutLine: {'line': b'running install_lib\n'}
[8.127347] (fusion_driver) StdoutLine: {'line': b'creating /home/savannah/EECE5554/LAB4/install/fusion_driver/lib/python3.10/site-packages/fusion_driver\n'}
[8.128497] (fusion_driver) StdoutLine: {'line': b'copying /home/savannah/EECE5554/LAB4/build/fusion_driver/build/lib/fusion_driver/__init__.py -> /home/savannah/EECE5554/LAB4/install/fusion_driver/lib/python3.10/site-packages/fusion_driver\n'}
[8.129391] (fusion_driver) StdoutLine: {'line': b'byte-compiling /home/savannah/EECE5554/LAB4/install/fusion_driver/lib/python3.10/site-packages/fusion_driver/__init__.py to __init__.cpython-310.pyc\n'}
[8.129517] (fusion_driver) StdoutLine: {'line': b'running install_data\n'}
[8.129575] (fusion_driver) StdoutLine: {'line': b'creating /home/savannah/EECE5554/LAB4/install/fusion_driver/share/ament_index\n'}
[8.129631] (fusion_driver) StdoutLine: {'line': b'creating /home/savannah/EECE5554/LAB4/install/fusion_driver/share/ament_index/resource_index\n'}
[8.129685] (fusion_driver) StdoutLine: {'line': b'creating /home/savannah/EECE5554/LAB4/install/fusion_driver/share/ament_index/resource_index/packages\n'}
[8.129859] (fusion_driver) StdoutLine: {'line': b'copying resource/fusion_driver -> /home/savannah/EECE5554/LAB4/install/fusion_driver/share/ament_index/resource_index/packages\n'}
[8.130197] (fusion_driver) StdoutLine: {'line': b'copying package.xml -> /home/savannah/EECE5554/LAB4/install/fusion_driver/share/fusion_driver\n'}
[8.130705] (fusion_driver) StdoutLine: {'line': b'creating /home/savannah/EECE5554/LAB4/install/fusion_driver/share/fusion_driver/launch\n'}
[8.132812] (fusion_driver) StdoutLine: {'line': b'copying launch/fusion_launch.py -> /home/savannah/EECE5554/LAB4/install/fusion_driver/share/fusion_driver/launch\n'}
[8.132922] (fusion_driver) StdoutLine: {'line': b'running install_egg_info\n'}
[8.135052] (fusion_driver) StdoutLine: {'line': b'Copying ../../build/fusion_driver/fusion_driver.egg-info to /home/savannah/EECE5554/LAB4/install/fusion_driver/lib/python3.10/site-packages/fusion_driver-0.0.0-py3.10.egg-info\n'}
[8.136354] (fusion_driver) StdoutLine: {'line': b'running install_scripts\n'}
[8.160043] (fusion_driver) StdoutLine: {'line': b"writing list of installed files to '/home/savannah/EECE5554/LAB4/build/fusion_driver/install.log'\n"}
[8.194688] (fusion_driver) CommandEnded: {'returncode': 0}
[8.201135] (fusion_driver) JobEnded: {'identifier': 'fusion_driver', 'rc': 0}
[8.201805] (-) EventReactorShutdown: {}
